# ************************************************************
# Sequel Pro SQL dump
# Version 4541
#
# http://www.sequelpro.com/
# https://github.com/sequelpro/sequelpro
#
# Host: localhost (MySQL 5.6.38)
# Database: newForm
# Generation Time: 2018-11-18 06:17:25 +0000
# ************************************************************


/*!40101 SET @OLD_CHARACTER_SET_CLIENT=@@CHARACTER_SET_CLIENT */;
/*!40101 SET @OLD_CHARACTER_SET_RESULTS=@@CHARACTER_SET_RESULTS */;
/*!40101 SET @OLD_COLLATION_CONNECTION=@@COLLATION_CONNECTION */;
/*!40101 SET NAMES utf8 */;
/*!40014 SET @OLD_FOREIGN_KEY_CHECKS=@@FOREIGN_KEY_CHECKS, FOREIGN_KEY_CHECKS=0 */;
/*!40101 SET @OLD_SQL_MODE=@@SQL_MODE, SQL_MODE='NO_AUTO_VALUE_ON_ZERO' */;
/*!40111 SET @OLD_SQL_NOTES=@@SQL_NOTES, SQL_NOTES=0 */;


# Dump of table assetindexdata
# ------------------------------------------------------------

DROP TABLE IF EXISTS `assetindexdata`;

CREATE TABLE `assetindexdata` (
  `id` int(11) NOT NULL AUTO_INCREMENT,
  `sessionId` varchar(36) NOT NULL DEFAULT '',
  `volumeId` int(11) NOT NULL,
  `uri` text,
  `size` bigint(20) unsigned DEFAULT NULL,
  `timestamp` datetime DEFAULT NULL,
  `recordId` int(11) DEFAULT NULL,
  `inProgress` tinyint(1) DEFAULT '0',
  `completed` tinyint(1) DEFAULT '0',
  `dateCreated` datetime NOT NULL,
  `dateUpdated` datetime NOT NULL,
  `uid` char(36) NOT NULL DEFAULT '0',
  PRIMARY KEY (`id`),
  KEY `assetindexdata_sessionId_volumeId_idx` (`sessionId`,`volumeId`),
  KEY `assetindexdata_volumeId_idx` (`volumeId`),
  CONSTRAINT `assetindexdata_volumeId_fk` FOREIGN KEY (`volumeId`) REFERENCES `volumes` (`id`) ON DELETE CASCADE
) ENGINE=InnoDB DEFAULT CHARSET=utf8;



# Dump of table assets
# ------------------------------------------------------------

DROP TABLE IF EXISTS `assets`;

CREATE TABLE `assets` (
  `id` int(11) NOT NULL,
  `volumeId` int(11) DEFAULT NULL,
  `folderId` int(11) NOT NULL,
  `filename` varchar(255) NOT NULL,
  `kind` varchar(50) NOT NULL DEFAULT 'unknown',
  `width` int(11) unsigned DEFAULT NULL,
  `height` int(11) unsigned DEFAULT NULL,
  `size` bigint(20) unsigned DEFAULT NULL,
  `focalPoint` varchar(13) DEFAULT NULL,
  `dateModified` datetime DEFAULT NULL,
  `dateCreated` datetime NOT NULL,
  `dateUpdated` datetime NOT NULL,
  `uid` char(36) NOT NULL DEFAULT '0',
  PRIMARY KEY (`id`),
  UNIQUE KEY `assets_filename_folderId_unq_idx` (`filename`,`folderId`),
  KEY `assets_folderId_idx` (`folderId`),
  KEY `assets_volumeId_idx` (`volumeId`),
  CONSTRAINT `assets_folderId_fk` FOREIGN KEY (`folderId`) REFERENCES `volumefolders` (`id`) ON DELETE CASCADE,
  CONSTRAINT `assets_id_fk` FOREIGN KEY (`id`) REFERENCES `elements` (`id`) ON DELETE CASCADE,
  CONSTRAINT `assets_volumeId_fk` FOREIGN KEY (`volumeId`) REFERENCES `volumes` (`id`) ON DELETE CASCADE
) ENGINE=InnoDB DEFAULT CHARSET=utf8;

LOCK TABLES `assets` WRITE;
/*!40000 ALTER TABLE `assets` DISABLE KEYS */;

INSERT INTO `assets` (`id`, `volumeId`, `folderId`, `filename`, `kind`, `width`, `height`, `size`, `focalPoint`, `dateModified`, `dateCreated`, `dateUpdated`, `uid`)
VALUES
	(5,1,1,'Landscape.jpg','image',3000,2000,110198,NULL,'2018-10-14 05:56:08','2018-10-14 05:56:09','2018-10-14 05:56:09','2a425bb1-c056-496a-baab-cebcc9bc2a7b'),
	(6,1,1,'Portrait.jpg','image',2000,3000,106930,NULL,'2018-10-14 05:56:58','2018-10-14 05:56:58','2018-10-14 05:56:58','4270273d-7cc7-4bdc-9e86-2ddefdbf0876'),
	(18,1,1,'AGI-homepage-laptop.jpg','image',1640,1100,471666,NULL,'2018-10-20 23:40:16','2018-10-20 23:40:16','2018-10-20 23:40:16','d148d6ad-45c5-4cdf-bf67-52f5b89bd77d'),
	(19,1,1,'AGI-dick-elffers-typografie.jpg','image',1410,2370,810152,NULL,'2018-10-20 23:40:18','2018-10-20 23:40:18','2018-10-20 23:40:18','43252ebc-d7a3-4499-a9cc-e46284e6f6ce'),
	(20,1,1,'AGI-dick-elffers-overview.jpg','image',1410,2370,792306,NULL,'2018-10-20 23:40:19','2018-10-20 23:40:20','2018-10-20 23:40:20','370230a3-6b88-4e6e-9774-899b3798a606'),
	(21,1,1,'AGI-massimo-vignelli-knoll.jpg','image',1410,2370,871993,NULL,'2018-10-20 23:40:22','2018-10-20 23:40:22','2018-10-20 23:40:22','1e896900-717d-4d43-9e57-2158f41a0bf8'),
	(22,1,1,'AGI-massimo-vignelli-overview.jpg','image',1410,2370,969336,NULL,'2018-10-20 23:40:24','2018-10-20 23:40:24','2018-10-20 23:40:24','f9aeec6c-604b-46ab-ac1c-23ed1c8bb79e'),
	(23,1,1,'AGI-tony-brook-spin360.jpg','image',1410,2370,768942,NULL,'2018-10-20 23:40:26','2018-10-20 23:40:26','2018-10-20 23:40:26','64f796ef-64a3-4c94-8e90-96cc27cc1980'),
	(24,1,1,'AGI-work.jpg','image',1410,2370,720747,NULL,'2018-10-20 23:40:27','2018-10-20 23:40:28','2018-10-20 23:40:28','f18b1919-3529-4ef9-8b41-f438ed132afc'),
	(25,1,1,'AGI-members.jpg','image',1410,2370,640762,NULL,'2018-10-20 23:40:29','2018-10-20 23:40:29','2018-10-20 23:40:29','6a97c8d1-09fa-4527-995e-1f8408fd866d'),
	(26,1,1,'AGI-tony-brook-overview.jpg','image',1410,2370,576201,NULL,'2018-10-20 23:40:31','2018-10-20 23:40:31','2018-10-20 23:40:31','b0d29b55-5036-46ad-abc8-d939b7f539a6'),
	(34,1,1,'Osko-Identity-Standards-Cover.jpg','image',3280,2200,460256,NULL,'2018-10-21 03:23:59','2018-10-21 03:24:00','2018-10-21 03:24:00','ab5ea812-a24e-4b48-9d73-5552ddd4499e'),
	(35,1,1,'Osko-Identity-Standards-Spreads-2.jpg','image',3280,2200,468443,NULL,'2018-10-21 03:24:02','2018-10-21 03:24:02','2018-10-21 03:24:02','d573015d-0c90-4f87-a971-623a06c9155c'),
	(37,1,1,'Osko-Logo-Horizontal.jpg','image',3280,2200,188481,NULL,'2018-10-21 03:24:05','2018-10-21 03:24:05','2018-10-21 03:24:05','847faa70-c495-45e8-b81b-994db562d6ea'),
	(38,1,1,'Osko-Logo-Vertical.jpg','image',3280,2200,182833,NULL,'2018-10-21 03:24:08','2018-10-21 03:24:08','2018-10-21 03:24:08','3402d53a-d531-46dd-8184-00c6de29e453'),
	(39,1,1,'Osko-Logo.jpg','image',3280,2200,185980,NULL,'2018-10-21 03:24:11','2018-10-21 03:24:11','2018-10-21 03:24:11','b59dfdb6-fdd0-46cc-98bf-97d5783dc773'),
	(44,1,1,'Osko-Bounce.gif','image',1920,1080,277198,NULL,'2018-10-21 03:32:57','2018-10-21 03:32:58','2018-10-21 03:32:58','bf1c2012-ee0d-49d0-98e9-bb7552f7df3c'),
	(45,1,1,'Osko-Jump-ratio.gif','image',1640,1100,248360,NULL,'2018-10-21 10:06:42','2018-10-21 03:32:59','2018-10-21 10:06:42','88b5626c-d9a4-4856-8daf-5e5afdee5fbe'),
	(60,1,1,'google-zoo-logo-horizontal.jpg','image',3280,2200,110862,NULL,'2018-10-21 09:53:33','2018-10-21 09:53:33','2018-10-21 09:53:33','944f7df3-2133-421f-9797-99415165fd14'),
	(61,1,1,'ubank-logo-reveal.gif','image',1462,980,110408,NULL,'2018-10-21 09:56:08','2018-10-21 09:56:08','2018-10-21 09:56:08','7c1931ec-cd2a-4a3b-80ea-1f839ab7b8c8'),
	(62,1,1,'google-zoo-loop-short-2.gif','image',1920,1080,470842,NULL,'2018-10-21 09:58:32','2018-10-21 09:58:34','2018-10-21 09:58:34','8acf5407-44a9-4e67-b320-32f843566836'),
	(63,1,1,'ubank-logo.jpg','image',3280,2200,64618,NULL,'2018-10-21 09:59:00','2018-10-21 09:59:00','2018-10-21 09:59:00','56b0d189-668a-493c-817b-1c874a229106'),
	(64,1,1,'Matter-HomePage-Laptop.jpg','image',1640,1100,223742,NULL,'2018-10-21 09:59:29','2018-10-21 09:59:29','2018-10-21 09:59:29','29b545fe-9981-46f6-8b05-d66b696530d2'),
	(65,1,1,'Osko-Colours3.jpg','image',1640,1100,365833,NULL,'2018-10-21 10:05:12','2018-10-21 10:05:12','2018-10-21 10:05:12','2b36180c-2cb6-4227-ac9c-4b85e61d8af4'),
	(66,1,1,'Osko-Safe-Area2.jpg','image',1640,1100,123877,NULL,'2018-10-21 10:05:20','2018-10-21 10:05:20','2018-10-21 10:05:20','c288c7f4-1842-4dbc-88d7-bed6a5299ad5'),
	(85,1,1,'ubank-folders.jpg','image',3280,2200,850407,NULL,'2018-11-10 06:22:37','2018-11-10 06:22:38','2018-11-10 06:22:38','53d3b23f-aa93-466a-a7bf-8cdf110b16f4'),
	(86,1,1,'ubank-debit-card-2-up-2.jpg','image',3280,2200,785630,NULL,'2018-11-10 06:22:39','2018-11-10 06:22:40','2018-11-10 06:22:40','7539c041-d984-4334-9580-9c7c29a2f09d'),
	(87,1,1,'ubank-debit-card-2-up.jpg','image',3280,2200,718682,NULL,'2018-11-10 06:22:41','2018-11-10 06:22:42','2018-11-10 06:22:42','ae75da11-8df7-4f70-a11a-b0745b456df2'),
	(88,1,1,'ubank-business-cards-2-up.jpg','image',3280,2200,733888,NULL,'2018-11-10 06:22:43','2018-11-10 06:22:43','2018-11-10 06:22:43','44f8e383-4b11-4095-b043-46d287745dd1'),
	(89,1,1,'ubank-contract-pack.jpg','image',3280,2200,859800,NULL,'2018-11-10 06:22:45','2018-11-10 06:22:45','2018-11-10 06:22:45','7b2f3518-49e3-4eb4-83bd-b13423ddc128'),
	(90,1,1,'ubank-suite.jpg','image',3280,2200,1049205,NULL,'2018-11-10 06:22:46','2018-11-10 06:22:47','2018-11-10 06:22:47','5ad88479-e64d-47e9-b004-fc32ceb9cf00'),
	(91,1,1,'ubank-forms.jpg','image',3280,2200,1065332,NULL,'2018-11-10 06:22:48','2018-11-10 06:22:49','2018-11-10 06:22:49','54cd850b-5d42-4fd2-94ee-46043eef48c1'),
	(92,1,1,'ubank-statement.jpg','image',3280,2200,616642,NULL,'2018-11-10 06:22:50','2018-11-10 06:22:50','2018-11-10 06:22:50','45abfe8e-5a52-4dd6-98f8-0cd486beb4a3'),
	(93,1,1,'ubank-JCD-1.jpg','image',1640,2049,595138,NULL,'2018-11-10 06:22:51','2018-11-10 06:22:51','2018-11-10 06:22:51','cecb3ec8-dd07-4134-afc9-44a356ac284f'),
	(94,1,1,'ubank-homepage-laptop.jpg','image',1640,1100,258078,NULL,'2018-11-10 06:22:52','2018-11-10 06:22:52','2018-11-10 06:22:52','8e738e59-a015-4714-a89e-1d839651c140'),
	(95,1,1,'ubank-urhome-laptop.jpg','image',1640,1100,288908,NULL,'2018-11-10 06:22:52','2018-11-10 06:22:53','2018-11-10 06:22:53','40cec9aa-2395-4b53-99c4-df4b3883f304'),
	(96,1,1,'ubank-interior-5.jpg','image',2292,3280,670134,NULL,'2018-11-10 06:22:54','2018-11-10 06:22:54','2018-11-10 06:22:54','bf4cf2f5-7e19-4c85-8d90-d216408f6ffb'),
	(97,1,1,'ubank-interior-4.jpg','image',3280,2186,765029,NULL,'2018-11-10 06:22:56','2018-11-10 06:22:56','2018-11-10 06:22:56','aa456ba2-8df7-4b37-8dd4-f2c817d2803d'),
	(98,1,1,'ubank-interior-3.jpg','image',3280,2186,323225,NULL,'2018-11-10 06:22:57','2018-11-10 06:22:58','2018-11-10 06:22:58','72253d66-43f3-4f3c-b7b6-d105737d6e58'),
	(99,1,1,'ubank-horizontal.jpg','image',3280,2200,216154,NULL,'2018-11-10 06:23:21','2018-11-10 06:23:21','2018-11-10 06:23:21','11c00f88-af6d-4634-9593-4623a7002d1d'),
	(100,1,1,'ubank-about.jpg','image',3280,4029,717830,NULL,'2018-11-10 06:25:33','2018-11-10 06:25:34','2018-11-10 06:25:34','7c9cf850-fd67-4fd6-9444-45adbc623f91'),
	(101,1,1,'ubank-urhome-app.jpg','image',3280,4029,846968,NULL,'2018-11-10 06:25:37','2018-11-10 06:25:37','2018-11-10 06:25:37','a4958f35-b72a-45c1-a25b-be72fc3466dd'),
	(113,1,1,'AusPost-Logo.jpg','image',3280,2200,131245,NULL,'2018-11-10 06:33:49','2018-11-10 06:33:50','2018-11-10 06:33:50','3501718c-e8d8-47d4-91e0-3e42185eb74c'),
	(114,1,1,'AusPost-Logo-Black.jpg','image',3280,2200,117260,NULL,'2018-11-10 06:35:28','2018-11-10 06:35:28','2018-11-10 06:35:28','4e246e81-c872-4ebb-85b3-76491e3fbe2d'),
	(115,1,1,'ACC-homepage.jpg','image',3280,2200,178069,NULL,'2018-11-10 06:38:42','2018-11-10 06:38:43','2018-11-10 06:38:43','8e3abb48-f6db-4d29-bd1e-c6d77bdf0d12'),
	(116,1,1,'Foxtel-Logo-Red.jpg','image',3280,2200,123484,NULL,'2018-11-17 07:03:09','2018-11-10 06:45:16','2018-11-17 07:03:10','75bfb36f-2570-46d4-9e34-4033cd0cae22'),
	(117,1,1,'Foxtel-Logo-Black.jpg','image',3280,2200,119042,NULL,'2018-11-17 07:03:30','2018-11-10 06:45:18','2018-11-17 07:03:30','d2acb592-9986-4f34-ad7d-ee77d067b3a1'),
	(119,1,1,'ShiftCo_App-Homepage.jpg','image',3280,2200,328552,NULL,'2018-11-10 06:58:05','2018-11-10 06:58:06','2018-11-10 06:58:06','6ab32c2c-758e-4eb4-b16d-b7194f788164'),
	(120,1,1,'ShiftCo_Sales-Homepage.jpg','image',3280,2200,210644,NULL,'2018-11-10 06:58:07','2018-11-10 06:58:08','2018-11-10 06:58:08','95e41f7a-1181-479c-bd63-4fb008099adf'),
	(122,1,1,'BBwines-bottle-row-mix.jpg','image',2000,1500,706629,NULL,'2018-11-10 07:02:33','2018-11-10 07:02:33','2018-11-10 07:02:33','213f1be1-80a8-4638-ab1a-0641200ede7d'),
	(123,1,1,'bb-wines-business-cards.jpg','image',3280,2200,495372,NULL,'2018-11-10 07:05:31','2018-11-10 07:03:27','2018-11-10 07:05:32','28d17226-8b71-457d-b95a-04a19eb6748b'),
	(124,1,1,'bb-wines-estate.jpg','image',766,1047,637270,NULL,'2018-11-10 07:03:28','2018-11-10 07:03:28','2018-11-10 07:03:28','95092086-5b0a-48ee-9c6f-bdfc4d8d3008'),
	(125,1,1,'bb-wines-folder.jpg','image',3280,2200,779340,NULL,'2018-11-10 07:03:30','2018-11-10 07:03:30','2018-11-10 07:03:30','75cbacf7-89c5-40af-b4d3-f4221407b083'),
	(126,1,1,'bb-wines-homepage-laptop.jpg','image',1640,1100,489575,NULL,'2018-11-10 07:03:31','2018-11-10 07:03:31','2018-11-10 07:03:31','9632a5dd-3ff4-49b6-9694-bd6c0a85ac73'),
	(127,1,1,'bb-wines-homepage.jpg','image',3280,2007,958394,NULL,'2018-11-10 07:03:32','2018-11-10 07:03:33','2018-11-10 07:03:33','b6062841-f6d8-4a0d-b827-57cd87e3bd04'),
	(128,1,1,'bb-wines-horizontal.jpg','image',3280,2200,245401,NULL,'2018-11-10 07:03:34','2018-11-10 07:03:34','2018-11-10 07:03:34','7e75c8c1-cb83-4337-a7ae-2f4adf4abdc4'),
	(129,1,1,'bb-wines-logo-loop.gif','image',1280,720,489509,NULL,'2018-11-10 07:03:35','2018-11-10 07:03:35','2018-11-10 07:03:35','7828f732-af27-4f4e-a23a-5b7a4e1da49d'),
	(130,1,1,'bb-wines-logo.jpg','image',3280,2200,272516,NULL,'2018-11-10 07:03:38','2018-11-10 07:03:38','2018-11-10 07:03:38','f76ae509-fa69-4196-b897-921fc80504b9'),
	(131,1,1,'bb-wines-menu.jpg','image',3280,2008,317665,NULL,'2018-11-10 07:03:39','2018-11-10 07:03:40','2018-11-10 07:03:40','b19c473e-b321-4af4-9729-838c8ee7f8e2'),
	(132,1,1,'bb-wines-suite-1.jpg','image',3280,2200,819449,NULL,'2018-11-10 07:03:41','2018-11-10 07:03:42','2018-11-10 07:03:42','1625be51-473b-4188-84dc-faf063fd3c2a'),
	(133,1,1,'bb-wines-suite-2.jpg','image',3280,2200,768479,NULL,'2018-11-10 07:03:43','2018-11-10 07:03:44','2018-11-10 07:03:44','1acdd320-d952-4d09-b29b-d184ce90f06d'),
	(134,1,1,'bb-wines-suite-3.jpg','image',3280,2200,803922,NULL,'2018-11-10 07:03:45','2018-11-10 07:03:46','2018-11-10 07:03:46','d376fb36-2f2b-436a-bb30-5c15b4978130'),
	(135,1,1,'bb-wines-vineyard.jpg','image',1640,3633,953295,NULL,'2018-11-10 07:03:47','2018-11-10 07:03:47','2018-11-10 07:03:47','628d9385-a0db-416a-8978-0a960d3db969'),
	(137,1,1,'BBwines-bottle-mix-stagger-2.jpg','image',2256,1692,724358,NULL,'2018-11-10 07:06:21','2018-11-10 07:06:21','2018-11-10 07:06:21','5f1aff68-082c-44ca-9628-982f3af7c0cb'),
	(148,1,1,'MMM-Loop.gif','image',1640,1100,318317,NULL,'2018-11-10 07:08:12','2018-11-10 07:08:12','2018-11-10 07:08:12','557540a4-6757-4332-96e5-b20ccdd1cecf'),
	(149,1,1,'MMM-1.jpg','image',1640,1100,372964,NULL,'2018-11-10 07:08:37','2018-11-10 07:08:37','2018-11-10 07:08:37','037efe8f-5815-46d6-aca9-4fa143678266'),
	(150,1,1,'MMM-2.jpg','image',1640,1100,356522,NULL,'2018-11-10 07:08:38','2018-11-10 07:08:38','2018-11-10 07:08:38','058cd6a3-4120-4fc3-b0fb-9ac52ce9e850'),
	(151,1,1,'MMM-4.jpg','image',1640,1100,237942,NULL,'2018-11-10 07:08:38','2018-11-10 07:08:39','2018-11-10 07:08:39','21a27af9-5c0b-47b9-bbb9-31dd64b3f272'),
	(156,1,1,'Agi-Open-HomePage-Laptop.jpg','image',1640,1100,190015,NULL,'2018-11-10 07:12:00','2018-11-10 07:12:00','2018-11-10 07:12:00','3a40d7ab-f271-4d14-a812-8913d3c416f2'),
	(157,1,1,'Wired-logo.jpg','image',3280,2200,215799,NULL,'2018-11-10 07:12:59','2018-11-10 07:12:59','2018-11-10 07:12:59','113808bf-afba-49d5-9163-73608e191d1a'),
	(158,1,1,'Delfina-Foundation-logo-df.jpg','image',1640,1100,18588,NULL,'2018-11-10 07:13:52','2018-11-10 07:13:52','2018-11-10 07:13:52','22bbe8ea-07b1-4669-b9bc-8c2a893d6ee3'),
	(159,1,1,'Edmund-de-Waal-HomePage-laptop.jpg','image',1640,1100,324799,NULL,'2018-11-10 07:14:24','2018-11-10 07:14:24','2018-11-10 07:14:24','b35e4138-4ef6-4d16-adc9-80580470ae86'),
	(160,1,1,'matthew-hilton-laptop.jpg','image',1640,1100,380707,NULL,'2018-11-10 07:14:43','2018-11-10 07:14:43','2018-11-10 07:14:43','7460dd67-fa90-4ef9-ad48-bcac78fcc95d'),
	(161,1,1,'OKKO_Logo.jpg','image',3280,2200,150884,NULL,'2018-11-10 07:16:22','2018-11-10 07:16:23','2018-11-10 07:16:23','221731f5-9190-4211-99e7-28f138e57cbf'),
	(163,1,1,'AGI-screencast.mp4','video',NULL,NULL,10130372,NULL,'2018-11-17 06:30:30','2018-11-17 06:30:30','2018-11-17 06:30:30','01e6b3c6-c076-4b43-b45d-f8786e07423e'),
	(169,1,1,'google-zoo-loop.mp4','video',NULL,NULL,865017,NULL,'2018-11-17 07:12:50','2018-11-17 07:12:51','2018-11-17 07:12:51','7c60a12d-ee69-48ac-8165-09c67d17cdec'),
	(170,1,1,'google-zoo-business-cards-2up.jpg','image',3280,2200,607454,NULL,'2018-11-17 07:13:14','2018-11-17 07:13:14','2018-11-17 07:13:14','b7914315-5a90-48fc-b45e-d48e2c4cb65a'),
	(171,1,1,'google-zoo-business-cards-suite.jpg','image',3280,2200,802023,NULL,'2018-11-17 07:13:16','2018-11-17 07:13:17','2018-11-17 07:13:17','58491a79-047e-4302-a11a-de7a765cfb50'),
	(172,1,1,'google-zoo-comp-slip-2up.jpg','image',3280,2200,630022,NULL,'2018-11-17 07:13:18','2018-11-17 07:13:19','2018-11-17 07:13:19','a11d2d44-d6be-4e00-b538-74eff6f789bc'),
	(173,1,1,'google-zoo-poster-logo.jpg','image',2200,3020,574161,NULL,'2018-11-17 07:13:20','2018-11-17 07:13:21','2018-11-17 07:13:21','8aba6e26-e176-4088-8765-21c2e7c189f2'),
	(174,1,1,'google-zoo-poster-think-tank.jpg','image',2200,3020,673333,NULL,'2018-11-17 07:13:22','2018-11-17 07:13:23','2018-11-17 07:13:23','2bbbae94-6eca-4f7c-90b7-040138d381cf'),
	(175,1,1,'google-zoo-suite.jpg','image',3280,2200,883299,NULL,'2018-11-17 07:13:24','2018-11-17 07:13:25','2018-11-17 07:13:25','d287f36c-9a67-4e1c-a6c0-b277e44bcab0'),
	(183,1,1,'google-zoo-logo-loop.gif','image',1640,1100,767128,NULL,'2018-11-17 07:16:30','2018-11-17 07:16:31','2018-11-17 07:16:31','084db61d-6025-4af8-8536-c1831af39421'),
	(185,1,1,'Foxtel-Sound-3.mp4','video',NULL,NULL,3463916,NULL,'2018-11-17 07:23:46','2018-11-17 07:23:46','2018-11-17 07:23:46','0136a473-8726-4972-abd3-02b686295d26'),
	(187,1,1,'Foxtel_HBO_CIRCLES_Aa_DARK.mp4','video',NULL,NULL,2892353,NULL,'2018-11-18 05:50:31','2018-11-17 08:00:37','2018-11-18 05:50:31','a224f622-3df9-4543-a0b7-3988ec3a00e2'),
	(188,1,1,'Foxtel_HBO_TAPE_Aa_LIGHT.mp4','video',NULL,NULL,2941097,NULL,'2018-11-17 08:00:37','2018-11-17 08:00:37','2018-11-17 08:00:37','dca38682-d310-4260-92dd-41d5b9f57b98'),
	(189,1,1,'Foxtel_MAIN_FOX_ID_BALL_Bc.mp4','video',NULL,NULL,2801866,NULL,'2018-11-17 08:00:37','2018-11-17 08:00:38','2018-11-17 08:00:38','17afe2c0-5a2e-40a5-b2fc-5093da450d0b'),
	(190,1,1,'Foxtel_MAIN_FOX_ID_PAPER_Ba.mp4','video',NULL,NULL,2659297,NULL,'2018-11-17 08:00:38','2018-11-17 08:00:38','2018-11-17 08:00:38','3a252832-78d6-44ff-a3cf-3c0d247c3a25'),
	(191,1,1,'Foxtel_MAIN_FOX_ID_PIPES_Ba.mp4','video',NULL,NULL,2810639,NULL,'2018-11-17 08:00:38','2018-11-17 08:00:38','2018-11-17 08:00:38','25e625fd-dde9-42dc-b686-527c0bd127c5'),
	(192,1,1,'Foxtel_MAIN_FOX_ID_PORTAL_Ac.mp4','video',NULL,NULL,2780096,NULL,'2018-11-17 08:00:38','2018-11-17 08:00:39','2018-11-17 08:00:39','9ca475e9-f192-4305-84d0-f7ef7a4f2217'),
	(193,1,1,'matthew-hilton-colombo.jpg','image',1310,980,551718,NULL,'2018-11-17 08:06:22','2018-11-17 08:06:22','2018-11-17 08:06:22','679ce3ff-9fb1-4968-af81-db4be6cbf1e8'),
	(194,1,1,'matthew-hilton-directory.jpg','image',1310,2673,735482,NULL,'2018-11-17 08:06:23','2018-11-17 08:06:23','2018-11-17 08:06:23','382ece92-14f5-4d4f-9619-b2196b128dcd'),
	(195,1,1,'matthew-hilton-hastoe.jpg','image',1310,980,619335,NULL,'2018-11-17 08:06:24','2018-11-17 08:06:24','2018-11-17 08:06:24','6a00396d-4d5f-4465-987f-b30223fddd00'),
	(196,1,1,'matthew-hilton-maia.jpg','image',1310,980,558793,NULL,'2018-11-17 08:06:25','2018-11-17 08:06:25','2018-11-17 08:06:25','6dd422a5-0684-4773-9674-f8381422418e'),
	(197,1,1,'matthew-hilton-tapas.jpg','image',1310,980,565618,NULL,'2018-11-17 08:06:26','2018-11-17 08:06:26','2018-11-17 08:06:26','f10af430-2246-4a54-9f8c-667e991ea56c'),
	(198,1,1,'matthew-hilton-thin.jpg','image',1310,980,525372,NULL,'2018-11-17 08:06:26','2018-11-17 08:06:26','2018-11-17 08:06:26','737fefba-44ff-4661-afc6-154f79977589'),
	(204,1,1,'Delfina-Foundation-Ahmet-Ogut-1.jpg','image',1640,1100,96115,NULL,'2018-11-17 08:10:45','2018-11-17 08:10:45','2018-11-17 08:10:45','b0d62602-9af2-40e1-827b-8d96c0caf32e'),
	(205,1,1,'Delfina-Foundation-Ahmet-Ogut-3.jpg','image',1640,1100,167776,NULL,'2018-11-17 08:10:46','2018-11-17 08:10:46','2018-11-17 08:10:46','3346dae3-cd85-42ba-9350-e5722bb76544'),
	(206,1,1,'Delfina-Foundation-Ahmet-Ogut-4.jpg','image',1640,1100,195976,NULL,'2018-11-17 08:10:47','2018-11-17 08:10:47','2018-11-17 08:10:47','71c209bb-89c8-4d4c-9fe1-993de1cd9f6b'),
	(207,1,1,'Delfina-Foundation-Cards.jpg','image',1640,1100,228122,NULL,'2018-11-17 08:10:48','2018-11-17 08:10:48','2018-11-17 08:10:48','1f1100f6-0592-4128-bb27-d0be8de5fcd5'),
	(208,1,1,'Delfina-Foundation-Suite.jpg','image',1640,1100,264783,NULL,'2018-11-17 08:10:48','2018-11-17 08:10:48','2018-11-17 08:10:48','e56b77e8-bc92-4821-b507-5ccf39b86897'),
	(209,1,1,'Delfina-Foundation-Tote.jpg','image',1640,1100,171881,NULL,'2018-11-17 08:10:49','2018-11-17 08:10:49','2018-11-17 08:10:49','e64b0f50-39cc-40dd-a8e6-b956a5824380'),
	(216,1,1,'OKKO_Symbol.jpg','image',3280,2200,122540,NULL,'2018-11-17 08:21:25','2018-11-17 08:21:25','2018-11-17 08:21:25','f403ee6c-371c-4982-9aed-0bd8c3ab18da'),
	(218,1,1,'Wired-Magazine-Cover.jpg','image',1536,2048,183770,NULL,'2018-11-17 08:24:20','2018-11-17 08:24:20','2018-11-17 08:24:20','67d63de0-b9b1-4299-815a-7ae8cb1c59a3'),
	(219,1,1,'Wired-Magazine-Animated-Cover.mp4','video',NULL,NULL,1103138,NULL,'2018-11-17 08:24:20','2018-11-17 08:24:21','2018-11-17 08:24:21','a6bb0fa9-7caa-43d0-a9e6-a5b56a5c6726'),
	(222,1,1,'AGI-Open-Home.jpg','image',1310,2020,533776,NULL,'2018-11-17 08:28:34','2018-11-17 08:28:34','2018-11-17 08:28:34','7762c190-5d13-4d56-b9eb-fdb29454012a'),
	(223,1,1,'AGI-Open-Speakers.jpg','image',1310,2020,946898,NULL,'2018-11-17 08:28:51','2018-11-17 08:28:51','2018-11-17 08:28:51','60b4af26-83d2-4242-9d50-ad1f7f2ccc79'),
	(224,1,1,'AGI-Open-Peter-Saville.jpg','image',1310,2020,962227,NULL,'2018-11-17 08:29:16','2018-11-17 08:29:16','2018-11-17 08:29:16','6e94a956-1722-4d40-8c48-9191ecc57055'),
	(225,1,1,'AGI-Open-Venue.jpg','image',1310,2020,666960,NULL,'2018-11-17 08:29:46','2018-11-17 08:29:46','2018-11-17 08:29:46','c7c21daa-1356-4768-95bd-3ab5f4147cf1'),
	(226,1,1,'AGI-Open-Poster.jpg','image',1310,874,169562,NULL,'2018-11-17 08:30:04','2018-11-17 08:30:04','2018-11-17 08:30:04','9a5d2419-7e17-4c36-a0c1-07dd15b2d7fa'),
	(227,1,1,'AGI-Open-Circle-T.jpg','image',1640,1093,194137,NULL,'2018-11-17 08:30:42','2018-11-17 08:30:42','2018-11-17 08:30:42','79776581-caf3-4ce0-8473-ca6756c7cd1a'),
	(228,1,1,'Agi-Open-Totes.jpg','image',1640,1093,318514,NULL,'2018-11-17 08:30:43','2018-11-17 08:30:43','2018-11-17 08:30:43','7a46dc53-babb-4b87-923a-43b90aa79b98'),
	(229,1,1,'AGI-Open-Triangle-T.jpg','image',1640,1093,157582,NULL,'2018-11-17 08:30:53','2018-11-17 08:30:53','2018-11-17 08:30:53','6eb61280-b155-4860-a252-94ef9b994a1f'),
	(230,1,1,'AGI-Open-speaker-1.mp4','video',NULL,NULL,171153,NULL,'2018-11-17 08:33:18','2018-11-17 08:33:19','2018-11-17 08:33:19','49397342-4933-4588-917e-5108d8a9da3a'),
	(231,1,1,'AGI-Open-speaker-3.mp4','video',NULL,NULL,139144,NULL,'2018-11-17 08:33:30','2018-11-17 08:33:30','2018-11-17 08:33:30','1181ac2f-234d-4ba5-8015-ea42ccc18480'),
	(232,1,1,'AGI-Open-sting-A2.mp4','video',NULL,NULL,187458,NULL,'2018-11-17 08:33:47','2018-11-17 08:33:48','2018-11-17 08:33:48','8ae9b3f4-b527-4d6e-992c-4bdab4e4d13c'),
	(233,1,1,'AGI-Open-sting-A3.mp4','video',NULL,NULL,235021,NULL,'2018-11-17 08:34:22','2018-11-17 08:34:22','2018-11-17 08:34:22','c1e8fd8d-eea3-4599-ba13-f7ebb58ad887'),
	(244,1,1,'Matter-icon-loop-blue.gif','image',1640,1100,118252,NULL,'2018-11-17 08:37:15','2018-11-17 08:37:15','2018-11-17 08:37:15','722b591c-cb72-415d-8db8-5b39995d8a9b'),
	(245,1,1,'Matter-icon-suite.jpg','image',3280,2200,295248,NULL,'2018-11-17 08:37:44','2018-11-17 08:37:45','2018-11-17 08:37:45','6357560b-cb59-4274-ba0d-852c2a4f14d4'),
	(246,1,1,'Matter-HomePage_Long.jpg','image',1640,6411,943295,NULL,'2018-11-17 08:38:09','2018-11-17 08:38:10','2018-11-17 08:38:10','a97a598d-e04b-44b0-854f-5f73a2fcc24a'),
	(247,1,1,'Matter-IPad-1.jpg','image',1440,1920,491105,NULL,'2018-11-17 08:38:30','2018-11-17 08:38:31','2018-11-17 08:38:31','cdd42fe6-0ab2-49f3-938f-f59df62b4ccd'),
	(248,1,1,'Matter-IPad-2.jpg','image',1440,1920,287626,NULL,'2018-11-17 08:38:40','2018-11-17 08:38:40','2018-11-17 08:38:40','03c4cddc-7a17-4ac7-9d88-54f58355d10d'),
	(249,1,1,'Matter-business-cards.jpg','image',3280,2200,486316,NULL,'2018-11-17 08:38:53','2018-11-17 08:38:53','2018-11-17 08:38:53','ed7e3c3a-578d-4022-b51e-a82fb90f584a'),
	(250,1,1,'Matter-stationery-suite.jpg','image',3280,2200,768219,NULL,'2018-11-17 08:38:58','2018-11-17 08:38:58','2018-11-17 08:38:58','06ac3cec-4285-4bd6-b0ec-51f6bb3ce1f6'),
	(259,1,1,'Osko_Animation-Intro.mp4','video',NULL,NULL,8904809,NULL,'2018-11-18 00:29:08','2018-11-18 00:29:09','2018-11-18 00:29:09','49d1749e-b555-4bae-b8b0-15c5887d2c5e');

/*!40000 ALTER TABLE `assets` ENABLE KEYS */;
UNLOCK TABLES;


# Dump of table assettransformindex
# ------------------------------------------------------------

DROP TABLE IF EXISTS `assettransformindex`;

CREATE TABLE `assettransformindex` (
  `id` int(11) NOT NULL AUTO_INCREMENT,
  `assetId` int(11) NOT NULL,
  `filename` varchar(255) DEFAULT NULL,
  `format` varchar(255) DEFAULT NULL,
  `location` varchar(255) NOT NULL,
  `volumeId` int(11) DEFAULT NULL,
  `fileExists` tinyint(1) NOT NULL DEFAULT '0',
  `inProgress` tinyint(1) NOT NULL DEFAULT '0',
  `dateIndexed` datetime DEFAULT NULL,
  `dateCreated` datetime NOT NULL,
  `dateUpdated` datetime NOT NULL,
  `uid` char(36) NOT NULL DEFAULT '0',
  PRIMARY KEY (`id`),
  KEY `assettransformindex_volumeId_assetId_location_idx` (`volumeId`,`assetId`,`location`)
) ENGINE=InnoDB DEFAULT CHARSET=utf8;

LOCK TABLES `assettransformindex` WRITE;
/*!40000 ALTER TABLE `assettransformindex` DISABLE KEYS */;

INSERT INTO `assettransformindex` (`id`, `assetId`, `filename`, `format`, `location`, `volumeId`, `fileExists`, `inProgress`, `dateIndexed`, `dateCreated`, `dateUpdated`, `uid`)
VALUES
	(2,5,'Landscape.jpg',NULL,'_smallImage',1,1,0,'2018-10-20 05:23:43','2018-10-20 05:23:43','2018-10-20 05:23:44','18d805ad-0513-4d05-9717-843d0fbab8aa'),
	(3,6,'Portrait.jpg',NULL,'_smallImage',1,1,0,'2018-10-20 05:32:30','2018-10-20 05:32:30','2018-10-20 05:32:31','6bbba090-0b99-4921-9d5c-81c434b403d0'),
	(5,6,'Portrait.jpg',NULL,'_mediumImage',1,1,0,'2018-10-20 06:32:00','2018-10-20 06:32:00','2018-10-20 06:32:01','403b22a7-6bef-4573-aca7-1b90b1ea7377'),
	(6,5,'Landscape.jpg',NULL,'_mediumImage',1,1,0,'2018-10-20 06:32:07','2018-10-20 06:32:07','2018-10-20 06:32:08','43f27c7d-4a0f-4e96-b859-f64a9c980552'),
	(14,18,'AGI-homepage-laptop.jpg',NULL,'_bigImage',1,1,0,'2018-10-20 23:48:01','2018-10-20 23:48:01','2018-10-20 23:48:02','f6e71dff-a2ec-42a3-aa6c-3907ca146342'),
	(15,24,'AGI-work.jpg',NULL,'_bigImage',1,1,0,'2018-10-20 23:48:01','2018-10-20 23:48:01','2018-10-20 23:48:08','f50c9c50-9959-41d2-9e33-3d47dc2992c7'),
	(16,25,'AGI-members.jpg',NULL,'_bigImage',1,1,0,'2018-10-20 23:48:01','2018-10-20 23:48:01','2018-10-20 23:48:06','e79ae3b3-6bbd-4daa-a982-440625159145'),
	(17,19,'AGI-dick-elffers-typografie.jpg',NULL,'_bigImage',1,1,0,'2018-10-20 23:48:01','2018-10-20 23:48:01','2018-10-20 23:48:03','e832a422-a691-4850-a4d0-352431fb0880'),
	(18,21,'AGI-massimo-vignelli-knoll.jpg',NULL,'_bigImage',1,1,0,'2018-10-20 23:48:01','2018-10-20 23:48:01','2018-10-20 23:48:05','6aeccff3-7a06-4aca-8ec4-8dd046898087'),
	(19,23,'AGI-tony-brook-spin360.jpg',NULL,'_bigImage',1,1,0,'2018-10-20 23:48:01','2018-10-20 23:48:01','2018-10-20 23:48:10','3a5fbe60-41b0-4845-90a8-aff4b2c2e441'),
	(20,26,'AGI-tony-brook-overview.jpg',NULL,'_bigImage',1,1,0,'2018-10-20 23:48:01','2018-10-20 23:48:01','2018-10-20 23:48:11','03b3a0c7-b8a8-4e7e-a846-215fa4120f19'),
	(21,6,'Portrait.jpg',NULL,'_bigImage',1,1,0,'2018-10-20 23:50:26','2018-10-20 23:50:26','2018-10-20 23:50:28','a18a0e75-851e-4d68-b6fe-fcdadf383853'),
	(22,5,'Landscape.jpg',NULL,'_bigImage',1,1,0,'2018-10-20 23:50:26','2018-10-20 23:50:26','2018-10-20 23:50:29','51bcff73-5620-4e0e-b0a7-e9e0d212020c'),
	(23,39,'Osko-Logo.jpg',NULL,'_bigImage',1,1,0,'2018-10-21 03:27:22','2018-10-21 03:27:22','2018-10-21 03:27:28','f7886a41-32f2-4d15-a7d6-6ffbd4a98d9f'),
	(24,34,'Osko-Identity-Standards-Cover.jpg',NULL,'_bigImage',1,1,0,'2018-10-21 03:27:22','2018-10-21 03:27:22','2018-10-21 03:27:23','85e5cea9-22da-48c4-af76-d24014f7301f'),
	(25,35,'Osko-Identity-Standards-Spreads-2.jpg',NULL,'_bigImage',1,1,0,'2018-10-21 03:27:22','2018-10-21 03:27:22','2018-10-21 03:27:24','905611b4-7763-46f5-acc7-c8cf9d433f47'),
	(26,37,'Osko-Logo-Horizontal.jpg',NULL,'_bigImage',1,1,0,'2018-10-21 03:27:22','2018-10-21 03:27:22','2018-10-21 03:27:25','27fc462b-4f3c-4bbd-bb47-6c5164063c10'),
	(30,44,'Osko-Bounce.gif',NULL,'_bigImage',1,1,0,'2018-10-21 03:33:55','2018-10-21 03:33:55','2018-10-21 03:34:15','3e5a69e4-b54c-4745-bb66-118520559194'),
	(31,34,'Osko-Identity-Standards-Cover.jpg',NULL,'_smallImage',1,1,0,'2018-10-21 03:36:17','2018-10-21 03:36:17','2018-10-21 03:36:33','fddb446e-d12c-402b-948a-db1ed292d71a'),
	(32,35,'Osko-Identity-Standards-Spreads-2.jpg',NULL,'_smallImage',1,1,0,'2018-10-21 03:36:17','2018-10-21 03:36:17','2018-10-21 03:36:18','5c8a6f4e-42d8-4c3d-858d-412c9c52c8df'),
	(33,37,'Osko-Logo-Horizontal.jpg',NULL,'_smallImage',1,1,0,'2018-10-21 03:36:17','2018-10-21 03:36:17','2018-10-21 03:36:18','1ad96094-15e5-4d73-9619-a35e241bff7b'),
	(35,44,'Osko-Bounce.gif',NULL,'_smallImage',1,1,0,'2018-10-21 03:36:17','2018-10-21 03:36:17','2018-10-21 03:36:32','4abc6051-ed76-42d1-9101-14b49892346d'),
	(36,39,'Osko-Logo.jpg',NULL,'_smallImage',1,1,0,'2018-10-21 04:35:13','2018-10-21 04:35:13','2018-10-21 04:35:14','f4b6939e-c619-491a-a501-12ab1632a16a'),
	(37,18,'AGI-homepage-laptop.jpg',NULL,'_smallImage',1,1,0,'2018-10-21 04:35:13','2018-10-21 04:35:13','2018-10-21 04:35:14','60e9804c-3abb-4427-a2ef-7292c4376d9a'),
	(38,60,'google-zoo-logo-horizontal.jpg',NULL,'_smallImage',1,1,0,'2018-10-21 10:00:12','2018-10-21 10:00:12','2018-10-21 10:00:13','3b4f6a11-4a15-42c1-b151-02de28d8fd33'),
	(39,64,'Matter-HomePage-Laptop.jpg',NULL,'_smallImage',1,1,0,'2018-10-21 10:00:12','2018-10-21 10:00:12','2018-10-21 10:00:13','060812e3-26ce-43b0-8f5d-c9a89f26e235'),
	(40,64,'Matter-HomePage-Laptop.jpg',NULL,'_bigImage',1,1,0,'2018-10-21 10:01:38','2018-10-21 10:01:38','2018-10-21 10:01:38','ca51d035-afb1-4527-9347-ac0623062ea4'),
	(41,60,'google-zoo-logo-horizontal.jpg',NULL,'_bigImage',1,1,0,'2018-10-21 10:01:46','2018-10-21 10:01:46','2018-10-21 10:01:47','94c7efda-fccc-4119-9f14-b6cf656418a0'),
	(42,61,'ubank-logo-reveal.gif',NULL,'_bigImage',1,1,0,'2018-10-21 10:01:49','2018-10-21 10:01:49','2018-10-21 10:03:18','b1fd4f14-48fd-458b-90b1-1cf4de05d1aa'),
	(43,66,'Osko-Safe-Area2.jpg',NULL,'_bigImage',1,1,0,'2018-10-21 10:07:09','2018-10-21 10:07:09','2018-10-21 10:07:10','e6a0c930-2c09-41d1-8418-372d53afe418'),
	(44,65,'Osko-Colours3.jpg',NULL,'_bigImage',1,1,0,'2018-10-21 10:07:09','2018-10-21 10:07:09','2018-10-21 10:07:10','873a5138-a6cb-43b9-acd0-93d0c70faa18'),
	(45,99,'ubank-horizontal.jpg',NULL,'_bigImage',1,1,0,'2018-11-10 06:27:23','2018-11-10 06:27:23','2018-11-10 06:27:27','6ef1faf2-deef-4c73-b467-178b1cf76f18'),
	(46,86,'ubank-debit-card-2-up-2.jpg',NULL,'_bigImage',1,1,0,'2018-11-10 06:27:23','2018-11-10 06:27:23','2018-11-10 06:27:30','1c9de99b-870c-4f6a-9205-dfbbdc95b335'),
	(47,92,'ubank-statement.jpg',NULL,'_bigImage',1,1,0,'2018-11-10 06:27:23','2018-11-10 06:27:23','2018-11-10 06:27:26','39f995bc-cf6d-4a51-b520-7d2533f4216d'),
	(48,89,'ubank-contract-pack.jpg',NULL,'_bigImage',1,1,0,'2018-11-10 06:27:23','2018-11-10 06:27:23','2018-11-10 06:27:29','850d089e-42f5-424c-bb61-1686815c9c77'),
	(49,91,'ubank-forms.jpg',NULL,'_bigImage',1,1,0,'2018-11-10 06:27:23','2018-11-10 06:27:23','2018-11-10 06:27:28','5a1a1168-7a21-44af-8c5d-dad5ec409fc0'),
	(50,85,'ubank-folders.jpg',NULL,'_bigImage',1,1,0,'2018-11-10 06:27:23','2018-11-10 06:27:23','2018-11-10 06:27:25','3c01b252-199b-480e-80ab-c1ddfb4a9ab4'),
	(51,90,'ubank-suite.jpg',NULL,'_bigImage',1,1,0,'2018-11-10 06:27:23','2018-11-10 06:27:23','2018-11-10 06:27:36','88bb3e63-be70-4ec7-a857-1feac8cb41d6'),
	(52,94,'ubank-homepage-laptop.jpg',NULL,'_bigImage',1,1,0,'2018-11-10 06:27:23','2018-11-10 06:27:23','2018-11-10 06:27:31','84ce1318-25a2-4a8a-8a05-e204f7efb4bb'),
	(53,100,'ubank-about.jpg',NULL,'_bigImage',1,1,0,'2018-11-10 06:27:23','2018-11-10 06:27:23','2018-11-10 06:27:34','bf3bc2a0-6567-4e80-9298-64039111cb51'),
	(54,101,'ubank-urhome-app.jpg',NULL,'_bigImage',1,1,0,'2018-11-10 06:27:23','2018-11-10 06:27:23','2018-11-10 06:27:38','f4a34d9e-df5a-47db-89d0-9cde100a7ec6'),
	(55,93,'ubank-JCD-1.jpg',NULL,'_bigImage',1,1,0,'2018-11-10 06:27:23','2018-11-10 06:27:23','2018-11-10 06:27:32','576c9543-f7e6-4f72-aef2-5d4e8f1adede'),
	(56,113,'AusPost-Logo.jpg',NULL,'_smallImage',1,1,0,'2018-11-10 06:33:56','2018-11-10 06:33:56','2018-11-10 06:33:57','3ab6f9c3-acc9-4f9c-aed5-97601c31b24c'),
	(57,114,'AusPost-Logo-Black.jpg',NULL,'_smallImage',1,1,0,'2018-11-10 06:35:39','2018-11-10 06:35:39','2018-11-10 06:35:40','0751cca1-2872-489a-92c3-52f6f27e7ca0'),
	(58,115,'ACC-homepage.jpg',NULL,'_smallImage',1,1,0,'2018-11-10 06:38:48','2018-11-10 06:38:48','2018-11-10 06:38:49','57173bc2-5664-43d7-aa37-c34253724843'),
	(59,114,'AusPost-Logo-Black.jpg',NULL,'_bigImage',1,1,0,'2018-11-10 06:38:59','2018-11-10 06:38:59','2018-11-10 06:39:00','f0d11237-f11d-4c52-8aef-8dd29fa1202d'),
	(60,115,'ACC-homepage.jpg',NULL,'_bigImage',1,1,0,'2018-11-10 06:39:07','2018-11-10 06:39:07','2018-11-10 06:39:08','37c1b12e-27ed-4514-9eef-efcbc8ff7eba'),
	(62,120,'ShiftCo_Sales-Homepage.jpg',NULL,'_smallImage',1,1,0,'2018-11-10 06:58:40','2018-11-10 06:58:40','2018-11-10 06:58:41','fcfe6327-5ae2-4776-ac3a-a78500e40c6d'),
	(64,120,'ShiftCo_Sales-Homepage.jpg',NULL,'_bigImage',1,1,0,'2018-11-10 06:58:48','2018-11-10 06:58:48','2018-11-10 06:58:50','a1288fe2-1c7c-4390-9a3f-a95cc3ec4230'),
	(65,119,'ShiftCo_App-Homepage.jpg',NULL,'_bigImage',1,1,0,'2018-11-10 06:58:48','2018-11-10 06:58:48','2018-11-10 06:58:49','42887007-f82f-47bc-b8ab-9f0ca1ff09ec'),
	(67,122,'BBwines-bottle-row-mix.jpg',NULL,'_smallImage',1,1,0,'2018-11-10 07:06:35','2018-11-10 07:06:35','2018-11-10 07:06:36','01b51483-350b-4249-a519-1f919f8bc8f3'),
	(68,122,'BBwines-bottle-row-mix.jpg',NULL,'_bigImage',1,1,0,'2018-11-10 07:07:00','2018-11-10 07:07:00','2018-11-10 07:07:01','580f486e-58de-4d9c-95ea-42aff3fd0489'),
	(69,128,'bb-wines-horizontal.jpg',NULL,'_bigImage',1,1,0,'2018-11-10 07:07:00','2018-11-10 07:07:00','2018-11-10 07:07:03','883444fb-318d-47a6-bca4-958ebf286143'),
	(70,126,'bb-wines-homepage-laptop.jpg',NULL,'_bigImage',1,1,0,'2018-11-10 07:07:00','2018-11-10 07:07:00','2018-11-10 07:07:05','f7769f73-9f5e-4fec-aca7-da642013fc89'),
	(71,131,'bb-wines-menu.jpg',NULL,'_bigImage',1,1,0,'2018-11-10 07:07:00','2018-11-10 07:07:00','2018-11-10 07:07:05','635479e4-fb59-46fc-8106-7f41c4b7a352'),
	(72,135,'bb-wines-vineyard.jpg',NULL,'_bigImage',1,1,0,'2018-11-10 07:07:00','2018-11-10 07:07:00','2018-11-10 07:07:08','ad9bc408-5885-4abc-b737-20752d294838'),
	(73,123,'bb-wines-business-cards.jpg',NULL,'_bigImage',1,1,0,'2018-11-10 07:07:00','2018-11-10 07:07:00','2018-11-10 07:07:04','327f6f55-748d-46c8-b11b-0e5c9399f399'),
	(74,132,'bb-wines-suite-1.jpg',NULL,'_bigImage',1,1,0,'2018-11-10 07:07:00','2018-11-10 07:07:00','2018-11-10 07:07:10','b025119b-c3d8-4608-bbe0-b5397a8a52d6'),
	(75,134,'bb-wines-suite-3.jpg',NULL,'_bigImage',1,1,0,'2018-11-10 07:07:00','2018-11-10 07:07:00','2018-11-10 07:07:13','5c748a4f-0960-4640-a6ae-06ec7b4c1b14'),
	(76,133,'bb-wines-suite-2.jpg',NULL,'_bigImage',1,1,0,'2018-11-10 07:07:00','2018-11-10 07:07:00','2018-11-10 07:07:12','814eeffd-d76a-43ef-980e-b9fb398d67bb'),
	(77,137,'BBwines-bottle-mix-stagger-2.jpg',NULL,'_bigImage',1,1,0,'2018-11-10 07:07:00','2018-11-10 07:07:00','2018-11-10 07:07:09','72dcd56d-6093-4878-965f-93141e5036bd'),
	(78,128,'bb-wines-horizontal.jpg',NULL,'_smallImage',1,1,0,'2018-11-10 07:08:58','2018-11-10 07:08:58','2018-11-10 07:08:59','baf4905c-9d8d-4248-a7f8-e65f284f7aeb'),
	(79,149,'MMM-1.jpg',NULL,'_bigImage',1,1,0,'2018-11-10 07:09:01','2018-11-10 07:09:01','2018-11-10 07:09:02','2676d812-bbce-418a-917e-0cda3b503932'),
	(80,151,'MMM-4.jpg',NULL,'_bigImage',1,1,0,'2018-11-10 07:09:01','2018-11-10 07:09:01','2018-11-10 07:09:03','19e4c6bb-d9f2-4cb2-a377-913c9ff0e5c0'),
	(81,156,'Agi-Open-HomePage-Laptop.jpg',NULL,'_smallImage',1,1,0,'2018-11-10 07:12:05','2018-11-10 07:12:05','2018-11-10 07:12:06','b6608fb8-8635-4b80-8794-2175f9f051ea'),
	(82,156,'Agi-Open-HomePage-Laptop.jpg',NULL,'_bigImage',1,1,0,'2018-11-10 07:12:18','2018-11-10 07:12:18','2018-11-10 07:12:19','c96aca44-6815-47fb-832a-6ea48d3004f6'),
	(83,157,'Wired-logo.jpg',NULL,'_smallImage',1,1,0,'2018-11-10 07:16:31','2018-11-10 07:16:31','2018-11-10 07:16:34','d1bc70e3-9a9a-4073-ac78-e8dd960ccb2e'),
	(84,161,'OKKO_Logo.jpg',NULL,'_smallImage',1,1,0,'2018-11-10 07:16:31','2018-11-10 07:16:31','2018-11-10 07:16:32','59a920d4-1153-49f7-8de0-5ca4e4425670'),
	(85,158,'Delfina-Foundation-logo-df.jpg',NULL,'_smallImage',1,1,0,'2018-11-10 07:16:31','2018-11-10 07:16:31','2018-11-10 07:16:33','7021b880-ca9d-483c-b414-c59ea123d65a'),
	(86,159,'Edmund-de-Waal-HomePage-laptop.jpg',NULL,'_smallImage',1,1,0,'2018-11-10 07:16:31','2018-11-10 07:16:31','2018-11-10 07:16:33','380661c9-2d49-45aa-99f0-5c841e991be5'),
	(87,160,'matthew-hilton-laptop.jpg',NULL,'_smallImage',1,1,0,'2018-11-10 07:16:31','2018-11-10 07:16:31','2018-11-10 07:16:33','e0e6dbfd-ce2a-44ec-b5f9-c05d9118898f'),
	(88,157,'Wired-logo.jpg',NULL,'_bigImage',1,1,0,'2018-11-10 07:17:06','2018-11-10 07:17:06','2018-11-10 07:17:07','f07d7b3e-404a-430f-b853-23a3f32398fe'),
	(89,159,'Edmund-de-Waal-HomePage-laptop.jpg',NULL,'_bigImage',1,1,0,'2018-11-10 07:17:13','2018-11-10 07:17:13','2018-11-10 07:17:14','83041344-7a56-4356-8f8a-ece1c0230f12'),
	(90,150,'MMM-2.jpg',NULL,'_bigImage',1,1,0,'2018-11-10 07:54:26','2018-11-10 07:54:26','2018-11-10 07:54:27','3ecf4171-b59f-4c04-8f0c-56118a0317bd'),
	(91,160,'matthew-hilton-laptop.jpg',NULL,'_bigImage',1,1,0,'2018-11-17 06:07:27','2018-11-17 06:07:27','2018-11-17 06:07:28','39593ab4-35c7-420d-a65e-6da9e4e33d16'),
	(92,173,'google-zoo-poster-logo.jpg',NULL,'_bigImage',1,1,0,'2018-11-17 07:14:54','2018-11-17 07:14:54','2018-11-17 07:15:04','a6e7817d-5695-4fcf-8296-599d62dd4347'),
	(93,170,'google-zoo-business-cards-2up.jpg',NULL,'_bigImage',1,1,0,'2018-11-17 07:14:54','2018-11-17 07:14:54','2018-11-17 07:15:02','f78cf444-02dc-4c18-a944-b162aaffc395'),
	(94,171,'google-zoo-business-cards-suite.jpg',NULL,'_bigImage',1,1,0,'2018-11-17 07:14:54','2018-11-17 07:14:54','2018-11-17 07:14:58','ec82d81a-86ec-4eee-b26f-f48ea87492a1'),
	(95,172,'google-zoo-comp-slip-2up.jpg',NULL,'_bigImage',1,1,0,'2018-11-17 07:14:54','2018-11-17 07:14:54','2018-11-17 07:15:00','15c82589-8bda-490e-aa88-272557b66c05'),
	(96,175,'google-zoo-suite.jpg',NULL,'_bigImage',1,1,0,'2018-11-17 07:14:54','2018-11-17 07:14:54','2018-11-17 07:15:01','e0695c2c-04f8-4731-84ad-2f39deef359e'),
	(97,174,'google-zoo-poster-think-tank.jpg',NULL,'_bigImage',1,1,0,'2018-11-17 07:14:54','2018-11-17 07:14:54','2018-11-17 07:14:57','3d6de431-0cc3-4bb2-824f-24ab253b5198'),
	(98,116,'Foxtel-Logo-Red.jpg',NULL,'_smallImage',1,1,0,'2018-11-17 07:23:59','2018-11-17 07:23:59','2018-11-17 07:24:00','b408b670-1e46-455d-a6e1-730e157eaca3'),
	(99,116,'Foxtel-Logo-Red.jpg',NULL,'_bigImage',1,1,0,'2018-11-17 07:24:01','2018-11-17 07:24:01','2018-11-17 07:24:03','a37be32e-4f50-4baf-af4a-d376526d65eb'),
	(100,198,'matthew-hilton-thin.jpg',NULL,'_bigImage',1,1,0,'2018-11-17 08:09:43','2018-11-17 08:09:43','2018-11-17 08:09:48','d2d15f3f-9b67-4054-aaf4-2644b8a57d25'),
	(101,197,'matthew-hilton-tapas.jpg',NULL,'_bigImage',1,1,0,'2018-11-17 08:09:43','2018-11-17 08:09:43','2018-11-17 08:09:50','1c5de30f-3221-40c5-b03b-5b998e86fac8'),
	(102,194,'matthew-hilton-directory.jpg',NULL,'_bigImage',1,1,0,'2018-11-17 08:09:43','2018-11-17 08:09:43','2018-11-17 08:09:46','7d924582-1fb0-4d59-af03-067ee5dad182'),
	(103,195,'matthew-hilton-hastoe.jpg',NULL,'_bigImage',1,1,0,'2018-11-17 08:09:43','2018-11-17 08:09:43','2018-11-17 08:09:49','fda20045-4ec2-4367-ba7e-7b03f82d8fea'),
	(104,196,'matthew-hilton-maia.jpg',NULL,'_bigImage',1,1,0,'2018-11-17 08:09:43','2018-11-17 08:09:43','2018-11-17 08:09:47','fcd78eb6-230f-417d-b3cc-fb7a6ac4fb66'),
	(105,158,'Delfina-Foundation-logo-df.jpg',NULL,'_bigImage',1,1,0,'2018-11-17 08:10:21','2018-11-17 08:10:21','2018-11-17 08:10:22','2391d05a-2bf0-4f0f-a389-ce56b714d1c4'),
	(106,161,'OKKO_Logo.jpg',NULL,'_bigImage',1,1,0,'2018-11-17 08:21:37','2018-11-17 08:21:37','2018-11-17 08:21:38','2fcb8881-3d47-4178-bcb5-7e25fde190f4'),
	(107,216,'OKKO_Symbol.jpg',NULL,'_bigImage',1,1,0,'2018-11-17 08:21:37','2018-11-17 08:21:37','2018-11-17 08:21:39','0d70af11-f32a-432f-8111-254edea3889f'),
	(108,207,'Delfina-Foundation-Cards.jpg',NULL,'_bigImage',1,1,0,'2018-11-17 08:22:23','2018-11-17 08:22:23','2018-11-17 08:22:27','89971049-1a06-4d46-8032-b70d80668c97'),
	(109,208,'Delfina-Foundation-Suite.jpg',NULL,'_bigImage',1,1,0,'2018-11-17 08:22:23','2018-11-17 08:22:23','2018-11-17 08:22:24','cd6de7c6-7884-4b3e-8680-b10e318b2367'),
	(110,209,'Delfina-Foundation-Tote.jpg',NULL,'_bigImage',1,1,0,'2018-11-17 08:22:23','2018-11-17 08:22:23','2018-11-17 08:22:28','b6600a1b-dba0-4983-95cb-d7bd3b5644b4'),
	(111,204,'Delfina-Foundation-Ahmet-Ogut-1.jpg',NULL,'_bigImage',1,1,0,'2018-11-17 08:22:23','2018-11-17 08:22:23','2018-11-17 08:22:25','5d4b5ac8-423d-4a4f-ab4b-e911bae39cbf'),
	(112,205,'Delfina-Foundation-Ahmet-Ogut-3.jpg',NULL,'_bigImage',1,1,0,'2018-11-17 08:22:23','2018-11-17 08:22:23','2018-11-17 08:22:26','c7880936-9672-4422-8e50-3d2642d46b99'),
	(113,206,'Delfina-Foundation-Ahmet-Ogut-4.jpg',NULL,'_bigImage',1,1,0,'2018-11-17 08:22:23','2018-11-17 08:22:23','2018-11-17 08:22:28','1975aaf1-671e-4201-bb14-8d4878c2d37c'),
	(114,218,'Wired-Magazine-Cover.jpg',NULL,'_bigImage',1,1,0,'2018-11-17 08:27:06','2018-11-17 08:27:06','2018-11-17 08:27:08','b9e08325-77bc-4727-83ef-3a03f6e0df98'),
	(115,226,'AGI-Open-Poster.jpg',NULL,'_bigImage',1,1,0,'2018-11-17 08:34:47','2018-11-17 08:34:47','2018-11-17 08:34:52','13c647db-5f12-47b0-87b7-befd1694b7f7'),
	(116,222,'AGI-Open-Home.jpg',NULL,'_bigImage',1,1,0,'2018-11-17 08:34:47','2018-11-17 08:34:47','2018-11-17 08:34:55','06c13b3e-8ca4-442d-b325-13b713e8c79a'),
	(117,223,'AGI-Open-Speakers.jpg',NULL,'_bigImage',1,1,0,'2018-11-17 08:34:47','2018-11-17 08:34:47','2018-11-17 08:34:53','f076d9a4-3129-4c6b-982d-7e2fe4cc6a33'),
	(118,224,'AGI-Open-Peter-Saville.jpg',NULL,'_bigImage',1,1,0,'2018-11-17 08:34:47','2018-11-17 08:34:47','2018-11-17 08:34:51','250a5d80-81d9-4460-af97-61935a8810dd'),
	(119,225,'AGI-Open-Venue.jpg',NULL,'_bigImage',1,1,0,'2018-11-17 08:34:47','2018-11-17 08:34:47','2018-11-17 08:34:49','a7cbcc0f-f917-49ed-8d83-a01a082c55f8'),
	(120,227,'AGI-Open-Circle-T.jpg',NULL,'_bigImage',1,1,0,'2018-11-17 08:34:47','2018-11-17 08:34:47','2018-11-17 08:34:56','63c5e630-89aa-4c3f-96cd-24f0cd9e7ad9'),
	(121,229,'AGI-Open-Triangle-T.jpg',NULL,'_bigImage',1,1,0,'2018-11-17 08:34:47','2018-11-17 08:34:47','2018-11-17 08:34:57','cf6723d5-ead8-4546-a473-e48e1c4b91d7'),
	(122,249,'Matter-business-cards.jpg',NULL,'_bigImage',1,1,0,'2018-11-17 08:39:21','2018-11-17 08:39:21','2018-11-17 08:39:25','4a7a28ed-a6ae-4b2a-b792-180d335a7386'),
	(123,250,'Matter-stationery-suite.jpg',NULL,'_bigImage',1,1,0,'2018-11-17 08:39:21','2018-11-17 08:39:21','2018-11-17 08:39:23','8ceca3a4-8d17-4fc9-aa00-66b69eee71d4'),
	(124,245,'Matter-icon-suite.jpg',NULL,'_bigImage',1,1,0,'2018-11-17 08:39:21','2018-11-17 08:39:21','2018-11-17 08:39:26','c8caef48-ea12-4546-9b49-a61f074beef4'),
	(125,246,'Matter-HomePage_Long.jpg',NULL,'_bigImage',1,1,0,'2018-11-17 08:39:21','2018-11-17 08:39:21','2018-11-17 08:39:30','89532e48-fbba-45d9-b21e-c957bd5b09df'),
	(126,247,'Matter-IPad-1.jpg',NULL,'_bigImage',1,1,0,'2018-11-17 08:39:21','2018-11-17 08:39:21','2018-11-17 08:39:32','fa5103d7-916a-4c8d-97e9-90fd613b7802'),
	(127,248,'Matter-IPad-2.jpg',NULL,'_bigImage',1,1,0,'2018-11-17 08:39:21','2018-11-17 08:39:21','2018-11-17 08:39:33','88edc556-6519-4f2b-9d52-acde4d7e570b'),
	(128,226,'AGI-Open-Poster.jpg',NULL,'_smallImage',1,1,0,'2018-11-18 00:16:46','2018-11-18 00:16:46','2018-11-18 00:16:47','f37a5811-4e5d-4c98-9b0a-06e94a418fdb'),
	(129,228,'Agi-Open-Totes.jpg',NULL,'_bigImage',1,1,0,'2018-11-18 06:05:08','2018-11-18 06:05:08','2018-11-18 06:05:09','91260df1-2d20-4afc-a2b9-c3568179c462');

/*!40000 ALTER TABLE `assettransformindex` ENABLE KEYS */;
UNLOCK TABLES;


# Dump of table assettransforms
# ------------------------------------------------------------

DROP TABLE IF EXISTS `assettransforms`;

CREATE TABLE `assettransforms` (
  `id` int(11) NOT NULL AUTO_INCREMENT,
  `name` varchar(255) NOT NULL,
  `handle` varchar(255) NOT NULL,
  `mode` enum('stretch','fit','crop') NOT NULL DEFAULT 'crop',
  `position` enum('top-left','top-center','top-right','center-left','center-center','center-right','bottom-left','bottom-center','bottom-right') NOT NULL DEFAULT 'center-center',
  `width` int(11) unsigned DEFAULT NULL,
  `height` int(11) unsigned DEFAULT NULL,
  `format` varchar(255) DEFAULT NULL,
  `quality` int(11) DEFAULT NULL,
  `interlace` enum('none','line','plane','partition') NOT NULL DEFAULT 'none',
  `dimensionChangeTime` datetime DEFAULT NULL,
  `dateCreated` datetime NOT NULL,
  `dateUpdated` datetime NOT NULL,
  `uid` char(36) NOT NULL DEFAULT '0',
  PRIMARY KEY (`id`),
  UNIQUE KEY `assettransforms_name_unq_idx` (`name`),
  UNIQUE KEY `assettransforms_handle_unq_idx` (`handle`)
) ENGINE=InnoDB DEFAULT CHARSET=utf8;

LOCK TABLES `assettransforms` WRITE;
/*!40000 ALTER TABLE `assettransforms` DISABLE KEYS */;

INSERT INTO `assettransforms` (`id`, `name`, `handle`, `mode`, `position`, `width`, `height`, `format`, `quality`, `interlace`, `dimensionChangeTime`, `dateCreated`, `dateUpdated`, `uid`)
VALUES
	(1,'Big image','bigImage','fit','center-center',1920,NULL,NULL,82,'none','2018-10-20 23:47:56','2018-10-14 05:10:53','2018-10-20 23:47:56','9b547416-54ac-4246-92c7-c5f1ebde44d4'),
	(2,'Medium image','mediumImage','fit','center-center',NULL,720,NULL,82,'none','2018-10-14 05:11:57','2018-10-14 05:11:12','2018-10-14 05:11:57','69694213-e16c-4b99-b8e5-a79a8d481e12'),
	(3,'Small image','smallImage','fit','center-center',NULL,360,NULL,82,'none','2018-10-14 05:11:49','2018-10-14 05:11:49','2018-10-14 05:11:49','34edb8d6-bbe5-4846-9475-9838953a599f');

/*!40000 ALTER TABLE `assettransforms` ENABLE KEYS */;
UNLOCK TABLES;


# Dump of table categories
# ------------------------------------------------------------

DROP TABLE IF EXISTS `categories`;

CREATE TABLE `categories` (
  `id` int(11) NOT NULL,
  `groupId` int(11) NOT NULL,
  `dateCreated` datetime NOT NULL,
  `dateUpdated` datetime NOT NULL,
  `uid` char(36) NOT NULL DEFAULT '0',
  PRIMARY KEY (`id`),
  KEY `categories_groupId_idx` (`groupId`),
  CONSTRAINT `categories_groupId_fk` FOREIGN KEY (`groupId`) REFERENCES `categorygroups` (`id`) ON DELETE CASCADE,
  CONSTRAINT `categories_id_fk` FOREIGN KEY (`id`) REFERENCES `elements` (`id`) ON DELETE CASCADE
) ENGINE=InnoDB DEFAULT CHARSET=utf8;



# Dump of table categorygroups
# ------------------------------------------------------------

DROP TABLE IF EXISTS `categorygroups`;

CREATE TABLE `categorygroups` (
  `id` int(11) NOT NULL AUTO_INCREMENT,
  `structureId` int(11) NOT NULL,
  `fieldLayoutId` int(11) DEFAULT NULL,
  `name` varchar(255) NOT NULL,
  `handle` varchar(255) NOT NULL,
  `dateCreated` datetime NOT NULL,
  `dateUpdated` datetime NOT NULL,
  `uid` char(36) NOT NULL DEFAULT '0',
  PRIMARY KEY (`id`),
  UNIQUE KEY `categorygroups_name_unq_idx` (`name`),
  UNIQUE KEY `categorygroups_handle_unq_idx` (`handle`),
  KEY `categorygroups_structureId_idx` (`structureId`),
  KEY `categorygroups_fieldLayoutId_idx` (`fieldLayoutId`),
  CONSTRAINT `categorygroups_fieldLayoutId_fk` FOREIGN KEY (`fieldLayoutId`) REFERENCES `fieldlayouts` (`id`) ON DELETE SET NULL,
  CONSTRAINT `categorygroups_structureId_fk` FOREIGN KEY (`structureId`) REFERENCES `structures` (`id`) ON DELETE CASCADE
) ENGINE=InnoDB DEFAULT CHARSET=utf8;



# Dump of table categorygroups_sites
# ------------------------------------------------------------

DROP TABLE IF EXISTS `categorygroups_sites`;

CREATE TABLE `categorygroups_sites` (
  `id` int(11) NOT NULL AUTO_INCREMENT,
  `groupId` int(11) NOT NULL,
  `siteId` int(11) NOT NULL,
  `hasUrls` tinyint(1) NOT NULL DEFAULT '1',
  `uriFormat` text,
  `template` varchar(500) DEFAULT NULL,
  `dateCreated` datetime NOT NULL,
  `dateUpdated` datetime NOT NULL,
  `uid` char(36) NOT NULL DEFAULT '0',
  PRIMARY KEY (`id`),
  UNIQUE KEY `categorygroups_sites_groupId_siteId_unq_idx` (`groupId`,`siteId`),
  KEY `categorygroups_sites_siteId_idx` (`siteId`),
  CONSTRAINT `categorygroups_sites_groupId_fk` FOREIGN KEY (`groupId`) REFERENCES `categorygroups` (`id`) ON DELETE CASCADE,
  CONSTRAINT `categorygroups_sites_siteId_fk` FOREIGN KEY (`siteId`) REFERENCES `sites` (`id`) ON DELETE CASCADE ON UPDATE CASCADE
) ENGINE=InnoDB DEFAULT CHARSET=utf8;



# Dump of table content
# ------------------------------------------------------------

DROP TABLE IF EXISTS `content`;

CREATE TABLE `content` (
  `id` int(11) NOT NULL AUTO_INCREMENT,
  `elementId` int(11) NOT NULL,
  `siteId` int(11) NOT NULL,
  `title` varchar(255) DEFAULT NULL,
  `dateCreated` datetime NOT NULL,
  `dateUpdated` datetime NOT NULL,
  `uid` char(36) NOT NULL DEFAULT '0',
  `field_projectDescription` text,
  `field_projectUrl` text,
  `field_siteIntro` text,
  `field_infoIntro` text,
  `field_biography` text,
  `field_contactIntro` text,
  `field_hiddenProject` tinyint(1) DEFAULT NULL,
  PRIMARY KEY (`id`),
  UNIQUE KEY `content_elementId_siteId_unq_idx` (`elementId`,`siteId`),
  KEY `content_siteId_idx` (`siteId`),
  KEY `content_title_idx` (`title`),
  CONSTRAINT `content_elementId_fk` FOREIGN KEY (`elementId`) REFERENCES `elements` (`id`) ON DELETE CASCADE,
  CONSTRAINT `content_siteId_fk` FOREIGN KEY (`siteId`) REFERENCES `sites` (`id`) ON DELETE CASCADE ON UPDATE CASCADE
) ENGINE=InnoDB DEFAULT CHARSET=utf8;

LOCK TABLES `content` WRITE;
/*!40000 ALTER TABLE `content` DISABLE KEYS */;

INSERT INTO `content` (`id`, `elementId`, `siteId`, `title`, `dateCreated`, `dateUpdated`, `uid`, `field_projectDescription`, `field_projectUrl`, `field_siteIntro`, `field_infoIntro`, `field_biography`, `field_contactIntro`, `field_hiddenProject`)
VALUES
	(1,1,1,NULL,'2018-10-14 04:54:48','2018-10-14 04:54:48','e07ad40d-40d4-401b-b0b9-910d53e2a2dd',NULL,NULL,NULL,NULL,NULL,NULL,NULL),
	(2,2,1,'Information','2018-10-14 05:02:11','2018-10-21 10:24:06','8f2d8d03-eb97-4b81-8a82-0d900b29d9cd',NULL,NULL,NULL,'<h2>Dan<strong></strong>s works spans both cultural and commercial sectors, from large design institutions to tiny start-ups and he is available, on a project basis, to help lead or support design teams remotely, in-house or in-studio.</h2>','<p>Dan Flynn was born in Cork, Ireland and studied Visual Communication at IADT, Dublin (BA Hons, First Class). Upon graduating Dan spent time working at three renowned Irish studios Atelier, Detail and Zero-G, before moving to London to begin a four-year stint at internationally acclaimed studio Spin.</p><p>Under the mentorship of Tony Brook, Dan worked in an elite team on a diverse range of projects, earning a nomination for Designs of the Year, 2012 at the Design Museum, London.</p><p>In late 2014 Dan emigrated to Australia. Here joined Maud, Sydney in 2015 to begin work on a number of high profile jobs. As Creative Director from 201518, Dan lead some of the countries most complex identity projects for clients including UBank, BPay, Suncorp, Google and Australia Post. During this time Dan also helped establish a second office in Melbourne before starting a freelance practice in 2019.</p><p>Dan now provides design, development, strategy and consultancy services for cultural and commercial clients and has recently completed projects for the Alliance Graphique Internationale and Melbourne based start-up ShiftCo.</p>','To discuss a project, local or remote, get in contact below.',NULL),
	(3,3,1,'AGI','2018-10-14 05:52:43','2018-11-18 06:06:30','bb6f3771-f1ea-4abf-97c4-29d4baae3b21','<p>The Alliance Graphique Internationale [AGI] was established in 1951 as a means of uniting the worlds leading creative talents in design, advertising, and illustration. Bass, Calvert, Crouwel, Saville, Scherthe AGI is a whos who of design. Membership is prestigious. Prospective members are invited to present work to the jury on the basis of quality and reputation. Members range from single practitioners to partners in global agencies. The first phase of strategic implementation sees the AGI site positioned as a source of design inspiration and education for professionals and students alike.</p>','http://a-g-i.org',NULL,NULL,NULL,NULL,0),
	(4,5,1,'Landscape','2018-10-14 05:56:07','2018-10-14 05:56:07','78a69606-9afc-4976-a3bd-4864f8cd833b',NULL,NULL,NULL,NULL,NULL,NULL,NULL),
	(5,6,1,'Portrait','2018-10-14 05:56:57','2018-10-14 05:56:57','61dc1694-5df1-4191-a770-ac71ae806017',NULL,NULL,NULL,NULL,NULL,NULL,NULL),
	(6,11,1,'Homepage','2018-10-14 06:23:10','2018-10-14 07:45:14','a9d07ba6-a500-4aff-a364-70a73bb070a0',NULL,NULL,'<h2>design.byform is the portfolio of Dan Flynn, a freelance designer, developer and creative director, working out of Melbourne, Australia.</h2><h2>Dan specializes in finding simple solutions to complex problems. His wide-ranging expertise encompasses strategy, design and development of visual identities, products and portfolios.</h2>',NULL,NULL,NULL,NULL),
	(7,12,1,'Adam Clarke Colour','2018-10-14 07:05:46','2018-11-17 07:00:45','a553ef6d-442b-4044-a83e-0eec86764c77','<p>Adam Clarke is a Colourist working out of Absolute Post in Soho, London. With over 10 years experience in the Post Production industry, Adam specialises in grades for Features, Commercials and Music videos. With a skill-set spanning well beyond colour grading, Adam has led projects for brands such as Sony, Ferrari, Vogue, Goldfraap and The Prodigy. Full case study coming soon.</p>','http://adamclarkecolour.com',NULL,NULL,NULL,NULL,0),
	(8,15,1,'Osko','2018-10-20 04:32:35','2018-11-18 05:26:03','09f19a08-695e-43e7-9ac6-c01ed9ab7b64','<p>Several years in the making and involving contribution from every major financial institution, Osko brings instant payments to all of Australia.</p><p>Osko brings 24/7 nationwide payments to Australia, all in under 60 seconds. Other features include 280 character payment descriptions, PayID, the ability to request money and the option of adding attachments. Osko is set to become synonymous with these features as Australia begins to see Osko appear in apps, statements and transaction records.</p>','http://osko.com.au',NULL,NULL,NULL,NULL,0),
	(9,18,1,'Agi Homepage Laptop','2018-10-20 23:40:14','2018-10-20 23:40:14','73f3269b-f9c0-4567-b11d-1cad54d117d2',NULL,NULL,NULL,NULL,NULL,NULL,NULL),
	(10,19,1,'Agi Dick Elffers Typografie','2018-10-20 23:40:16','2018-10-20 23:40:16','29d3c26e-df3d-4f6b-9165-65c42bf6161c',NULL,NULL,NULL,NULL,NULL,NULL,NULL),
	(11,20,1,'Agi Dick Elffers Overview','2018-10-20 23:40:18','2018-10-20 23:40:18','7312fb1d-a1be-4c0c-b8f4-72e454d83b70',NULL,NULL,NULL,NULL,NULL,NULL,NULL),
	(12,21,1,'Agi Massimo Vignelli Knoll','2018-10-20 23:40:20','2018-10-20 23:40:20','b2819a49-690e-48ff-bcd0-5313d4752839',NULL,NULL,NULL,NULL,NULL,NULL,NULL),
	(13,22,1,'Agi Massimo Vignelli Overview','2018-10-20 23:40:22','2018-10-20 23:40:22','8b889336-36f7-4010-84c0-55a49e6a1464',NULL,NULL,NULL,NULL,NULL,NULL,NULL),
	(14,23,1,'Agi Tony Brook Spin360','2018-10-20 23:40:24','2018-10-20 23:40:24','1a25efb3-c5f7-4103-820d-f5fa22c78bef',NULL,NULL,NULL,NULL,NULL,NULL,NULL),
	(15,24,1,'Agi Work','2018-10-20 23:40:26','2018-10-20 23:40:26','88abc7e9-78e9-485a-ae30-803edcec8516',NULL,NULL,NULL,NULL,NULL,NULL,NULL),
	(16,25,1,'Agi Members','2018-10-20 23:40:28','2018-10-20 23:40:28','8842aa22-d4da-44f8-b727-b35e5f0422a7',NULL,NULL,NULL,NULL,NULL,NULL,NULL),
	(17,26,1,'Agi Tony Brook Overview','2018-10-20 23:40:29','2018-10-20 23:40:29','f35fc9b3-065f-4535-aa0b-9111cad2bba2',NULL,NULL,NULL,NULL,NULL,NULL,NULL),
	(19,34,1,'Osko Identity Standards Cover','2018-10-21 03:23:57','2018-10-21 03:23:57','9b118d57-e068-4108-87c4-920d444990e2',NULL,NULL,NULL,NULL,NULL,NULL,NULL),
	(20,35,1,'Osko Identity Standards Spreads 2','2018-10-21 03:24:00','2018-10-21 03:24:00','771ee51d-47e4-4826-bff1-bd32774993a0',NULL,NULL,NULL,NULL,NULL,NULL,NULL),
	(22,37,1,'Osko Logo Horizontal','2018-10-21 03:24:03','2018-10-21 03:24:03','bde4dba7-e6d2-4c1f-a5fb-bd313161d8fd',NULL,NULL,NULL,NULL,NULL,NULL,NULL),
	(23,38,1,'Osko Logo Vertical','2018-10-21 03:24:06','2018-10-21 03:24:06','4a53a26d-f1ae-41d8-832b-3e0c071afd2b',NULL,NULL,NULL,NULL,NULL,NULL,NULL),
	(24,39,1,'Osko Logo','2018-10-21 03:24:08','2018-10-21 03:24:08','eb30f789-67c4-4298-a311-e8eef7b0963d',NULL,NULL,NULL,NULL,NULL,NULL,NULL),
	(25,44,1,'Osko Bounce','2018-10-21 03:32:57','2018-10-21 03:32:57','ae664de6-1d1b-41d0-a682-c9a6af89ba67',NULL,NULL,NULL,NULL,NULL,NULL,NULL),
	(26,45,1,'Osko Jump','2018-10-21 03:32:58','2018-10-21 10:06:41','27e4b7bf-a3ac-4d81-847b-e9cb7c4de5d2',NULL,NULL,NULL,NULL,NULL,NULL,NULL),
	(27,46,1,'ShiftCo','2018-10-21 04:05:25','2018-11-17 07:00:30','546a6e82-8a4a-43e8-91d0-f129ad8e4320','<p>Founded in 2018, Melbourne based start up are on a mission to change healthcare recruitment forever. By connecting healthcare workers directly with hospitals they can cut out expensive, inefficient agents, saving hospitals time, money and stress. With digital staff banks, automatic rostering, and predictive forecasting, ShiftCo helps hospitals deliver the best and safest care possible.</p>','http://shiftco.com.au',NULL,NULL,NULL,NULL,0),
	(28,48,1,'Suncorp','2018-10-21 04:06:34','2018-11-10 06:59:46','a708109f-2a54-4ece-89c5-48d6e14cf7e3','<p>Suncorp specialise in everything moneyfinance, insurance, and banking. Based in Brisbane, Queensland it has grown to be one of the biggest of Australia\'s banks and is also the single largest insurer in the country.</p><p></p><p></p><p></p>','www.suncorp.com.au',NULL,NULL,NULL,NULL,0),
	(29,50,1,'Foxtel','2018-10-21 04:06:58','2018-11-18 06:05:56','4d56d63c-28e1-4086-9bc8-2fc0806b42b2','<p>As the countries largest producer and broadcaster Foxtel is synonymous with film and TV in Australia. With a new product, and much more affordable pricing model, Foxtel are striving to deliver the worlds best entertainment to everyone in Australia.</p><p>Full case study coming soon.</p><p></p><p></p>','http://foxtel.com.au',NULL,NULL,NULL,NULL,0),
	(30,52,1,'U Bank','2018-10-21 04:07:29','2018-11-10 07:30:48','9a25fe54-65dc-46df-99c5-21ead4cd3fc7','<p>Founded in 2007 as Australia\'s first online-only bank, UBANK operate under a less is more ethos</p><p>With no physical branches, a reduced portfolio of products and the lowest interest rates; UBANK operate at a lower cost than traditional banks. By removing unnecessary extras they pass savings directly to customers. This simplified, straight-forward ethos permeates ever facet of the business.No gimmicks, no tricks. Banking as it should be.</p>','http://ubank.com.au',NULL,NULL,NULL,NULL,0),
	(31,54,1,'Australia Post','2018-10-21 04:12:12','2018-11-10 07:41:57','b6c15476-eb1d-49d3-b70b-8603eb1df84d','<p>Over 18 months in the making and involving collaboration from scores of people inside and outside of the business, the Australia Post rebrand both respects the long standing history of its identity while also establishing a solid foundation to progress confidently into the next 30 years. Full case study coming soon.</p><p></p><p></p>','http://auspost.com.au',NULL,NULL,NULL,NULL,0),
	(32,56,1,'Google Zoo','2018-10-21 04:15:26','2018-11-18 06:06:00','d5fc09a5-4c2d-4425-91c8-7b1b7f44f075','<p>Described as a think tank for brands and agencies, the Zoo are Googles somewhat incognito wing of the tech giant.</p><p>Comprised of a global team of technologists, creatives, strategists and producers; Google Zoo explore how creative thinking and technology can combine to create new interaction between brands and consumers. Their analytical yet imaginative process informed a playful yet pragmatic identity design.</p>',NULL,NULL,NULL,NULL,NULL,0),
	(33,58,1,'Matter','2018-10-21 04:15:26','2018-11-17 08:39:16','1ebc36d3-f468-420a-b712-e3b076a22ebf','<p>Matter are out to fix a broken energy market and bring solar to millions of tenants around the world.</p><p>Solar energy is clean energy. Its also cheaper than grid electricity, but for millions of renters solar has been out of reach, until now. Matter givestenants access tocheap, clean energy, and landlords access to a new revenue stream.</p>',NULL,NULL,NULL,NULL,NULL,0),
	(34,60,1,'Google Zoo Logo Horizontal','2018-10-21 09:53:32','2018-10-21 09:53:32','a4e00103-37fb-4f87-bbba-4a8efe536f26',NULL,NULL,NULL,NULL,NULL,NULL,NULL),
	(35,61,1,'Ubank Logo Reveal','2018-10-21 09:56:08','2018-10-21 09:56:08','d85361a7-630c-49a9-802b-045b26469bac',NULL,NULL,NULL,NULL,NULL,NULL,NULL),
	(36,62,1,'Google Zoo Loop Short 2','2018-10-21 09:58:29','2018-10-21 09:58:29','1011ed80-8b5f-46fe-8a5c-9e03995e0993',NULL,NULL,NULL,NULL,NULL,NULL,NULL),
	(37,63,1,'Ubank Logo','2018-10-21 09:58:59','2018-10-21 09:58:59','481f67ad-626a-4d55-acd3-023e5861473f',NULL,NULL,NULL,NULL,NULL,NULL,NULL),
	(38,64,1,'Matter Homepage Laptop','2018-10-21 09:59:29','2018-10-21 09:59:29','4a31b305-da4d-4663-bf20-d8adfbe6c8c5',NULL,NULL,NULL,NULL,NULL,NULL,NULL),
	(39,65,1,'Osko Colours3','2018-10-21 10:05:12','2018-10-21 10:05:12','42638c8c-2dd0-4a77-9d2a-0c5d1c188858',NULL,NULL,NULL,NULL,NULL,NULL,NULL),
	(40,66,1,'Osko Safe Area2','2018-10-21 10:05:20','2018-10-21 10:05:20','c1644d58-e393-4890-8acf-426fdb7f2f5d',NULL,NULL,NULL,NULL,NULL,NULL,NULL),
	(41,69,1,'Bill Byron wines','2018-11-10 04:13:16','2018-11-18 06:06:08','429cd769-f856-496a-8296-abe996ed6440','<p>Named after the late William Byron; Bill Byron wines was founded to honour his larger-than-life legacy.</p><p>Their first wine, an organic blend of Shiraz, Cabernet and Merlot, contains hand selected grapes from lots 101, 102 and 105 from their New South Wales [AUS] vineyard; established by Bill Byron himself. Bills legacy and the location of these historic vines lay the foundation for the identity, website and label design; big, bold and without pretension.</p>','http://billbyronwines.com',NULL,NULL,NULL,NULL,0),
	(42,71,1,'M&M','2018-11-10 04:17:18','2018-11-18 06:06:13','d7687b5d-fa5b-4f23-ab4c-22ead7ba7a72','<p>Every December the Monkeys and Maud host a festive lunch, to celebrate the years successes.</p><p>This year, in place of a traditional invitation,we created a series of unique screen-printed posters. With 10+ \"M\" designs, 8 paper stocks, and 4 colour variations we created a wide variety of designs, ensuring no two people received the same print.</p>',NULL,NULL,NULL,NULL,NULL,0),
	(43,73,1,'AGI Open','2018-11-10 04:33:32','2018-11-18 06:02:49','dc695e75-6e58-4130-921a-f07fa3b9a220','<p>The AGI Open is one of the leading international design conferences. It is a two-day event featuring over 30 of the worlds leading graphic designers  all members of the Alliance Graphique Internationale (AGI).</p><p>The Alliance Graphique Internationale unites the worlds leading graphic designers in a professional gathering of common interest and intent. Membership is by invitation only: to be a member is to be judged a person of influence and importance nationally and internationally by existing members.Founded in 1954, past members have included Cassandre, Josef Mller-Brockmann and Paul Rand. Current members include Wim Crouwel, Massimo Vignelli, Paula Scher and Marian Bantjes.</p><p>Each year AGI Open is held in a different world city and featurestalks, interviews, workshopsand debates.In recent years it has been staged in Porto, Barcelona, Hong Kong,Sao Paula, Seoul and Paris.</p>','http://agi-open.com',NULL,NULL,NULL,NULL,1),
	(44,75,1,'Wired Magazine','2018-11-10 05:01:27','2018-11-18 05:58:06','ee4d5625-aeac-48ce-b6e8-ccc48d41cd65','<p>Print and motion cover for Wired magazine.</p>','http://wired.com',NULL,NULL,NULL,NULL,1),
	(45,77,1,'Delfina Foundation','2018-11-10 05:02:51','2018-11-17 08:12:42','c6de162b-12f8-481f-b5f3-c431900d7b58','<p>Delfina Foundation is the largest not for profit art foundation in the UK. Founded in 2007 they are dedicated to facilitating artistic exchange and creative practice through residencies, partnerships and public programming.</p><p>Over the last twenty-five years, Delfina has become synonymous with artistic development.The Foundation was established as the successor to Delfina Studio Trustrenowned in the international art world for nurturing and supporting many highly acclaimed artists and more than a dozen Turner Prize nominees.Delfina Foundation is a non-political and non-grant-making foundation.</p>','http://delfinafoundation.com',NULL,NULL,NULL,NULL,1),
	(46,79,1,'Edmund de Waal','2018-11-10 05:03:41','2018-11-10 07:32:52','c68bc099-b378-4ef0-a135-52fde4d27ebb','<p></p>',NULL,NULL,NULL,NULL,NULL,1),
	(47,81,1,'Okko','2018-11-10 05:04:48','2018-11-17 08:22:16','695c9b97-4dd0-43cd-af9d-a964b9257a2d','<p>Russian OTT service Okko, set out to disrupt a market renowned for piracy. By striking a balance between traditional lean-back TV watching and more active search and streaming, combined with an excellent catalogue of film and TV, Okko have managed to gain a massive subscription base in a very short time. Full case study coming soon.</p>','http://okko.tv',NULL,NULL,NULL,NULL,1),
	(48,83,1,'Matthew Hilton','2018-11-10 05:07:59','2018-11-18 06:03:21','9f110a63-12e4-409a-be60-a3591bda3b45','<p>One of Britains most esteemed industrial designers and a Royal Designer for Industry, Matthew\'s furniture is held in the permanent collections of the Victoria &amp; Albert Museum, and the Geffrye Museum, London.</p><p>Working in premium, robust materials including solid hardwood, cast iron, and brass, Hilton creates rigorously functional products that improve with the mark of age. Thinking like a sculptor, Matthew Hilton considers every view of a product equally, allowing for a sense of delight and surprise over the years as the user discovers new details and complexities.Matthew\'s site and identity were nominated for<a href=\"https://www.designboom.com/design/designs-of-the-year-2012-shortlist/\">Designs of the Year</a>in 2012.</p>','http://matthewhilton.com',NULL,NULL,NULL,NULL,1),
	(49,85,1,'Ubank Folders','2018-11-10 06:22:36','2018-11-10 06:22:36','75d45f8d-79d1-42e9-91b4-a1c439fa9e77',NULL,NULL,NULL,NULL,NULL,NULL,NULL),
	(50,86,1,'Ubank Debit Card 2 Up 2','2018-11-10 06:22:38','2018-11-10 06:22:38','14c91cd4-205d-4a84-821c-37b8e6d548c6',NULL,NULL,NULL,NULL,NULL,NULL,NULL),
	(51,87,1,'Ubank Debit Card 2 Up','2018-11-10 06:22:40','2018-11-10 06:22:40','2937b6cb-629d-4270-8ae3-f85f9a3f1dae',NULL,NULL,NULL,NULL,NULL,NULL,NULL),
	(52,88,1,'Ubank Business Cards 2 Up','2018-11-10 06:22:42','2018-11-10 06:22:42','64172b1c-2246-493b-8e2f-3e5403e1f2fb',NULL,NULL,NULL,NULL,NULL,NULL,NULL),
	(53,89,1,'Ubank Contract Pack','2018-11-10 06:22:43','2018-11-10 06:22:43','43d85477-b2ee-4d32-8693-3fac6e29aa96',NULL,NULL,NULL,NULL,NULL,NULL,NULL),
	(54,90,1,'Ubank Suite','2018-11-10 06:22:45','2018-11-10 06:22:45','c8658fa3-bb56-491c-b5dd-d4704dd1323a',NULL,NULL,NULL,NULL,NULL,NULL,NULL),
	(55,91,1,'Ubank Forms','2018-11-10 06:22:47','2018-11-10 06:22:47','0169307f-c634-4f84-bf2a-21c3e71da25c',NULL,NULL,NULL,NULL,NULL,NULL,NULL),
	(56,92,1,'Ubank Statement','2018-11-10 06:22:49','2018-11-10 06:22:49','124fe2f9-9691-4866-b62d-a30aadb09674',NULL,NULL,NULL,NULL,NULL,NULL,NULL),
	(57,93,1,'Ubank Jcd 1','2018-11-10 06:22:51','2018-11-10 06:22:51','db057a9c-5762-49fa-95e4-3ab6c99cf354',NULL,NULL,NULL,NULL,NULL,NULL,NULL),
	(58,94,1,'Ubank Homepage Laptop','2018-11-10 06:22:52','2018-11-10 06:22:52','7c6fef85-0aaf-4e69-b5ae-ce7d1a4eae03',NULL,NULL,NULL,NULL,NULL,NULL,NULL),
	(59,95,1,'Ubank Urhome Laptop','2018-11-10 06:22:52','2018-11-10 06:22:52','be7195c5-4e7b-43ad-9f26-5dbd8e4753fb',NULL,NULL,NULL,NULL,NULL,NULL,NULL),
	(60,96,1,'Ubank Interior 5','2018-11-10 06:22:53','2018-11-10 06:22:53','bd5a52b9-41a1-4a5a-8e6d-a6b51951c6d3',NULL,NULL,NULL,NULL,NULL,NULL,NULL),
	(61,97,1,'Ubank Interior 4','2018-11-10 06:22:54','2018-11-10 06:22:54','f768d121-6f64-447c-bb30-49df9ef197ec',NULL,NULL,NULL,NULL,NULL,NULL,NULL),
	(62,98,1,'Ubank Interior 3','2018-11-10 06:22:56','2018-11-10 06:22:56','3dcecc00-fcc8-4c55-b122-e0e73835fca6',NULL,NULL,NULL,NULL,NULL,NULL,NULL),
	(63,99,1,'Ubank Horizontal','2018-11-10 06:23:20','2018-11-10 06:23:20','11621854-da98-4b1d-bb54-e3d8de1878d4',NULL,NULL,NULL,NULL,NULL,NULL,NULL),
	(64,100,1,'Ubank About','2018-11-10 06:25:31','2018-11-10 06:25:31','336cb8cb-ee02-448d-a9ea-288555aef3d7',NULL,NULL,NULL,NULL,NULL,NULL,NULL),
	(65,101,1,'Ubank Urhome App','2018-11-10 06:25:34','2018-11-10 06:25:34','bbaa6952-37d8-4e34-867b-ee12873d2b94',NULL,NULL,NULL,NULL,NULL,NULL,NULL),
	(66,113,1,'Auspost Logo','2018-11-10 06:33:48','2018-11-10 06:33:48','d2232f7b-7867-44ac-ab90-746e54d1d443',NULL,NULL,NULL,NULL,NULL,NULL,NULL),
	(67,114,1,'Auspost Logo Black','2018-11-10 06:35:27','2018-11-10 06:35:27','f95640eb-4245-4edd-bc2e-fc67e9a03172',NULL,NULL,NULL,NULL,NULL,NULL,NULL),
	(68,115,1,'Acc Homepage','2018-11-10 06:38:41','2018-11-10 06:38:41','aa6f20ff-5a13-4ad0-bf8e-3bc38a047891',NULL,NULL,NULL,NULL,NULL,NULL,NULL),
	(69,116,1,'Foxtel Logo Red','2018-11-10 06:45:14','2018-11-17 07:03:08','7602c11b-9e61-4d19-b4a1-f27fe7a0a63a',NULL,NULL,NULL,NULL,NULL,NULL,NULL),
	(70,117,1,'Foxtel Logo Black','2018-11-10 06:45:17','2018-11-17 07:03:28','9556cca5-69d5-4cec-9712-56771c2e9230',NULL,NULL,NULL,NULL,NULL,NULL,NULL),
	(72,119,1,'Shiftco App Homepage','2018-11-10 06:58:04','2018-11-10 06:58:04','2956aabf-adeb-4dc7-9267-5d577e515c10',NULL,NULL,NULL,NULL,NULL,NULL,NULL),
	(73,120,1,'Shiftco Sales Homepage','2018-11-10 06:58:06','2018-11-10 06:58:06','a5de2980-5b52-425d-8e99-e0cce53aa7b1',NULL,NULL,NULL,NULL,NULL,NULL,NULL),
	(74,122,1,'Bbwines Bottle Row Mix','2018-11-10 07:02:33','2018-11-10 07:02:33','cc78537a-b36d-453d-bb41-65aefdd1b80c',NULL,NULL,NULL,NULL,NULL,NULL,NULL),
	(75,123,1,'Bb Wines Business Cards','2018-11-10 07:03:25','2018-11-10 07:05:30','1ec2fbc8-b026-4b82-bb2b-f014509e71bb',NULL,NULL,NULL,NULL,NULL,NULL,NULL),
	(76,124,1,'Bb Wines Estate','2018-11-10 07:03:28','2018-11-10 07:03:28','b48b29ff-c3b6-4174-aa24-3cff96699cf0',NULL,NULL,NULL,NULL,NULL,NULL,NULL),
	(77,125,1,'Bb Wines Folder','2018-11-10 07:03:28','2018-11-10 07:03:28','0cd07357-c7a3-4b81-954b-474f47ce4f77',NULL,NULL,NULL,NULL,NULL,NULL,NULL),
	(78,126,1,'Bb Wines Homepage Laptop','2018-11-10 07:03:30','2018-11-10 07:03:30','b0868b7a-adf6-4c50-8d51-8a5ded7e6d12',NULL,NULL,NULL,NULL,NULL,NULL,NULL),
	(79,127,1,'Bb Wines Homepage','2018-11-10 07:03:31','2018-11-10 07:03:31','830f52c0-2eae-41a2-a897-385dff4d900c',NULL,NULL,NULL,NULL,NULL,NULL,NULL),
	(80,128,1,'Bb Wines Horizontal','2018-11-10 07:03:33','2018-11-10 07:03:33','a961b64a-5526-4daa-8c8c-7a9e74302d43',NULL,NULL,NULL,NULL,NULL,NULL,NULL),
	(81,129,1,'Bb Wines Logo Loop','2018-11-10 07:03:34','2018-11-10 07:03:34','68410c5a-ef03-4cca-b34c-643bf967e85a',NULL,NULL,NULL,NULL,NULL,NULL,NULL),
	(82,130,1,'Bb Wines Logo','2018-11-10 07:03:37','2018-11-10 07:03:37','9f299077-8515-499d-af17-9ad45ef00dc4',NULL,NULL,NULL,NULL,NULL,NULL,NULL),
	(83,131,1,'Bb Wines Menu','2018-11-10 07:03:38','2018-11-10 07:03:38','b101786c-c56b-4857-b0b2-b1a46d2ada29',NULL,NULL,NULL,NULL,NULL,NULL,NULL),
	(84,132,1,'Bb Wines Suite 1','2018-11-10 07:03:40','2018-11-10 07:03:40','bd7c0559-8126-41c7-9021-016421848489',NULL,NULL,NULL,NULL,NULL,NULL,NULL),
	(85,133,1,'Bb Wines Suite 2','2018-11-10 07:03:42','2018-11-10 07:03:42','da81ae60-81a9-48c9-92b8-e9e73729ce20',NULL,NULL,NULL,NULL,NULL,NULL,NULL),
	(86,134,1,'Bb Wines Suite 3','2018-11-10 07:03:44','2018-11-10 07:03:44','3c8a417d-8629-42e9-9134-435dbfcc8920',NULL,NULL,NULL,NULL,NULL,NULL,NULL),
	(87,135,1,'Bb Wines Vineyard','2018-11-10 07:03:46','2018-11-10 07:03:46','2063c860-725e-4007-9a60-2d98d9489b22',NULL,NULL,NULL,NULL,NULL,NULL,NULL),
	(89,137,1,'Bbwines Bottle Mix Stagger 2','2018-11-10 07:06:20','2018-11-10 07:06:20','41de3df6-e210-429d-975f-f94db2cdde7c',NULL,NULL,NULL,NULL,NULL,NULL,NULL),
	(90,148,1,'Mmm Loop','2018-11-10 07:08:12','2018-11-10 07:08:12','e9d242ee-add5-4cc2-8d27-8620d5867078',NULL,NULL,NULL,NULL,NULL,NULL,NULL),
	(91,149,1,'Mmm 1','2018-11-10 07:08:36','2018-11-10 07:08:36','b64380a2-743b-4d5b-a8d8-336a12247d10',NULL,NULL,NULL,NULL,NULL,NULL,NULL),
	(92,150,1,'Mmm 2','2018-11-10 07:08:37','2018-11-10 07:08:37','f817dda0-560e-4162-a110-bd238e12c84d',NULL,NULL,NULL,NULL,NULL,NULL,NULL),
	(93,151,1,'Mmm 4','2018-11-10 07:08:38','2018-11-10 07:08:38','f5e3dfc1-a851-4a0f-9686-0bc438505247',NULL,NULL,NULL,NULL,NULL,NULL,NULL),
	(94,156,1,'Agi Open Homepage Laptop','2018-11-10 07:11:59','2018-11-10 07:11:59','8ff74c08-f9b7-416f-b539-dc6a2769e2b5',NULL,NULL,NULL,NULL,NULL,NULL,NULL),
	(95,157,1,'Wired Logo','2018-11-10 07:12:58','2018-11-10 07:12:58','a1152050-bd5d-425f-83c6-f16b51cdcc6f',NULL,NULL,NULL,NULL,NULL,NULL,NULL),
	(96,158,1,'Delfina Foundation Logo Df','2018-11-10 07:13:51','2018-11-10 07:13:51','b18aafab-01c6-402c-ad86-4524500da6e7',NULL,NULL,NULL,NULL,NULL,NULL,NULL),
	(97,159,1,'Edmund De Waal Homepage Laptop','2018-11-10 07:14:24','2018-11-10 07:14:24','c6556d4d-a146-4369-baff-45932aa02be1',NULL,NULL,NULL,NULL,NULL,NULL,NULL),
	(98,160,1,'Matthew Hilton Laptop','2018-11-10 07:14:43','2018-11-10 07:14:43','8a74343c-5b1f-438a-a4c6-06ce59c8aa25',NULL,NULL,NULL,NULL,NULL,NULL,NULL),
	(99,161,1,'Okko Logo','2018-11-10 07:16:21','2018-11-10 07:16:21','aef43a53-943d-4dd9-a7f5-0548366f48a2',NULL,NULL,NULL,NULL,NULL,NULL,NULL),
	(100,162,1,'Unlocked','2018-11-17 06:05:16','2018-11-17 06:05:30','b6840524-2f5c-4cc5-8632-ddb323d53058',NULL,NULL,NULL,NULL,NULL,NULL,NULL),
	(101,163,1,'Agi Screencast','2018-11-17 06:30:30','2018-11-17 06:30:30','36d1a570-09be-420e-8a59-67571e02794f',NULL,NULL,NULL,NULL,NULL,NULL,NULL),
	(104,169,1,'Google Zoo Loop','2018-11-17 07:12:51','2018-11-17 07:12:51','3caeaac7-b21f-4367-b6ac-99909029bc5d',NULL,NULL,NULL,NULL,NULL,NULL,NULL),
	(105,170,1,'Google Zoo Business Cards 2Up','2018-11-17 07:13:12','2018-11-17 07:13:12','2fb0f958-8a8e-4671-b232-5dd971bff73a',NULL,NULL,NULL,NULL,NULL,NULL,NULL),
	(106,171,1,'Google Zoo Business Cards Suite','2018-11-17 07:13:15','2018-11-17 07:13:15','44a62bd1-cd52-4a27-88af-13a9e4b9e95e',NULL,NULL,NULL,NULL,NULL,NULL,NULL),
	(107,172,1,'Google Zoo Comp Slip 2Up','2018-11-17 07:13:17','2018-11-17 07:13:17','e664a559-323f-4dc1-99b8-62285703427c',NULL,NULL,NULL,NULL,NULL,NULL,NULL),
	(108,173,1,'Google Zoo Poster Logo','2018-11-17 07:13:19','2018-11-17 07:13:19','7f981c46-fd92-4661-9b37-bc50c926a696',NULL,NULL,NULL,NULL,NULL,NULL,NULL),
	(109,174,1,'Google Zoo Poster Think Tank','2018-11-17 07:13:21','2018-11-17 07:13:21','65eeb090-5402-45b9-be0e-d79222772300',NULL,NULL,NULL,NULL,NULL,NULL,NULL),
	(110,175,1,'Google Zoo Suite','2018-11-17 07:13:23','2018-11-17 07:13:23','81e93c41-0b67-469b-8dc7-0404eb525973',NULL,NULL,NULL,NULL,NULL,NULL,NULL),
	(111,183,1,'Google Zoo Logo Loop','2018-11-17 07:16:30','2018-11-17 07:16:30','dbd78dc9-19cf-4a37-b183-32b12de4cab2',NULL,NULL,NULL,NULL,NULL,NULL,NULL),
	(112,185,1,'Foxtel Sound 3','2018-11-17 07:23:46','2018-11-17 07:23:46','0fb2fe09-9a40-4ffe-a4e6-feded690c233',NULL,NULL,NULL,NULL,NULL,NULL,NULL),
	(113,187,1,'Foxtel Hbo Circles Aa Dark','2018-11-17 08:00:37','2018-11-18 05:50:31','3d5a16c9-5f87-4421-90ba-a4ff85335834',NULL,NULL,NULL,NULL,NULL,NULL,NULL),
	(114,188,1,'Foxtel Hbo Tape Aa Light','2018-11-17 08:00:37','2018-11-17 08:00:37','f9db60d6-d5e6-4c5e-8126-4dd1ce97b228',NULL,NULL,NULL,NULL,NULL,NULL,NULL),
	(115,189,1,'Foxtel Main Fox Id Ball Bc','2018-11-17 08:00:38','2018-11-17 08:00:38','0d34af85-2896-4b93-8949-00d6c4b01c69',NULL,NULL,NULL,NULL,NULL,NULL,NULL),
	(116,190,1,'Foxtel Main Fox Id Paper Ba','2018-11-17 08:00:38','2018-11-17 08:00:38','f3403282-5b1c-4a30-b645-b81f16ed48a0',NULL,NULL,NULL,NULL,NULL,NULL,NULL),
	(117,191,1,'Foxtel Main Fox Id Pipes Ba','2018-11-17 08:00:38','2018-11-17 08:00:38','70fb5217-ba12-4234-a30d-259369e3d466',NULL,NULL,NULL,NULL,NULL,NULL,NULL),
	(118,192,1,'Foxtel Main Fox Id Portal Ac','2018-11-17 08:00:39','2018-11-17 08:00:39','8ac112e9-16ed-4d06-a11d-8b41f94bc995',NULL,NULL,NULL,NULL,NULL,NULL,NULL),
	(119,193,1,'Matthew Hilton Colombo','2018-11-17 08:06:22','2018-11-17 08:06:22','6973f797-d295-41d8-846a-e1569be9c157',NULL,NULL,NULL,NULL,NULL,NULL,NULL),
	(120,194,1,'Matthew Hilton Directory','2018-11-17 08:06:22','2018-11-17 08:06:22','c2b8f5ce-3da3-4626-8f18-bd7c4225cd31',NULL,NULL,NULL,NULL,NULL,NULL,NULL),
	(121,195,1,'Matthew Hilton Hastoe','2018-11-17 08:06:24','2018-11-17 08:06:24','5d00b3c0-53e9-4e11-9959-24108cc3b7d5',NULL,NULL,NULL,NULL,NULL,NULL,NULL),
	(122,196,1,'Matthew Hilton Maia','2018-11-17 08:06:24','2018-11-17 08:06:24','139c5203-29e6-4dbb-8652-42bbd9098f3b',NULL,NULL,NULL,NULL,NULL,NULL,NULL),
	(123,197,1,'Matthew Hilton Tapas','2018-11-17 08:06:25','2018-11-17 08:06:25','16fdb13a-12e9-404e-a5c4-886381fcf5a6',NULL,NULL,NULL,NULL,NULL,NULL,NULL),
	(124,198,1,'Matthew Hilton Thin','2018-11-17 08:06:26','2018-11-17 08:06:26','a49f8c6c-93d2-4eab-be4f-beed3f39ce9a',NULL,NULL,NULL,NULL,NULL,NULL,NULL),
	(125,204,1,'Delfina Foundation Ahmet Ogut 1','2018-11-17 08:10:45','2018-11-17 08:10:45','ff52d520-1be9-490e-a712-1c7f35c5f2eb',NULL,NULL,NULL,NULL,NULL,NULL,NULL),
	(126,205,1,'Delfina Foundation Ahmet Ogut 3','2018-11-17 08:10:46','2018-11-17 08:10:46','515b9a16-3704-4555-a68e-b6540d6857ba',NULL,NULL,NULL,NULL,NULL,NULL,NULL),
	(127,206,1,'Delfina Foundation Ahmet Ogut 4','2018-11-17 08:10:47','2018-11-17 08:10:47','4f379204-156e-4a5b-827e-3591cb428b6c',NULL,NULL,NULL,NULL,NULL,NULL,NULL),
	(128,207,1,'Delfina Foundation Cards','2018-11-17 08:10:47','2018-11-17 08:10:47','779cb5fb-8c20-41f4-a598-89ceb28f6f3d',NULL,NULL,NULL,NULL,NULL,NULL,NULL),
	(129,208,1,'Delfina Foundation Suite','2018-11-17 08:10:48','2018-11-17 08:10:48','44243734-a808-4d74-9278-c495e8c13c0b',NULL,NULL,NULL,NULL,NULL,NULL,NULL),
	(130,209,1,'Delfina Foundation Tote','2018-11-17 08:10:49','2018-11-17 08:10:49','e14acba3-6462-4654-a5b4-a46bb7c4e1cc',NULL,NULL,NULL,NULL,NULL,NULL,NULL),
	(131,216,1,'Okko Symbol','2018-11-17 08:21:23','2018-11-17 08:21:23','404c8032-c773-4c2a-9b01-3cb51fd252d2',NULL,NULL,NULL,NULL,NULL,NULL,NULL),
	(132,218,1,'Wired Magazine Cover','2018-11-17 08:24:19','2018-11-17 08:24:19','655a8c9e-9289-44ca-91f5-e16fea6d1ded',NULL,NULL,NULL,NULL,NULL,NULL,NULL),
	(133,219,1,'Wired Magazine Animated Cover','2018-11-17 08:24:21','2018-11-17 08:24:21','2b004db1-c60c-460b-8367-69654a389f15',NULL,NULL,NULL,NULL,NULL,NULL,NULL),
	(134,222,1,'Agi Open Home','2018-11-17 08:28:33','2018-11-17 08:28:33','60439d90-3ba5-417f-a0ad-3d241000cbb6',NULL,NULL,NULL,NULL,NULL,NULL,NULL),
	(135,223,1,'Agi Open Speakers','2018-11-17 08:28:50','2018-11-17 08:28:50','4b4bcf35-4dab-485b-b4e8-49e3494c30d5',NULL,NULL,NULL,NULL,NULL,NULL,NULL),
	(136,224,1,'Agi Open Peter Saville','2018-11-17 08:29:15','2018-11-17 08:29:15','1a15d470-6616-4b26-8391-37cd9ac19da8',NULL,NULL,NULL,NULL,NULL,NULL,NULL),
	(137,225,1,'Agi Open Venue','2018-11-17 08:29:46','2018-11-17 08:29:46','f62c7549-ab27-4f97-91fe-0621eec4a3d8',NULL,NULL,NULL,NULL,NULL,NULL,NULL),
	(138,226,1,'Agi Open Poster','2018-11-17 08:30:04','2018-11-17 08:30:04','eb03632e-3074-4fb5-89cf-34dd8dc30580',NULL,NULL,NULL,NULL,NULL,NULL,NULL),
	(139,227,1,'Agi Open Circle T','2018-11-17 08:30:42','2018-11-17 08:30:42','925fa0c7-98d5-4f7d-8a9f-765e49c3bb94',NULL,NULL,NULL,NULL,NULL,NULL,NULL),
	(140,228,1,'Agi Open Totes','2018-11-17 08:30:43','2018-11-17 08:30:43','c3c6a6f1-9f2d-4256-a12f-f0360d038d0a',NULL,NULL,NULL,NULL,NULL,NULL,NULL),
	(141,229,1,'Agi Open Triangle T','2018-11-17 08:30:53','2018-11-17 08:30:53','f2b2be17-78ea-42cc-b12d-6f8b194248d0',NULL,NULL,NULL,NULL,NULL,NULL,NULL),
	(142,230,1,'Agi Open Speaker 1','2018-11-17 08:33:19','2018-11-17 08:33:19','17527d52-1968-4306-9415-8508123e198d',NULL,NULL,NULL,NULL,NULL,NULL,NULL),
	(143,231,1,'Agi Open Speaker 3','2018-11-17 08:33:30','2018-11-17 08:33:30','cc1fb2c4-3fa4-4bf3-a461-c292ffd97914',NULL,NULL,NULL,NULL,NULL,NULL,NULL),
	(144,232,1,'Agi Open Sting A2','2018-11-17 08:33:48','2018-11-17 08:33:48','716b5c65-f603-47fd-aa77-71a83d0d5d6e',NULL,NULL,NULL,NULL,NULL,NULL,NULL),
	(145,233,1,'Agi Open Sting A3','2018-11-17 08:34:22','2018-11-17 08:34:22','41c47c79-8ee1-4716-9106-50059571a14a',NULL,NULL,NULL,NULL,NULL,NULL,NULL),
	(146,244,1,'Matter Icon Loop Blue','2018-11-17 08:37:15','2018-11-17 08:37:15','5c78d595-6666-4fdb-b747-03d76aa5a0d5',NULL,NULL,NULL,NULL,NULL,NULL,NULL),
	(147,245,1,'Matter Icon Suite','2018-11-17 08:37:43','2018-11-17 08:37:43','81a9c015-9660-4664-9a45-11de830fafcd',NULL,NULL,NULL,NULL,NULL,NULL,NULL),
	(148,246,1,'Matter Homepage Long','2018-11-17 08:38:07','2018-11-17 08:38:07','45f73dee-b1d9-4881-9c8b-88bdab28910b',NULL,NULL,NULL,NULL,NULL,NULL,NULL),
	(149,247,1,'Matter Ipad 1','2018-11-17 08:38:30','2018-11-17 08:38:30','ba633051-34e8-45a6-9195-e95044124beb',NULL,NULL,NULL,NULL,NULL,NULL,NULL),
	(150,248,1,'Matter Ipad 2','2018-11-17 08:38:39','2018-11-17 08:38:39','ec18aca4-0b5c-450a-9181-cc327ee52044',NULL,NULL,NULL,NULL,NULL,NULL,NULL),
	(151,249,1,'Matter Business Cards','2018-11-17 08:38:51','2018-11-17 08:38:51','40a43054-6e73-4d67-b067-7543bb1f16d3',NULL,NULL,NULL,NULL,NULL,NULL,NULL),
	(152,250,1,'Matter Stationery Suite','2018-11-17 08:38:56','2018-11-17 08:38:56','ae6d697f-7f8f-4ed4-8358-6513ff7e8d41',NULL,NULL,NULL,NULL,NULL,NULL,NULL),
	(153,259,1,'Osko Animation Intro','2018-11-18 00:29:09','2018-11-18 00:29:09','d061f938-09b0-4e7b-8998-6e183b916a63',NULL,NULL,NULL,NULL,NULL,NULL,NULL);

/*!40000 ALTER TABLE `content` ENABLE KEYS */;
UNLOCK TABLES;


# Dump of table craftidtokens
# ------------------------------------------------------------

DROP TABLE IF EXISTS `craftidtokens`;

CREATE TABLE `craftidtokens` (
  `id` int(11) NOT NULL AUTO_INCREMENT,
  `userId` int(11) NOT NULL,
  `accessToken` text NOT NULL,
  `expiryDate` datetime DEFAULT NULL,
  `dateCreated` datetime NOT NULL,
  `dateUpdated` datetime NOT NULL,
  `uid` char(36) NOT NULL DEFAULT '0',
  PRIMARY KEY (`id`),
  KEY `craftidtokens_userId_fk` (`userId`),
  CONSTRAINT `craftidtokens_userId_fk` FOREIGN KEY (`userId`) REFERENCES `users` (`id`) ON DELETE CASCADE
) ENGINE=InnoDB DEFAULT CHARSET=utf8;



# Dump of table deprecationerrors
# ------------------------------------------------------------

DROP TABLE IF EXISTS `deprecationerrors`;

CREATE TABLE `deprecationerrors` (
  `id` int(11) NOT NULL AUTO_INCREMENT,
  `key` varchar(255) NOT NULL,
  `fingerprint` varchar(255) NOT NULL,
  `lastOccurrence` datetime NOT NULL,
  `file` varchar(255) NOT NULL,
  `line` smallint(6) unsigned DEFAULT NULL,
  `message` varchar(255) DEFAULT NULL,
  `traces` text,
  `dateCreated` datetime NOT NULL,
  `dateUpdated` datetime NOT NULL,
  `uid` char(36) NOT NULL DEFAULT '0',
  PRIMARY KEY (`id`),
  UNIQUE KEY `deprecationerrors_key_fingerprint_unq_idx` (`key`,`fingerprint`)
) ENGINE=InnoDB DEFAULT CHARSET=utf8;

LOCK TABLES `deprecationerrors` WRITE;
/*!40000 ALTER TABLE `deprecationerrors` DISABLE KEYS */;

INSERT INTO `deprecationerrors` (`id`, `key`, `fingerprint`, `lastOccurrence`, `file`, `line`, `message`, `traces`, `dateCreated`, `dateUpdated`, `uid`)
VALUES
	(9155,'ElementQuery::getIterator()','/Users/dan.flynn/Dropbox (Personal)/Dev/newForm/templates/unlocked.html:55','2018-11-18 06:14:45','/Users/dan.flynn/Dropbox (Personal)/Dev/newForm/templates/unlocked.html',55,'Looping through element queries directly has been deprecated. Use the all() function to fetch the query results before looping over them.','[{\"objectClass\":\"craft\\\\services\\\\Deprecator\",\"file\":\"/Users/dan.flynn/Dropbox (Personal)/Dev/newForm/vendor/craftcms/cms/src/elements/db/ElementQuery.php\",\"line\":456,\"class\":\"craft\\\\services\\\\Deprecator\",\"method\":\"log\",\"args\":\"\\\"ElementQuery::getIterator()\\\", \\\"Looping through element queries directly has been deprecated. Us...\\\"\"},{\"objectClass\":\"craft\\\\elements\\\\db\\\\AssetQuery\",\"file\":\"/Users/dan.flynn/Dropbox (Personal)/Dev/newForm/storage/runtime/compiled_templates/e4/e4ded77608b3a02f1b65f7b267d65eb4f0ff9a762f7c52bb619a56cf555f9679.php\",\"line\":169,\"class\":\"craft\\\\elements\\\\db\\\\ElementQuery\",\"method\":\"getIterator\",\"args\":null},{\"objectClass\":\"__TwigTemplate_81b44d6697648e80c90de521c42e30ad363c4b8c5ee0b513cd2e01f78f05c951\",\"file\":\"/Users/dan.flynn/Dropbox (Personal)/Dev/newForm/vendor/twig/twig/lib/Twig/Template.php\",\"line\":189,\"class\":\"__TwigTemplate_81b44d6697648e80c90de521c42e30ad363c4b8c5ee0b513cd2e01f78f05c951\",\"method\":\"block_main\",\"args\":\"[\\\"entry\\\" => craft\\\\elements\\\\Entry, \\\"variables\\\" => [\\\"entry\\\" => craft\\\\elements\\\\Entry], \\\"view\\\" => craft\\\\web\\\\View, \\\"SORT_ASC\\\" => 4, ...], [\\\"main\\\" => [__TwigTemplate_81b44d6697648e80c90de521c42e30ad363c4b8c5ee0b513cd2e01f78f05c951, \\\"block_main\\\"]]\"},{\"objectClass\":\"__TwigTemplate_000f73c93d4856bda72470d27028ae5967907a55f5bee74b0aa3f25cd8c8b57e\",\"file\":\"/Users/dan.flynn/Dropbox (Personal)/Dev/newForm/storage/runtime/compiled_templates/b7/b71f7813862d5a25f808fa366ef108bd0c28716a9f27581152d0eb6702ec8f72.php\",\"line\":86,\"class\":\"Twig_Template\",\"method\":\"displayBlock\",\"args\":\"\\\"main\\\", [\\\"entry\\\" => craft\\\\elements\\\\Entry, \\\"variables\\\" => [\\\"entry\\\" => craft\\\\elements\\\\Entry], \\\"view\\\" => craft\\\\web\\\\View, \\\"SORT_ASC\\\" => 4, ...], [\\\"main\\\" => [__TwigTemplate_81b44d6697648e80c90de521c42e30ad363c4b8c5ee0b513cd2e01f78f05c951, \\\"block_main\\\"]]\"},{\"objectClass\":\"__TwigTemplate_000f73c93d4856bda72470d27028ae5967907a55f5bee74b0aa3f25cd8c8b57e\",\"file\":\"/Users/dan.flynn/Dropbox (Personal)/Dev/newForm/vendor/twig/twig/lib/Twig/Template.php\",\"line\":390,\"class\":\"__TwigTemplate_000f73c93d4856bda72470d27028ae5967907a55f5bee74b0aa3f25cd8c8b57e\",\"method\":\"doDisplay\",\"args\":\"[\\\"entry\\\" => craft\\\\elements\\\\Entry, \\\"variables\\\" => [\\\"entry\\\" => craft\\\\elements\\\\Entry], \\\"view\\\" => craft\\\\web\\\\View, \\\"SORT_ASC\\\" => 4, ...], [\\\"main\\\" => [__TwigTemplate_81b44d6697648e80c90de521c42e30ad363c4b8c5ee0b513cd2e01f78f05c951, \\\"block_main\\\"]]\"},{\"objectClass\":\"__TwigTemplate_000f73c93d4856bda72470d27028ae5967907a55f5bee74b0aa3f25cd8c8b57e\",\"file\":\"/Users/dan.flynn/Dropbox (Personal)/Dev/newForm/vendor/craftcms/cms/src/web/twig/Template.php\",\"line\":49,\"class\":\"Twig_Template\",\"method\":\"displayWithErrorHandling\",\"args\":\"[\\\"entry\\\" => craft\\\\elements\\\\Entry, \\\"variables\\\" => [\\\"entry\\\" => craft\\\\elements\\\\Entry], \\\"view\\\" => craft\\\\web\\\\View, \\\"SORT_ASC\\\" => 4, ...], [\\\"main\\\" => [__TwigTemplate_81b44d6697648e80c90de521c42e30ad363c4b8c5ee0b513cd2e01f78f05c951, \\\"block_main\\\"]]\"},{\"objectClass\":\"__TwigTemplate_000f73c93d4856bda72470d27028ae5967907a55f5bee74b0aa3f25cd8c8b57e\",\"file\":\"/Users/dan.flynn/Dropbox (Personal)/Dev/newForm/vendor/twig/twig/lib/Twig/Template.php\",\"line\":367,\"class\":\"craft\\\\web\\\\twig\\\\Template\",\"method\":\"displayWithErrorHandling\",\"args\":\"[\\\"entry\\\" => craft\\\\elements\\\\Entry, \\\"variables\\\" => [\\\"entry\\\" => craft\\\\elements\\\\Entry], \\\"view\\\" => craft\\\\web\\\\View, \\\"SORT_ASC\\\" => 4, ...], [\\\"main\\\" => [__TwigTemplate_81b44d6697648e80c90de521c42e30ad363c4b8c5ee0b513cd2e01f78f05c951, \\\"block_main\\\"]]\"},{\"objectClass\":\"__TwigTemplate_000f73c93d4856bda72470d27028ae5967907a55f5bee74b0aa3f25cd8c8b57e\",\"file\":\"/Users/dan.flynn/Dropbox (Personal)/Dev/newForm/vendor/craftcms/cms/src/web/twig/Template.php\",\"line\":31,\"class\":\"Twig_Template\",\"method\":\"display\",\"args\":\"[\\\"entry\\\" => craft\\\\elements\\\\Entry, \\\"variables\\\" => [\\\"entry\\\" => craft\\\\elements\\\\Entry], \\\"view\\\" => craft\\\\web\\\\View, \\\"SORT_ASC\\\" => 4, ...], [\\\"main\\\" => [__TwigTemplate_81b44d6697648e80c90de521c42e30ad363c4b8c5ee0b513cd2e01f78f05c951, \\\"block_main\\\"]]\"},{\"objectClass\":\"__TwigTemplate_000f73c93d4856bda72470d27028ae5967907a55f5bee74b0aa3f25cd8c8b57e\",\"file\":\"/Users/dan.flynn/Dropbox (Personal)/Dev/newForm/storage/runtime/compiled_templates/e4/e4ded77608b3a02f1b65f7b267d65eb4f0ff9a762f7c52bb619a56cf555f9679.php\",\"line\":28,\"class\":\"craft\\\\web\\\\twig\\\\Template\",\"method\":\"display\",\"args\":\"[\\\"entry\\\" => craft\\\\elements\\\\Entry, \\\"variables\\\" => [\\\"entry\\\" => craft\\\\elements\\\\Entry], \\\"view\\\" => craft\\\\web\\\\View, \\\"SORT_ASC\\\" => 4, ...], [\\\"main\\\" => [__TwigTemplate_81b44d6697648e80c90de521c42e30ad363c4b8c5ee0b513cd2e01f78f05c951, \\\"block_main\\\"]]\"},{\"objectClass\":\"__TwigTemplate_81b44d6697648e80c90de521c42e30ad363c4b8c5ee0b513cd2e01f78f05c951\",\"file\":\"/Users/dan.flynn/Dropbox (Personal)/Dev/newForm/vendor/twig/twig/lib/Twig/Template.php\",\"line\":390,\"class\":\"__TwigTemplate_81b44d6697648e80c90de521c42e30ad363c4b8c5ee0b513cd2e01f78f05c951\",\"method\":\"doDisplay\",\"args\":\"[\\\"entry\\\" => craft\\\\elements\\\\Entry, \\\"variables\\\" => [\\\"entry\\\" => craft\\\\elements\\\\Entry], \\\"view\\\" => craft\\\\web\\\\View, \\\"SORT_ASC\\\" => 4, ...], [\\\"main\\\" => [__TwigTemplate_81b44d6697648e80c90de521c42e30ad363c4b8c5ee0b513cd2e01f78f05c951, \\\"block_main\\\"]]\"},{\"objectClass\":\"__TwigTemplate_81b44d6697648e80c90de521c42e30ad363c4b8c5ee0b513cd2e01f78f05c951\",\"file\":\"/Users/dan.flynn/Dropbox (Personal)/Dev/newForm/vendor/craftcms/cms/src/web/twig/Template.php\",\"line\":49,\"class\":\"Twig_Template\",\"method\":\"displayWithErrorHandling\",\"args\":\"[\\\"entry\\\" => craft\\\\elements\\\\Entry, \\\"variables\\\" => [\\\"entry\\\" => craft\\\\elements\\\\Entry], \\\"view\\\" => craft\\\\web\\\\View, \\\"SORT_ASC\\\" => 4, ...], [\\\"main\\\" => [__TwigTemplate_81b44d6697648e80c90de521c42e30ad363c4b8c5ee0b513cd2e01f78f05c951, \\\"block_main\\\"]]\"},{\"objectClass\":\"__TwigTemplate_81b44d6697648e80c90de521c42e30ad363c4b8c5ee0b513cd2e01f78f05c951\",\"file\":\"/Users/dan.flynn/Dropbox (Personal)/Dev/newForm/vendor/twig/twig/lib/Twig/Template.php\",\"line\":367,\"class\":\"craft\\\\web\\\\twig\\\\Template\",\"method\":\"displayWithErrorHandling\",\"args\":\"[\\\"entry\\\" => craft\\\\elements\\\\Entry, \\\"variables\\\" => [\\\"entry\\\" => craft\\\\elements\\\\Entry], \\\"view\\\" => craft\\\\web\\\\View, \\\"SORT_ASC\\\" => 4, ...], [\\\"main\\\" => [__TwigTemplate_81b44d6697648e80c90de521c42e30ad363c4b8c5ee0b513cd2e01f78f05c951, \\\"block_main\\\"]]\"},{\"objectClass\":\"__TwigTemplate_81b44d6697648e80c90de521c42e30ad363c4b8c5ee0b513cd2e01f78f05c951\",\"file\":\"/Users/dan.flynn/Dropbox (Personal)/Dev/newForm/vendor/craftcms/cms/src/web/twig/Template.php\",\"line\":31,\"class\":\"Twig_Template\",\"method\":\"display\",\"args\":\"[\\\"entry\\\" => craft\\\\elements\\\\Entry, \\\"variables\\\" => [\\\"entry\\\" => craft\\\\elements\\\\Entry]], []\"},{\"objectClass\":\"__TwigTemplate_81b44d6697648e80c90de521c42e30ad363c4b8c5ee0b513cd2e01f78f05c951\",\"file\":\"/Users/dan.flynn/Dropbox (Personal)/Dev/newForm/vendor/twig/twig/lib/Twig/Template.php\",\"line\":375,\"class\":\"craft\\\\web\\\\twig\\\\Template\",\"method\":\"display\",\"args\":\"[\\\"entry\\\" => craft\\\\elements\\\\Entry, \\\"variables\\\" => [\\\"entry\\\" => craft\\\\elements\\\\Entry]]\"},{\"objectClass\":\"__TwigTemplate_81b44d6697648e80c90de521c42e30ad363c4b8c5ee0b513cd2e01f78f05c951\",\"file\":\"/Users/dan.flynn/Dropbox (Personal)/Dev/newForm/vendor/twig/twig/lib/Twig/Environment.php\",\"line\":289,\"class\":\"Twig_Template\",\"method\":\"render\",\"args\":\"[\\\"entry\\\" => craft\\\\elements\\\\Entry, \\\"variables\\\" => [\\\"entry\\\" => craft\\\\elements\\\\Entry]]\"},{\"objectClass\":\"craft\\\\web\\\\twig\\\\Environment\",\"file\":\"/Users/dan.flynn/Dropbox (Personal)/Dev/newForm/vendor/craftcms/cms/src/web/View.php\",\"line\":331,\"class\":\"Twig_Environment\",\"method\":\"render\",\"args\":\"\\\"unlocked\\\", [\\\"entry\\\" => craft\\\\elements\\\\Entry, \\\"variables\\\" => [\\\"entry\\\" => craft\\\\elements\\\\Entry]]\"},{\"objectClass\":\"craft\\\\web\\\\View\",\"file\":\"/Users/dan.flynn/Dropbox (Personal)/Dev/newForm/vendor/craftcms/cms/src/web/View.php\",\"line\":378,\"class\":\"craft\\\\web\\\\View\",\"method\":\"renderTemplate\",\"args\":\"\\\"unlocked\\\", [\\\"entry\\\" => craft\\\\elements\\\\Entry, \\\"variables\\\" => [\\\"entry\\\" => craft\\\\elements\\\\Entry]]\"},{\"objectClass\":\"craft\\\\web\\\\View\",\"file\":\"/Users/dan.flynn/Dropbox (Personal)/Dev/newForm/vendor/craftcms/cms/src/web/Controller.php\",\"line\":156,\"class\":\"craft\\\\web\\\\View\",\"method\":\"renderPageTemplate\",\"args\":\"\\\"unlocked\\\", [\\\"entry\\\" => craft\\\\elements\\\\Entry, \\\"variables\\\" => [\\\"entry\\\" => craft\\\\elements\\\\Entry]]\"},{\"objectClass\":\"craft\\\\controllers\\\\TemplatesController\",\"file\":\"/Users/dan.flynn/Dropbox (Personal)/Dev/newForm/vendor/craftcms/cms/src/controllers/TemplatesController.php\",\"line\":78,\"class\":\"craft\\\\web\\\\Controller\",\"method\":\"renderTemplate\",\"args\":\"\\\"unlocked\\\", [\\\"entry\\\" => craft\\\\elements\\\\Entry, \\\"variables\\\" => [\\\"entry\\\" => craft\\\\elements\\\\Entry]]\"},{\"objectClass\":\"craft\\\\controllers\\\\TemplatesController\",\"file\":null,\"line\":null,\"class\":\"craft\\\\controllers\\\\TemplatesController\",\"method\":\"actionRender\",\"args\":\"\\\"unlocked\\\", [\\\"entry\\\" => craft\\\\elements\\\\Entry, \\\"variables\\\" => [\\\"entry\\\" => craft\\\\elements\\\\Entry]]\"},{\"objectClass\":null,\"file\":\"/Users/dan.flynn/Dropbox (Personal)/Dev/newForm/vendor/yiisoft/yii2/base/InlineAction.php\",\"line\":57,\"class\":null,\"method\":\"call_user_func_array\",\"args\":\"[craft\\\\controllers\\\\TemplatesController, \\\"actionRender\\\"], [\\\"unlocked\\\", [\\\"entry\\\" => craft\\\\elements\\\\Entry]]\"},{\"objectClass\":\"yii\\\\base\\\\InlineAction\",\"file\":\"/Users/dan.flynn/Dropbox (Personal)/Dev/newForm/vendor/yiisoft/yii2/base/Controller.php\",\"line\":157,\"class\":\"yii\\\\base\\\\InlineAction\",\"method\":\"runWithParams\",\"args\":\"[\\\"template\\\" => \\\"unlocked\\\", \\\"variables\\\" => [\\\"entry\\\" => craft\\\\elements\\\\Entry], \\\"p\\\" => \\\"unlocked\\\"]\"},{\"objectClass\":\"craft\\\\controllers\\\\TemplatesController\",\"file\":\"/Users/dan.flynn/Dropbox (Personal)/Dev/newForm/vendor/craftcms/cms/src/web/Controller.php\",\"line\":104,\"class\":\"yii\\\\base\\\\Controller\",\"method\":\"runAction\",\"args\":\"\\\"render\\\", [\\\"template\\\" => \\\"unlocked\\\", \\\"variables\\\" => [\\\"entry\\\" => craft\\\\elements\\\\Entry], \\\"p\\\" => \\\"unlocked\\\"]\"},{\"objectClass\":\"craft\\\\controllers\\\\TemplatesController\",\"file\":\"/Users/dan.flynn/Dropbox (Personal)/Dev/newForm/vendor/yiisoft/yii2/base/Module.php\",\"line\":528,\"class\":\"craft\\\\web\\\\Controller\",\"method\":\"runAction\",\"args\":\"\\\"render\\\", [\\\"template\\\" => \\\"unlocked\\\", \\\"variables\\\" => [\\\"entry\\\" => craft\\\\elements\\\\Entry], \\\"p\\\" => \\\"unlocked\\\"]\"},{\"objectClass\":\"craft\\\\web\\\\Application\",\"file\":\"/Users/dan.flynn/Dropbox (Personal)/Dev/newForm/vendor/craftcms/cms/src/web/Application.php\",\"line\":282,\"class\":\"yii\\\\base\\\\Module\",\"method\":\"runAction\",\"args\":\"\\\"templates/render\\\", [\\\"template\\\" => \\\"unlocked\\\", \\\"variables\\\" => [\\\"entry\\\" => craft\\\\elements\\\\Entry], \\\"p\\\" => \\\"unlocked\\\"]\"},{\"objectClass\":\"craft\\\\web\\\\Application\",\"file\":\"/Users/dan.flynn/Dropbox (Personal)/Dev/newForm/vendor/yiisoft/yii2/web/Application.php\",\"line\":103,\"class\":\"craft\\\\web\\\\Application\",\"method\":\"runAction\",\"args\":\"\\\"templates/render\\\", [\\\"template\\\" => \\\"unlocked\\\", \\\"variables\\\" => [\\\"entry\\\" => craft\\\\elements\\\\Entry], \\\"p\\\" => \\\"unlocked\\\"]\"},{\"objectClass\":\"craft\\\\web\\\\Application\",\"file\":\"/Users/dan.flynn/Dropbox (Personal)/Dev/newForm/vendor/craftcms/cms/src/web/Application.php\",\"line\":271,\"class\":\"yii\\\\web\\\\Application\",\"method\":\"handleRequest\",\"args\":\"craft\\\\web\\\\Request\"},{\"objectClass\":\"craft\\\\web\\\\Application\",\"file\":\"/Users/dan.flynn/Dropbox (Personal)/Dev/newForm/vendor/yiisoft/yii2/base/Application.php\",\"line\":386,\"class\":\"craft\\\\web\\\\Application\",\"method\":\"handleRequest\",\"args\":\"craft\\\\web\\\\Request\"},{\"objectClass\":\"craft\\\\web\\\\Application\",\"file\":\"/Users/dan.flynn/Dropbox (Personal)/Dev/newForm/web/index.php\",\"line\":21,\"class\":\"yii\\\\base\\\\Application\",\"method\":\"run\",\"args\":null}]','2018-11-18 06:14:45','2018-11-18 06:14:45','782fc991-9c39-4148-ab20-e4247603d77a'),
	(9156,'ElementQuery::getIterator()','/Users/dan.flynn/Dropbox (Personal)/Dev/newForm/templates/project.html:5','2018-11-18 06:14:38','/Users/dan.flynn/Dropbox (Personal)/Dev/newForm/templates/project.html',5,'Looping through element queries directly has been deprecated. Use the all() function to fetch the query results before looping over them.','[{\"objectClass\":\"craft\\\\services\\\\Deprecator\",\"file\":\"/Users/dan.flynn/Dropbox (Personal)/Dev/newForm/vendor/craftcms/cms/src/elements/db/ElementQuery.php\",\"line\":456,\"class\":\"craft\\\\services\\\\Deprecator\",\"method\":\"log\",\"args\":\"\\\"ElementQuery::getIterator()\\\", \\\"Looping through element queries directly has been deprecated. Us...\\\"\"},{\"objectClass\":\"craft\\\\elements\\\\db\\\\AssetQuery\",\"file\":\"/Users/dan.flynn/Dropbox (Personal)/Dev/newForm/storage/runtime/compiled_templates/f7/f7f71281f5f8ec8fee46008380031d64eef0d5854ed7d504b57cef8753ceeab0.php\",\"line\":32,\"class\":\"craft\\\\elements\\\\db\\\\ElementQuery\",\"method\":\"getIterator\",\"args\":null},{\"objectClass\":\"__TwigTemplate_1af0b58e21937db6a2dea201ba80fc317b4761ff87de947c32654291db52d840\",\"file\":\"/Users/dan.flynn/Dropbox (Personal)/Dev/newForm/vendor/twig/twig/lib/Twig/Template.php\",\"line\":390,\"class\":\"__TwigTemplate_1af0b58e21937db6a2dea201ba80fc317b4761ff87de947c32654291db52d840\",\"method\":\"doDisplay\",\"args\":\"[\\\"entry\\\" => craft\\\\elements\\\\Entry, \\\"variables\\\" => [\\\"entry\\\" => craft\\\\elements\\\\Entry], \\\"view\\\" => craft\\\\web\\\\View, \\\"SORT_ASC\\\" => 4, ...], []\"},{\"objectClass\":\"__TwigTemplate_1af0b58e21937db6a2dea201ba80fc317b4761ff87de947c32654291db52d840\",\"file\":\"/Users/dan.flynn/Dropbox (Personal)/Dev/newForm/vendor/craftcms/cms/src/web/twig/Template.php\",\"line\":49,\"class\":\"Twig_Template\",\"method\":\"displayWithErrorHandling\",\"args\":\"[\\\"entry\\\" => craft\\\\elements\\\\Entry, \\\"variables\\\" => [\\\"entry\\\" => craft\\\\elements\\\\Entry], \\\"view\\\" => craft\\\\web\\\\View, \\\"SORT_ASC\\\" => 4, ...], []\"},{\"objectClass\":\"__TwigTemplate_1af0b58e21937db6a2dea201ba80fc317b4761ff87de947c32654291db52d840\",\"file\":\"/Users/dan.flynn/Dropbox (Personal)/Dev/newForm/vendor/twig/twig/lib/Twig/Template.php\",\"line\":367,\"class\":\"craft\\\\web\\\\twig\\\\Template\",\"method\":\"displayWithErrorHandling\",\"args\":\"[\\\"entry\\\" => craft\\\\elements\\\\Entry, \\\"variables\\\" => [\\\"entry\\\" => craft\\\\elements\\\\Entry], \\\"view\\\" => craft\\\\web\\\\View, \\\"SORT_ASC\\\" => 4, ...], []\"},{\"objectClass\":\"__TwigTemplate_1af0b58e21937db6a2dea201ba80fc317b4761ff87de947c32654291db52d840\",\"file\":\"/Users/dan.flynn/Dropbox (Personal)/Dev/newForm/vendor/craftcms/cms/src/web/twig/Template.php\",\"line\":31,\"class\":\"Twig_Template\",\"method\":\"display\",\"args\":\"[\\\"entry\\\" => craft\\\\elements\\\\Entry, \\\"variables\\\" => [\\\"entry\\\" => craft\\\\elements\\\\Entry]], []\"},{\"objectClass\":\"__TwigTemplate_1af0b58e21937db6a2dea201ba80fc317b4761ff87de947c32654291db52d840\",\"file\":\"/Users/dan.flynn/Dropbox (Personal)/Dev/newForm/vendor/twig/twig/lib/Twig/Template.php\",\"line\":375,\"class\":\"craft\\\\web\\\\twig\\\\Template\",\"method\":\"display\",\"args\":\"[\\\"entry\\\" => craft\\\\elements\\\\Entry, \\\"variables\\\" => [\\\"entry\\\" => craft\\\\elements\\\\Entry]]\"},{\"objectClass\":\"__TwigTemplate_1af0b58e21937db6a2dea201ba80fc317b4761ff87de947c32654291db52d840\",\"file\":\"/Users/dan.flynn/Dropbox (Personal)/Dev/newForm/vendor/twig/twig/lib/Twig/Environment.php\",\"line\":289,\"class\":\"Twig_Template\",\"method\":\"render\",\"args\":\"[\\\"entry\\\" => craft\\\\elements\\\\Entry, \\\"variables\\\" => [\\\"entry\\\" => craft\\\\elements\\\\Entry]]\"},{\"objectClass\":\"craft\\\\web\\\\twig\\\\Environment\",\"file\":\"/Users/dan.flynn/Dropbox (Personal)/Dev/newForm/vendor/craftcms/cms/src/web/View.php\",\"line\":331,\"class\":\"Twig_Environment\",\"method\":\"render\",\"args\":\"\\\"project\\\", [\\\"entry\\\" => craft\\\\elements\\\\Entry, \\\"variables\\\" => [\\\"entry\\\" => craft\\\\elements\\\\Entry]]\"},{\"objectClass\":\"craft\\\\web\\\\View\",\"file\":\"/Users/dan.flynn/Dropbox (Personal)/Dev/newForm/vendor/craftcms/cms/src/web/View.php\",\"line\":378,\"class\":\"craft\\\\web\\\\View\",\"method\":\"renderTemplate\",\"args\":\"\\\"project\\\", [\\\"entry\\\" => craft\\\\elements\\\\Entry, \\\"variables\\\" => [\\\"entry\\\" => craft\\\\elements\\\\Entry]]\"},{\"objectClass\":\"craft\\\\web\\\\View\",\"file\":\"/Users/dan.flynn/Dropbox (Personal)/Dev/newForm/vendor/craftcms/cms/src/web/Controller.php\",\"line\":156,\"class\":\"craft\\\\web\\\\View\",\"method\":\"renderPageTemplate\",\"args\":\"\\\"project\\\", [\\\"entry\\\" => craft\\\\elements\\\\Entry, \\\"variables\\\" => [\\\"entry\\\" => craft\\\\elements\\\\Entry]]\"},{\"objectClass\":\"craft\\\\controllers\\\\TemplatesController\",\"file\":\"/Users/dan.flynn/Dropbox (Personal)/Dev/newForm/vendor/craftcms/cms/src/controllers/TemplatesController.php\",\"line\":78,\"class\":\"craft\\\\web\\\\Controller\",\"method\":\"renderTemplate\",\"args\":\"\\\"project\\\", [\\\"entry\\\" => craft\\\\elements\\\\Entry, \\\"variables\\\" => [\\\"entry\\\" => craft\\\\elements\\\\Entry]]\"},{\"objectClass\":\"craft\\\\controllers\\\\TemplatesController\",\"file\":null,\"line\":null,\"class\":\"craft\\\\controllers\\\\TemplatesController\",\"method\":\"actionRender\",\"args\":\"\\\"project\\\", [\\\"entry\\\" => craft\\\\elements\\\\Entry, \\\"variables\\\" => [\\\"entry\\\" => craft\\\\elements\\\\Entry]]\"},{\"objectClass\":null,\"file\":\"/Users/dan.flynn/Dropbox (Personal)/Dev/newForm/vendor/yiisoft/yii2/base/InlineAction.php\",\"line\":57,\"class\":null,\"method\":\"call_user_func_array\",\"args\":\"[craft\\\\controllers\\\\TemplatesController, \\\"actionRender\\\"], [\\\"project\\\", [\\\"entry\\\" => craft\\\\elements\\\\Entry]]\"},{\"objectClass\":\"yii\\\\base\\\\InlineAction\",\"file\":\"/Users/dan.flynn/Dropbox (Personal)/Dev/newForm/vendor/yiisoft/yii2/base/Controller.php\",\"line\":157,\"class\":\"yii\\\\base\\\\InlineAction\",\"method\":\"runWithParams\",\"args\":\"[\\\"template\\\" => \\\"project\\\", \\\"variables\\\" => [\\\"entry\\\" => craft\\\\elements\\\\Entry], \\\"p\\\" => \\\"u-bank\\\"]\"},{\"objectClass\":\"craft\\\\controllers\\\\TemplatesController\",\"file\":\"/Users/dan.flynn/Dropbox (Personal)/Dev/newForm/vendor/craftcms/cms/src/web/Controller.php\",\"line\":104,\"class\":\"yii\\\\base\\\\Controller\",\"method\":\"runAction\",\"args\":\"\\\"render\\\", [\\\"template\\\" => \\\"project\\\", \\\"variables\\\" => [\\\"entry\\\" => craft\\\\elements\\\\Entry], \\\"p\\\" => \\\"u-bank\\\"]\"},{\"objectClass\":\"craft\\\\controllers\\\\TemplatesController\",\"file\":\"/Users/dan.flynn/Dropbox (Personal)/Dev/newForm/vendor/yiisoft/yii2/base/Module.php\",\"line\":528,\"class\":\"craft\\\\web\\\\Controller\",\"method\":\"runAction\",\"args\":\"\\\"render\\\", [\\\"template\\\" => \\\"project\\\", \\\"variables\\\" => [\\\"entry\\\" => craft\\\\elements\\\\Entry], \\\"p\\\" => \\\"u-bank\\\"]\"},{\"objectClass\":\"craft\\\\web\\\\Application\",\"file\":\"/Users/dan.flynn/Dropbox (Personal)/Dev/newForm/vendor/craftcms/cms/src/web/Application.php\",\"line\":282,\"class\":\"yii\\\\base\\\\Module\",\"method\":\"runAction\",\"args\":\"\\\"templates/render\\\", [\\\"template\\\" => \\\"project\\\", \\\"variables\\\" => [\\\"entry\\\" => craft\\\\elements\\\\Entry], \\\"p\\\" => \\\"u-bank\\\"]\"},{\"objectClass\":\"craft\\\\web\\\\Application\",\"file\":\"/Users/dan.flynn/Dropbox (Personal)/Dev/newForm/vendor/yiisoft/yii2/web/Application.php\",\"line\":103,\"class\":\"craft\\\\web\\\\Application\",\"method\":\"runAction\",\"args\":\"\\\"templates/render\\\", [\\\"template\\\" => \\\"project\\\", \\\"variables\\\" => [\\\"entry\\\" => craft\\\\elements\\\\Entry], \\\"p\\\" => \\\"u-bank\\\"]\"},{\"objectClass\":\"craft\\\\web\\\\Application\",\"file\":\"/Users/dan.flynn/Dropbox (Personal)/Dev/newForm/vendor/craftcms/cms/src/web/Application.php\",\"line\":271,\"class\":\"yii\\\\web\\\\Application\",\"method\":\"handleRequest\",\"args\":\"craft\\\\web\\\\Request\"},{\"objectClass\":\"craft\\\\web\\\\Application\",\"file\":\"/Users/dan.flynn/Dropbox (Personal)/Dev/newForm/vendor/yiisoft/yii2/base/Application.php\",\"line\":386,\"class\":\"craft\\\\web\\\\Application\",\"method\":\"handleRequest\",\"args\":\"craft\\\\web\\\\Request\"},{\"objectClass\":\"craft\\\\web\\\\Application\",\"file\":\"/Users/dan.flynn/Dropbox (Personal)/Dev/newForm/web/index.php\",\"line\":21,\"class\":\"yii\\\\base\\\\Application\",\"method\":\"run\",\"args\":null}]','2018-11-18 06:14:38','2018-11-18 06:14:38','d3a09ad9-6c62-4d36-858f-7ac4ce900fae'),
	(9157,'ElementQuery::getIterator()','/Users/dan.flynn/Dropbox (Personal)/Dev/newForm/templates/project.html:15','2018-11-18 06:14:38','/Users/dan.flynn/Dropbox (Personal)/Dev/newForm/templates/project.html',15,'Looping through element queries directly has been deprecated. Use the all() function to fetch the query results before looping over them.','[{\"objectClass\":\"craft\\\\services\\\\Deprecator\",\"file\":\"/Users/dan.flynn/Dropbox (Personal)/Dev/newForm/vendor/craftcms/cms/src/elements/db/ElementQuery.php\",\"line\":456,\"class\":\"craft\\\\services\\\\Deprecator\",\"method\":\"log\",\"args\":\"\\\"ElementQuery::getIterator()\\\", \\\"Looping through element queries directly has been deprecated. Us...\\\"\"},{\"objectClass\":\"verbb\\\\supertable\\\\elements\\\\db\\\\SuperTableBlockQuery\",\"file\":\"/Users/dan.flynn/Dropbox (Personal)/Dev/newForm/storage/runtime/compiled_templates/f7/f7f71281f5f8ec8fee46008380031d64eef0d5854ed7d504b57cef8753ceeab0.php\",\"line\":62,\"class\":\"craft\\\\elements\\\\db\\\\ElementQuery\",\"method\":\"getIterator\",\"args\":null},{\"objectClass\":\"__TwigTemplate_1af0b58e21937db6a2dea201ba80fc317b4761ff87de947c32654291db52d840\",\"file\":\"/Users/dan.flynn/Dropbox (Personal)/Dev/newForm/vendor/twig/twig/lib/Twig/Template.php\",\"line\":390,\"class\":\"__TwigTemplate_1af0b58e21937db6a2dea201ba80fc317b4761ff87de947c32654291db52d840\",\"method\":\"doDisplay\",\"args\":\"[\\\"entry\\\" => craft\\\\elements\\\\Entry, \\\"variables\\\" => [\\\"entry\\\" => craft\\\\elements\\\\Entry], \\\"view\\\" => craft\\\\web\\\\View, \\\"SORT_ASC\\\" => 4, ...], []\"},{\"objectClass\":\"__TwigTemplate_1af0b58e21937db6a2dea201ba80fc317b4761ff87de947c32654291db52d840\",\"file\":\"/Users/dan.flynn/Dropbox (Personal)/Dev/newForm/vendor/craftcms/cms/src/web/twig/Template.php\",\"line\":49,\"class\":\"Twig_Template\",\"method\":\"displayWithErrorHandling\",\"args\":\"[\\\"entry\\\" => craft\\\\elements\\\\Entry, \\\"variables\\\" => [\\\"entry\\\" => craft\\\\elements\\\\Entry], \\\"view\\\" => craft\\\\web\\\\View, \\\"SORT_ASC\\\" => 4, ...], []\"},{\"objectClass\":\"__TwigTemplate_1af0b58e21937db6a2dea201ba80fc317b4761ff87de947c32654291db52d840\",\"file\":\"/Users/dan.flynn/Dropbox (Personal)/Dev/newForm/vendor/twig/twig/lib/Twig/Template.php\",\"line\":367,\"class\":\"craft\\\\web\\\\twig\\\\Template\",\"method\":\"displayWithErrorHandling\",\"args\":\"[\\\"entry\\\" => craft\\\\elements\\\\Entry, \\\"variables\\\" => [\\\"entry\\\" => craft\\\\elements\\\\Entry], \\\"view\\\" => craft\\\\web\\\\View, \\\"SORT_ASC\\\" => 4, ...], []\"},{\"objectClass\":\"__TwigTemplate_1af0b58e21937db6a2dea201ba80fc317b4761ff87de947c32654291db52d840\",\"file\":\"/Users/dan.flynn/Dropbox (Personal)/Dev/newForm/vendor/craftcms/cms/src/web/twig/Template.php\",\"line\":31,\"class\":\"Twig_Template\",\"method\":\"display\",\"args\":\"[\\\"entry\\\" => craft\\\\elements\\\\Entry, \\\"variables\\\" => [\\\"entry\\\" => craft\\\\elements\\\\Entry]], []\"},{\"objectClass\":\"__TwigTemplate_1af0b58e21937db6a2dea201ba80fc317b4761ff87de947c32654291db52d840\",\"file\":\"/Users/dan.flynn/Dropbox (Personal)/Dev/newForm/vendor/twig/twig/lib/Twig/Template.php\",\"line\":375,\"class\":\"craft\\\\web\\\\twig\\\\Template\",\"method\":\"display\",\"args\":\"[\\\"entry\\\" => craft\\\\elements\\\\Entry, \\\"variables\\\" => [\\\"entry\\\" => craft\\\\elements\\\\Entry]]\"},{\"objectClass\":\"__TwigTemplate_1af0b58e21937db6a2dea201ba80fc317b4761ff87de947c32654291db52d840\",\"file\":\"/Users/dan.flynn/Dropbox (Personal)/Dev/newForm/vendor/twig/twig/lib/Twig/Environment.php\",\"line\":289,\"class\":\"Twig_Template\",\"method\":\"render\",\"args\":\"[\\\"entry\\\" => craft\\\\elements\\\\Entry, \\\"variables\\\" => [\\\"entry\\\" => craft\\\\elements\\\\Entry]]\"},{\"objectClass\":\"craft\\\\web\\\\twig\\\\Environment\",\"file\":\"/Users/dan.flynn/Dropbox (Personal)/Dev/newForm/vendor/craftcms/cms/src/web/View.php\",\"line\":331,\"class\":\"Twig_Environment\",\"method\":\"render\",\"args\":\"\\\"project\\\", [\\\"entry\\\" => craft\\\\elements\\\\Entry, \\\"variables\\\" => [\\\"entry\\\" => craft\\\\elements\\\\Entry]]\"},{\"objectClass\":\"craft\\\\web\\\\View\",\"file\":\"/Users/dan.flynn/Dropbox (Personal)/Dev/newForm/vendor/craftcms/cms/src/web/View.php\",\"line\":378,\"class\":\"craft\\\\web\\\\View\",\"method\":\"renderTemplate\",\"args\":\"\\\"project\\\", [\\\"entry\\\" => craft\\\\elements\\\\Entry, \\\"variables\\\" => [\\\"entry\\\" => craft\\\\elements\\\\Entry]]\"},{\"objectClass\":\"craft\\\\web\\\\View\",\"file\":\"/Users/dan.flynn/Dropbox (Personal)/Dev/newForm/vendor/craftcms/cms/src/web/Controller.php\",\"line\":156,\"class\":\"craft\\\\web\\\\View\",\"method\":\"renderPageTemplate\",\"args\":\"\\\"project\\\", [\\\"entry\\\" => craft\\\\elements\\\\Entry, \\\"variables\\\" => [\\\"entry\\\" => craft\\\\elements\\\\Entry]]\"},{\"objectClass\":\"craft\\\\controllers\\\\TemplatesController\",\"file\":\"/Users/dan.flynn/Dropbox (Personal)/Dev/newForm/vendor/craftcms/cms/src/controllers/TemplatesController.php\",\"line\":78,\"class\":\"craft\\\\web\\\\Controller\",\"method\":\"renderTemplate\",\"args\":\"\\\"project\\\", [\\\"entry\\\" => craft\\\\elements\\\\Entry, \\\"variables\\\" => [\\\"entry\\\" => craft\\\\elements\\\\Entry]]\"},{\"objectClass\":\"craft\\\\controllers\\\\TemplatesController\",\"file\":null,\"line\":null,\"class\":\"craft\\\\controllers\\\\TemplatesController\",\"method\":\"actionRender\",\"args\":\"\\\"project\\\", [\\\"entry\\\" => craft\\\\elements\\\\Entry, \\\"variables\\\" => [\\\"entry\\\" => craft\\\\elements\\\\Entry]]\"},{\"objectClass\":null,\"file\":\"/Users/dan.flynn/Dropbox (Personal)/Dev/newForm/vendor/yiisoft/yii2/base/InlineAction.php\",\"line\":57,\"class\":null,\"method\":\"call_user_func_array\",\"args\":\"[craft\\\\controllers\\\\TemplatesController, \\\"actionRender\\\"], [\\\"project\\\", [\\\"entry\\\" => craft\\\\elements\\\\Entry]]\"},{\"objectClass\":\"yii\\\\base\\\\InlineAction\",\"file\":\"/Users/dan.flynn/Dropbox (Personal)/Dev/newForm/vendor/yiisoft/yii2/base/Controller.php\",\"line\":157,\"class\":\"yii\\\\base\\\\InlineAction\",\"method\":\"runWithParams\",\"args\":\"[\\\"template\\\" => \\\"project\\\", \\\"variables\\\" => [\\\"entry\\\" => craft\\\\elements\\\\Entry], \\\"p\\\" => \\\"u-bank\\\"]\"},{\"objectClass\":\"craft\\\\controllers\\\\TemplatesController\",\"file\":\"/Users/dan.flynn/Dropbox (Personal)/Dev/newForm/vendor/craftcms/cms/src/web/Controller.php\",\"line\":104,\"class\":\"yii\\\\base\\\\Controller\",\"method\":\"runAction\",\"args\":\"\\\"render\\\", [\\\"template\\\" => \\\"project\\\", \\\"variables\\\" => [\\\"entry\\\" => craft\\\\elements\\\\Entry], \\\"p\\\" => \\\"u-bank\\\"]\"},{\"objectClass\":\"craft\\\\controllers\\\\TemplatesController\",\"file\":\"/Users/dan.flynn/Dropbox (Personal)/Dev/newForm/vendor/yiisoft/yii2/base/Module.php\",\"line\":528,\"class\":\"craft\\\\web\\\\Controller\",\"method\":\"runAction\",\"args\":\"\\\"render\\\", [\\\"template\\\" => \\\"project\\\", \\\"variables\\\" => [\\\"entry\\\" => craft\\\\elements\\\\Entry], \\\"p\\\" => \\\"u-bank\\\"]\"},{\"objectClass\":\"craft\\\\web\\\\Application\",\"file\":\"/Users/dan.flynn/Dropbox (Personal)/Dev/newForm/vendor/craftcms/cms/src/web/Application.php\",\"line\":282,\"class\":\"yii\\\\base\\\\Module\",\"method\":\"runAction\",\"args\":\"\\\"templates/render\\\", [\\\"template\\\" => \\\"project\\\", \\\"variables\\\" => [\\\"entry\\\" => craft\\\\elements\\\\Entry], \\\"p\\\" => \\\"u-bank\\\"]\"},{\"objectClass\":\"craft\\\\web\\\\Application\",\"file\":\"/Users/dan.flynn/Dropbox (Personal)/Dev/newForm/vendor/yiisoft/yii2/web/Application.php\",\"line\":103,\"class\":\"craft\\\\web\\\\Application\",\"method\":\"runAction\",\"args\":\"\\\"templates/render\\\", [\\\"template\\\" => \\\"project\\\", \\\"variables\\\" => [\\\"entry\\\" => craft\\\\elements\\\\Entry], \\\"p\\\" => \\\"u-bank\\\"]\"},{\"objectClass\":\"craft\\\\web\\\\Application\",\"file\":\"/Users/dan.flynn/Dropbox (Personal)/Dev/newForm/vendor/craftcms/cms/src/web/Application.php\",\"line\":271,\"class\":\"yii\\\\web\\\\Application\",\"method\":\"handleRequest\",\"args\":\"craft\\\\web\\\\Request\"},{\"objectClass\":\"craft\\\\web\\\\Application\",\"file\":\"/Users/dan.flynn/Dropbox (Personal)/Dev/newForm/vendor/yiisoft/yii2/base/Application.php\",\"line\":386,\"class\":\"craft\\\\web\\\\Application\",\"method\":\"handleRequest\",\"args\":\"craft\\\\web\\\\Request\"},{\"objectClass\":\"craft\\\\web\\\\Application\",\"file\":\"/Users/dan.flynn/Dropbox (Personal)/Dev/newForm/web/index.php\",\"line\":21,\"class\":\"yii\\\\base\\\\Application\",\"method\":\"run\",\"args\":null}]','2018-11-18 06:14:38','2018-11-18 06:14:38','0690dfe8-bb8e-42e3-968d-0c777247d4fd'),
	(9158,'ElementQuery::getIterator()','/Users/dan.flynn/Dropbox (Personal)/Dev/newForm/templates/project.html:18','2018-11-18 06:13:25','/Users/dan.flynn/Dropbox (Personal)/Dev/newForm/templates/project.html',18,'Looping through element queries directly has been deprecated. Use the all() function to fetch the query results before looping over them.','[{\"objectClass\":\"craft\\\\services\\\\Deprecator\",\"file\":\"/Users/dan.flynn/Dropbox (Personal)/Dev/newForm/vendor/craftcms/cms/src/elements/db/ElementQuery.php\",\"line\":456,\"class\":\"craft\\\\services\\\\Deprecator\",\"method\":\"log\",\"args\":\"\\\"ElementQuery::getIterator()\\\", \\\"Looping through element queries directly has been deprecated. Us...\\\"\"},{\"objectClass\":\"craft\\\\elements\\\\db\\\\AssetQuery\",\"file\":\"/Users/dan.flynn/Dropbox (Personal)/Dev/newForm/storage/runtime/compiled_templates/f7/f7f71281f5f8ec8fee46008380031d64eef0d5854ed7d504b57cef8753ceeab0.php\",\"line\":72,\"class\":\"craft\\\\elements\\\\db\\\\ElementQuery\",\"method\":\"getIterator\",\"args\":null},{\"objectClass\":\"__TwigTemplate_1af0b58e21937db6a2dea201ba80fc317b4761ff87de947c32654291db52d840\",\"file\":\"/Users/dan.flynn/Dropbox (Personal)/Dev/newForm/vendor/twig/twig/lib/Twig/Template.php\",\"line\":390,\"class\":\"__TwigTemplate_1af0b58e21937db6a2dea201ba80fc317b4761ff87de947c32654291db52d840\",\"method\":\"doDisplay\",\"args\":\"[\\\"entry\\\" => craft\\\\elements\\\\Entry, \\\"variables\\\" => [\\\"entry\\\" => craft\\\\elements\\\\Entry], \\\"view\\\" => craft\\\\web\\\\View, \\\"SORT_ASC\\\" => 4, ...], []\"},{\"objectClass\":\"__TwigTemplate_1af0b58e21937db6a2dea201ba80fc317b4761ff87de947c32654291db52d840\",\"file\":\"/Users/dan.flynn/Dropbox (Personal)/Dev/newForm/vendor/craftcms/cms/src/web/twig/Template.php\",\"line\":49,\"class\":\"Twig_Template\",\"method\":\"displayWithErrorHandling\",\"args\":\"[\\\"entry\\\" => craft\\\\elements\\\\Entry, \\\"variables\\\" => [\\\"entry\\\" => craft\\\\elements\\\\Entry], \\\"view\\\" => craft\\\\web\\\\View, \\\"SORT_ASC\\\" => 4, ...], []\"},{\"objectClass\":\"__TwigTemplate_1af0b58e21937db6a2dea201ba80fc317b4761ff87de947c32654291db52d840\",\"file\":\"/Users/dan.flynn/Dropbox (Personal)/Dev/newForm/vendor/twig/twig/lib/Twig/Template.php\",\"line\":367,\"class\":\"craft\\\\web\\\\twig\\\\Template\",\"method\":\"displayWithErrorHandling\",\"args\":\"[\\\"entry\\\" => craft\\\\elements\\\\Entry, \\\"variables\\\" => [\\\"entry\\\" => craft\\\\elements\\\\Entry], \\\"view\\\" => craft\\\\web\\\\View, \\\"SORT_ASC\\\" => 4, ...], []\"},{\"objectClass\":\"__TwigTemplate_1af0b58e21937db6a2dea201ba80fc317b4761ff87de947c32654291db52d840\",\"file\":\"/Users/dan.flynn/Dropbox (Personal)/Dev/newForm/vendor/craftcms/cms/src/web/twig/Template.php\",\"line\":31,\"class\":\"Twig_Template\",\"method\":\"display\",\"args\":\"[\\\"entry\\\" => craft\\\\elements\\\\Entry, \\\"variables\\\" => [\\\"entry\\\" => craft\\\\elements\\\\Entry]], []\"},{\"objectClass\":\"__TwigTemplate_1af0b58e21937db6a2dea201ba80fc317b4761ff87de947c32654291db52d840\",\"file\":\"/Users/dan.flynn/Dropbox (Personal)/Dev/newForm/vendor/twig/twig/lib/Twig/Template.php\",\"line\":375,\"class\":\"craft\\\\web\\\\twig\\\\Template\",\"method\":\"display\",\"args\":\"[\\\"entry\\\" => craft\\\\elements\\\\Entry, \\\"variables\\\" => [\\\"entry\\\" => craft\\\\elements\\\\Entry]]\"},{\"objectClass\":\"__TwigTemplate_1af0b58e21937db6a2dea201ba80fc317b4761ff87de947c32654291db52d840\",\"file\":\"/Users/dan.flynn/Dropbox (Personal)/Dev/newForm/vendor/twig/twig/lib/Twig/Environment.php\",\"line\":289,\"class\":\"Twig_Template\",\"method\":\"render\",\"args\":\"[\\\"entry\\\" => craft\\\\elements\\\\Entry, \\\"variables\\\" => [\\\"entry\\\" => craft\\\\elements\\\\Entry]]\"},{\"objectClass\":\"craft\\\\web\\\\twig\\\\Environment\",\"file\":\"/Users/dan.flynn/Dropbox (Personal)/Dev/newForm/vendor/craftcms/cms/src/web/View.php\",\"line\":331,\"class\":\"Twig_Environment\",\"method\":\"render\",\"args\":\"\\\"project\\\", [\\\"entry\\\" => craft\\\\elements\\\\Entry, \\\"variables\\\" => [\\\"entry\\\" => craft\\\\elements\\\\Entry]]\"},{\"objectClass\":\"craft\\\\web\\\\View\",\"file\":\"/Users/dan.flynn/Dropbox (Personal)/Dev/newForm/vendor/craftcms/cms/src/web/View.php\",\"line\":378,\"class\":\"craft\\\\web\\\\View\",\"method\":\"renderTemplate\",\"args\":\"\\\"project\\\", [\\\"entry\\\" => craft\\\\elements\\\\Entry, \\\"variables\\\" => [\\\"entry\\\" => craft\\\\elements\\\\Entry]]\"},{\"objectClass\":\"craft\\\\web\\\\View\",\"file\":\"/Users/dan.flynn/Dropbox (Personal)/Dev/newForm/vendor/craftcms/cms/src/web/Controller.php\",\"line\":156,\"class\":\"craft\\\\web\\\\View\",\"method\":\"renderPageTemplate\",\"args\":\"\\\"project\\\", [\\\"entry\\\" => craft\\\\elements\\\\Entry, \\\"variables\\\" => [\\\"entry\\\" => craft\\\\elements\\\\Entry]]\"},{\"objectClass\":\"craft\\\\controllers\\\\TemplatesController\",\"file\":\"/Users/dan.flynn/Dropbox (Personal)/Dev/newForm/vendor/craftcms/cms/src/controllers/TemplatesController.php\",\"line\":78,\"class\":\"craft\\\\web\\\\Controller\",\"method\":\"renderTemplate\",\"args\":\"\\\"project\\\", [\\\"entry\\\" => craft\\\\elements\\\\Entry, \\\"variables\\\" => [\\\"entry\\\" => craft\\\\elements\\\\Entry]]\"},{\"objectClass\":\"craft\\\\controllers\\\\TemplatesController\",\"file\":null,\"line\":null,\"class\":\"craft\\\\controllers\\\\TemplatesController\",\"method\":\"actionRender\",\"args\":\"\\\"project\\\", [\\\"entry\\\" => craft\\\\elements\\\\Entry, \\\"variables\\\" => [\\\"entry\\\" => craft\\\\elements\\\\Entry]]\"},{\"objectClass\":null,\"file\":\"/Users/dan.flynn/Dropbox (Personal)/Dev/newForm/vendor/yiisoft/yii2/base/InlineAction.php\",\"line\":57,\"class\":null,\"method\":\"call_user_func_array\",\"args\":\"[craft\\\\controllers\\\\TemplatesController, \\\"actionRender\\\"], [\\\"project\\\", [\\\"entry\\\" => craft\\\\elements\\\\Entry]]\"},{\"objectClass\":\"yii\\\\base\\\\InlineAction\",\"file\":\"/Users/dan.flynn/Dropbox (Personal)/Dev/newForm/vendor/yiisoft/yii2/base/Controller.php\",\"line\":157,\"class\":\"yii\\\\base\\\\InlineAction\",\"method\":\"runWithParams\",\"args\":\"[\\\"template\\\" => \\\"project\\\", \\\"variables\\\" => [\\\"entry\\\" => craft\\\\elements\\\\Entry], \\\"p\\\" => \\\"shiftco\\\"]\"},{\"objectClass\":\"craft\\\\controllers\\\\TemplatesController\",\"file\":\"/Users/dan.flynn/Dropbox (Personal)/Dev/newForm/vendor/craftcms/cms/src/web/Controller.php\",\"line\":104,\"class\":\"yii\\\\base\\\\Controller\",\"method\":\"runAction\",\"args\":\"\\\"render\\\", [\\\"template\\\" => \\\"project\\\", \\\"variables\\\" => [\\\"entry\\\" => craft\\\\elements\\\\Entry], \\\"p\\\" => \\\"shiftco\\\"]\"},{\"objectClass\":\"craft\\\\controllers\\\\TemplatesController\",\"file\":\"/Users/dan.flynn/Dropbox (Personal)/Dev/newForm/vendor/yiisoft/yii2/base/Module.php\",\"line\":528,\"class\":\"craft\\\\web\\\\Controller\",\"method\":\"runAction\",\"args\":\"\\\"render\\\", [\\\"template\\\" => \\\"project\\\", \\\"variables\\\" => [\\\"entry\\\" => craft\\\\elements\\\\Entry], \\\"p\\\" => \\\"shiftco\\\"]\"},{\"objectClass\":\"craft\\\\web\\\\Application\",\"file\":\"/Users/dan.flynn/Dropbox (Personal)/Dev/newForm/vendor/craftcms/cms/src/web/Application.php\",\"line\":282,\"class\":\"yii\\\\base\\\\Module\",\"method\":\"runAction\",\"args\":\"\\\"templates/render\\\", [\\\"template\\\" => \\\"project\\\", \\\"variables\\\" => [\\\"entry\\\" => craft\\\\elements\\\\Entry], \\\"p\\\" => \\\"shiftco\\\"]\"},{\"objectClass\":\"craft\\\\web\\\\Application\",\"file\":\"/Users/dan.flynn/Dropbox (Personal)/Dev/newForm/vendor/yiisoft/yii2/web/Application.php\",\"line\":103,\"class\":\"craft\\\\web\\\\Application\",\"method\":\"runAction\",\"args\":\"\\\"templates/render\\\", [\\\"template\\\" => \\\"project\\\", \\\"variables\\\" => [\\\"entry\\\" => craft\\\\elements\\\\Entry], \\\"p\\\" => \\\"shiftco\\\"]\"},{\"objectClass\":\"craft\\\\web\\\\Application\",\"file\":\"/Users/dan.flynn/Dropbox (Personal)/Dev/newForm/vendor/craftcms/cms/src/web/Application.php\",\"line\":271,\"class\":\"yii\\\\web\\\\Application\",\"method\":\"handleRequest\",\"args\":\"craft\\\\web\\\\Request\"},{\"objectClass\":\"craft\\\\web\\\\Application\",\"file\":\"/Users/dan.flynn/Dropbox (Personal)/Dev/newForm/vendor/yiisoft/yii2/base/Application.php\",\"line\":386,\"class\":\"craft\\\\web\\\\Application\",\"method\":\"handleRequest\",\"args\":\"craft\\\\web\\\\Request\"},{\"objectClass\":\"craft\\\\web\\\\Application\",\"file\":\"/Users/dan.flynn/Dropbox (Personal)/Dev/newForm/web/index.php\",\"line\":21,\"class\":\"yii\\\\base\\\\Application\",\"method\":\"run\",\"args\":null}]','2018-11-18 06:13:25','2018-11-18 06:13:25','3ba8dd6b-717d-411c-a8c0-dd6d0b2a9553'),
	(9159,'ElementQuery::getIterator()','/Users/dan.flynn/Dropbox (Personal)/Dev/newForm/templates/project.html:88','2018-11-18 06:14:38','/Users/dan.flynn/Dropbox (Personal)/Dev/newForm/templates/project.html',88,'Looping through element queries directly has been deprecated. Use the all() function to fetch the query results before looping over them.','[{\"objectClass\":\"craft\\\\services\\\\Deprecator\",\"file\":\"/Users/dan.flynn/Dropbox (Personal)/Dev/newForm/vendor/craftcms/cms/src/elements/db/ElementQuery.php\",\"line\":456,\"class\":\"craft\\\\services\\\\Deprecator\",\"method\":\"log\",\"args\":\"\\\"ElementQuery::getIterator()\\\", \\\"Looping through element queries directly has been deprecated. Us...\\\"\"},{\"objectClass\":\"verbb\\\\supertable\\\\elements\\\\db\\\\SuperTableBlockQuery\",\"file\":\"/Users/dan.flynn/Dropbox (Personal)/Dev/newForm/storage/runtime/compiled_templates/f7/f7f71281f5f8ec8fee46008380031d64eef0d5854ed7d504b57cef8753ceeab0.php\",\"line\":225,\"class\":\"craft\\\\elements\\\\db\\\\ElementQuery\",\"method\":\"getIterator\",\"args\":null},{\"objectClass\":\"__TwigTemplate_1af0b58e21937db6a2dea201ba80fc317b4761ff87de947c32654291db52d840\",\"file\":\"/Users/dan.flynn/Dropbox (Personal)/Dev/newForm/vendor/twig/twig/lib/Twig/Template.php\",\"line\":390,\"class\":\"__TwigTemplate_1af0b58e21937db6a2dea201ba80fc317b4761ff87de947c32654291db52d840\",\"method\":\"doDisplay\",\"args\":\"[\\\"entry\\\" => craft\\\\elements\\\\Entry, \\\"variables\\\" => [\\\"entry\\\" => craft\\\\elements\\\\Entry], \\\"view\\\" => craft\\\\web\\\\View, \\\"SORT_ASC\\\" => 4, ...], []\"},{\"objectClass\":\"__TwigTemplate_1af0b58e21937db6a2dea201ba80fc317b4761ff87de947c32654291db52d840\",\"file\":\"/Users/dan.flynn/Dropbox (Personal)/Dev/newForm/vendor/craftcms/cms/src/web/twig/Template.php\",\"line\":49,\"class\":\"Twig_Template\",\"method\":\"displayWithErrorHandling\",\"args\":\"[\\\"entry\\\" => craft\\\\elements\\\\Entry, \\\"variables\\\" => [\\\"entry\\\" => craft\\\\elements\\\\Entry], \\\"view\\\" => craft\\\\web\\\\View, \\\"SORT_ASC\\\" => 4, ...], []\"},{\"objectClass\":\"__TwigTemplate_1af0b58e21937db6a2dea201ba80fc317b4761ff87de947c32654291db52d840\",\"file\":\"/Users/dan.flynn/Dropbox (Personal)/Dev/newForm/vendor/twig/twig/lib/Twig/Template.php\",\"line\":367,\"class\":\"craft\\\\web\\\\twig\\\\Template\",\"method\":\"displayWithErrorHandling\",\"args\":\"[\\\"entry\\\" => craft\\\\elements\\\\Entry, \\\"variables\\\" => [\\\"entry\\\" => craft\\\\elements\\\\Entry], \\\"view\\\" => craft\\\\web\\\\View, \\\"SORT_ASC\\\" => 4, ...], []\"},{\"objectClass\":\"__TwigTemplate_1af0b58e21937db6a2dea201ba80fc317b4761ff87de947c32654291db52d840\",\"file\":\"/Users/dan.flynn/Dropbox (Personal)/Dev/newForm/vendor/craftcms/cms/src/web/twig/Template.php\",\"line\":31,\"class\":\"Twig_Template\",\"method\":\"display\",\"args\":\"[\\\"entry\\\" => craft\\\\elements\\\\Entry, \\\"variables\\\" => [\\\"entry\\\" => craft\\\\elements\\\\Entry]], []\"},{\"objectClass\":\"__TwigTemplate_1af0b58e21937db6a2dea201ba80fc317b4761ff87de947c32654291db52d840\",\"file\":\"/Users/dan.flynn/Dropbox (Personal)/Dev/newForm/vendor/twig/twig/lib/Twig/Template.php\",\"line\":375,\"class\":\"craft\\\\web\\\\twig\\\\Template\",\"method\":\"display\",\"args\":\"[\\\"entry\\\" => craft\\\\elements\\\\Entry, \\\"variables\\\" => [\\\"entry\\\" => craft\\\\elements\\\\Entry]]\"},{\"objectClass\":\"__TwigTemplate_1af0b58e21937db6a2dea201ba80fc317b4761ff87de947c32654291db52d840\",\"file\":\"/Users/dan.flynn/Dropbox (Personal)/Dev/newForm/vendor/twig/twig/lib/Twig/Environment.php\",\"line\":289,\"class\":\"Twig_Template\",\"method\":\"render\",\"args\":\"[\\\"entry\\\" => craft\\\\elements\\\\Entry, \\\"variables\\\" => [\\\"entry\\\" => craft\\\\elements\\\\Entry]]\"},{\"objectClass\":\"craft\\\\web\\\\twig\\\\Environment\",\"file\":\"/Users/dan.flynn/Dropbox (Personal)/Dev/newForm/vendor/craftcms/cms/src/web/View.php\",\"line\":331,\"class\":\"Twig_Environment\",\"method\":\"render\",\"args\":\"\\\"project\\\", [\\\"entry\\\" => craft\\\\elements\\\\Entry, \\\"variables\\\" => [\\\"entry\\\" => craft\\\\elements\\\\Entry]]\"},{\"objectClass\":\"craft\\\\web\\\\View\",\"file\":\"/Users/dan.flynn/Dropbox (Personal)/Dev/newForm/vendor/craftcms/cms/src/web/View.php\",\"line\":378,\"class\":\"craft\\\\web\\\\View\",\"method\":\"renderTemplate\",\"args\":\"\\\"project\\\", [\\\"entry\\\" => craft\\\\elements\\\\Entry, \\\"variables\\\" => [\\\"entry\\\" => craft\\\\elements\\\\Entry]]\"},{\"objectClass\":\"craft\\\\web\\\\View\",\"file\":\"/Users/dan.flynn/Dropbox (Personal)/Dev/newForm/vendor/craftcms/cms/src/web/Controller.php\",\"line\":156,\"class\":\"craft\\\\web\\\\View\",\"method\":\"renderPageTemplate\",\"args\":\"\\\"project\\\", [\\\"entry\\\" => craft\\\\elements\\\\Entry, \\\"variables\\\" => [\\\"entry\\\" => craft\\\\elements\\\\Entry]]\"},{\"objectClass\":\"craft\\\\controllers\\\\TemplatesController\",\"file\":\"/Users/dan.flynn/Dropbox (Personal)/Dev/newForm/vendor/craftcms/cms/src/controllers/TemplatesController.php\",\"line\":78,\"class\":\"craft\\\\web\\\\Controller\",\"method\":\"renderTemplate\",\"args\":\"\\\"project\\\", [\\\"entry\\\" => craft\\\\elements\\\\Entry, \\\"variables\\\" => [\\\"entry\\\" => craft\\\\elements\\\\Entry]]\"},{\"objectClass\":\"craft\\\\controllers\\\\TemplatesController\",\"file\":null,\"line\":null,\"class\":\"craft\\\\controllers\\\\TemplatesController\",\"method\":\"actionRender\",\"args\":\"\\\"project\\\", [\\\"entry\\\" => craft\\\\elements\\\\Entry, \\\"variables\\\" => [\\\"entry\\\" => craft\\\\elements\\\\Entry]]\"},{\"objectClass\":null,\"file\":\"/Users/dan.flynn/Dropbox (Personal)/Dev/newForm/vendor/yiisoft/yii2/base/InlineAction.php\",\"line\":57,\"class\":null,\"method\":\"call_user_func_array\",\"args\":\"[craft\\\\controllers\\\\TemplatesController, \\\"actionRender\\\"], [\\\"project\\\", [\\\"entry\\\" => craft\\\\elements\\\\Entry]]\"},{\"objectClass\":\"yii\\\\base\\\\InlineAction\",\"file\":\"/Users/dan.flynn/Dropbox (Personal)/Dev/newForm/vendor/yiisoft/yii2/base/Controller.php\",\"line\":157,\"class\":\"yii\\\\base\\\\InlineAction\",\"method\":\"runWithParams\",\"args\":\"[\\\"template\\\" => \\\"project\\\", \\\"variables\\\" => [\\\"entry\\\" => craft\\\\elements\\\\Entry], \\\"p\\\" => \\\"u-bank\\\"]\"},{\"objectClass\":\"craft\\\\controllers\\\\TemplatesController\",\"file\":\"/Users/dan.flynn/Dropbox (Personal)/Dev/newForm/vendor/craftcms/cms/src/web/Controller.php\",\"line\":104,\"class\":\"yii\\\\base\\\\Controller\",\"method\":\"runAction\",\"args\":\"\\\"render\\\", [\\\"template\\\" => \\\"project\\\", \\\"variables\\\" => [\\\"entry\\\" => craft\\\\elements\\\\Entry], \\\"p\\\" => \\\"u-bank\\\"]\"},{\"objectClass\":\"craft\\\\controllers\\\\TemplatesController\",\"file\":\"/Users/dan.flynn/Dropbox (Personal)/Dev/newForm/vendor/yiisoft/yii2/base/Module.php\",\"line\":528,\"class\":\"craft\\\\web\\\\Controller\",\"method\":\"runAction\",\"args\":\"\\\"render\\\", [\\\"template\\\" => \\\"project\\\", \\\"variables\\\" => [\\\"entry\\\" => craft\\\\elements\\\\Entry], \\\"p\\\" => \\\"u-bank\\\"]\"},{\"objectClass\":\"craft\\\\web\\\\Application\",\"file\":\"/Users/dan.flynn/Dropbox (Personal)/Dev/newForm/vendor/craftcms/cms/src/web/Application.php\",\"line\":282,\"class\":\"yii\\\\base\\\\Module\",\"method\":\"runAction\",\"args\":\"\\\"templates/render\\\", [\\\"template\\\" => \\\"project\\\", \\\"variables\\\" => [\\\"entry\\\" => craft\\\\elements\\\\Entry], \\\"p\\\" => \\\"u-bank\\\"]\"},{\"objectClass\":\"craft\\\\web\\\\Application\",\"file\":\"/Users/dan.flynn/Dropbox (Personal)/Dev/newForm/vendor/yiisoft/yii2/web/Application.php\",\"line\":103,\"class\":\"craft\\\\web\\\\Application\",\"method\":\"runAction\",\"args\":\"\\\"templates/render\\\", [\\\"template\\\" => \\\"project\\\", \\\"variables\\\" => [\\\"entry\\\" => craft\\\\elements\\\\Entry], \\\"p\\\" => \\\"u-bank\\\"]\"},{\"objectClass\":\"craft\\\\web\\\\Application\",\"file\":\"/Users/dan.flynn/Dropbox (Personal)/Dev/newForm/vendor/craftcms/cms/src/web/Application.php\",\"line\":271,\"class\":\"yii\\\\web\\\\Application\",\"method\":\"handleRequest\",\"args\":\"craft\\\\web\\\\Request\"},{\"objectClass\":\"craft\\\\web\\\\Application\",\"file\":\"/Users/dan.flynn/Dropbox (Personal)/Dev/newForm/vendor/yiisoft/yii2/base/Application.php\",\"line\":386,\"class\":\"craft\\\\web\\\\Application\",\"method\":\"handleRequest\",\"args\":\"craft\\\\web\\\\Request\"},{\"objectClass\":\"craft\\\\web\\\\Application\",\"file\":\"/Users/dan.flynn/Dropbox (Personal)/Dev/newForm/web/index.php\",\"line\":21,\"class\":\"yii\\\\base\\\\Application\",\"method\":\"run\",\"args\":null}]','2018-11-18 06:14:38','2018-11-18 06:14:38','8333d116-43da-4b90-a644-3b77fe41c36c'),
	(9209,'ElementQuery::getIterator()','/Users/dan.flynn/Dropbox (Personal)/Dev/newForm/templates/index.html:55','2018-11-18 06:14:45','/Users/dan.flynn/Dropbox (Personal)/Dev/newForm/templates/index.html',55,'Looping through element queries directly has been deprecated. Use the all() function to fetch the query results before looping over them.','[{\"objectClass\":\"craft\\\\services\\\\Deprecator\",\"file\":\"/Users/dan.flynn/Dropbox (Personal)/Dev/newForm/vendor/craftcms/cms/src/elements/db/ElementQuery.php\",\"line\":456,\"class\":\"craft\\\\services\\\\Deprecator\",\"method\":\"log\",\"args\":\"\\\"ElementQuery::getIterator()\\\", \\\"Looping through element queries directly has been deprecated. Us...\\\"\"},{\"objectClass\":\"craft\\\\elements\\\\db\\\\AssetQuery\",\"file\":\"/Users/dan.flynn/Dropbox (Personal)/Dev/newForm/storage/runtime/compiled_templates/d8/d8290b5a1dda27c74b088703fdd3c5002ebc722649fa2e3cb6027a0732017b47.php\",\"line\":177,\"class\":\"craft\\\\elements\\\\db\\\\ElementQuery\",\"method\":\"getIterator\",\"args\":null},{\"objectClass\":\"__TwigTemplate_9371acfb076369c732ca7d1063ec07a3a5f321d6458b8583b411764177095787\",\"file\":\"/Users/dan.flynn/Dropbox (Personal)/Dev/newForm/vendor/twig/twig/lib/Twig/Template.php\",\"line\":189,\"class\":\"__TwigTemplate_9371acfb076369c732ca7d1063ec07a3a5f321d6458b8583b411764177095787\",\"method\":\"block_main\",\"args\":\"[\\\"entry\\\" => craft\\\\elements\\\\Entry, \\\"variables\\\" => [\\\"entry\\\" => craft\\\\elements\\\\Entry], \\\"view\\\" => craft\\\\web\\\\View, \\\"SORT_ASC\\\" => 4, ...], [\\\"main\\\" => [__TwigTemplate_9371acfb076369c732ca7d1063ec07a3a5f321d6458b8583b411764177095787, \\\"block_main\\\"]]\"},{\"objectClass\":\"__TwigTemplate_000f73c93d4856bda72470d27028ae5967907a55f5bee74b0aa3f25cd8c8b57e\",\"file\":\"/Users/dan.flynn/Dropbox (Personal)/Dev/newForm/storage/runtime/compiled_templates/b7/b71f7813862d5a25f808fa366ef108bd0c28716a9f27581152d0eb6702ec8f72.php\",\"line\":86,\"class\":\"Twig_Template\",\"method\":\"displayBlock\",\"args\":\"\\\"main\\\", [\\\"entry\\\" => craft\\\\elements\\\\Entry, \\\"variables\\\" => [\\\"entry\\\" => craft\\\\elements\\\\Entry], \\\"view\\\" => craft\\\\web\\\\View, \\\"SORT_ASC\\\" => 4, ...], [\\\"main\\\" => [__TwigTemplate_9371acfb076369c732ca7d1063ec07a3a5f321d6458b8583b411764177095787, \\\"block_main\\\"]]\"},{\"objectClass\":\"__TwigTemplate_000f73c93d4856bda72470d27028ae5967907a55f5bee74b0aa3f25cd8c8b57e\",\"file\":\"/Users/dan.flynn/Dropbox (Personal)/Dev/newForm/vendor/twig/twig/lib/Twig/Template.php\",\"line\":390,\"class\":\"__TwigTemplate_000f73c93d4856bda72470d27028ae5967907a55f5bee74b0aa3f25cd8c8b57e\",\"method\":\"doDisplay\",\"args\":\"[\\\"entry\\\" => craft\\\\elements\\\\Entry, \\\"variables\\\" => [\\\"entry\\\" => craft\\\\elements\\\\Entry], \\\"view\\\" => craft\\\\web\\\\View, \\\"SORT_ASC\\\" => 4, ...], [\\\"main\\\" => [__TwigTemplate_9371acfb076369c732ca7d1063ec07a3a5f321d6458b8583b411764177095787, \\\"block_main\\\"]]\"},{\"objectClass\":\"__TwigTemplate_000f73c93d4856bda72470d27028ae5967907a55f5bee74b0aa3f25cd8c8b57e\",\"file\":\"/Users/dan.flynn/Dropbox (Personal)/Dev/newForm/vendor/craftcms/cms/src/web/twig/Template.php\",\"line\":49,\"class\":\"Twig_Template\",\"method\":\"displayWithErrorHandling\",\"args\":\"[\\\"entry\\\" => craft\\\\elements\\\\Entry, \\\"variables\\\" => [\\\"entry\\\" => craft\\\\elements\\\\Entry], \\\"view\\\" => craft\\\\web\\\\View, \\\"SORT_ASC\\\" => 4, ...], [\\\"main\\\" => [__TwigTemplate_9371acfb076369c732ca7d1063ec07a3a5f321d6458b8583b411764177095787, \\\"block_main\\\"]]\"},{\"objectClass\":\"__TwigTemplate_000f73c93d4856bda72470d27028ae5967907a55f5bee74b0aa3f25cd8c8b57e\",\"file\":\"/Users/dan.flynn/Dropbox (Personal)/Dev/newForm/vendor/twig/twig/lib/Twig/Template.php\",\"line\":367,\"class\":\"craft\\\\web\\\\twig\\\\Template\",\"method\":\"displayWithErrorHandling\",\"args\":\"[\\\"entry\\\" => craft\\\\elements\\\\Entry, \\\"variables\\\" => [\\\"entry\\\" => craft\\\\elements\\\\Entry], \\\"view\\\" => craft\\\\web\\\\View, \\\"SORT_ASC\\\" => 4, ...], [\\\"main\\\" => [__TwigTemplate_9371acfb076369c732ca7d1063ec07a3a5f321d6458b8583b411764177095787, \\\"block_main\\\"]]\"},{\"objectClass\":\"__TwigTemplate_000f73c93d4856bda72470d27028ae5967907a55f5bee74b0aa3f25cd8c8b57e\",\"file\":\"/Users/dan.flynn/Dropbox (Personal)/Dev/newForm/vendor/craftcms/cms/src/web/twig/Template.php\",\"line\":31,\"class\":\"Twig_Template\",\"method\":\"display\",\"args\":\"[\\\"entry\\\" => craft\\\\elements\\\\Entry, \\\"variables\\\" => [\\\"entry\\\" => craft\\\\elements\\\\Entry], \\\"view\\\" => craft\\\\web\\\\View, \\\"SORT_ASC\\\" => 4, ...], [\\\"main\\\" => [__TwigTemplate_9371acfb076369c732ca7d1063ec07a3a5f321d6458b8583b411764177095787, \\\"block_main\\\"]]\"},{\"objectClass\":\"__TwigTemplate_000f73c93d4856bda72470d27028ae5967907a55f5bee74b0aa3f25cd8c8b57e\",\"file\":\"/Users/dan.flynn/Dropbox (Personal)/Dev/newForm/storage/runtime/compiled_templates/d8/d8290b5a1dda27c74b088703fdd3c5002ebc722649fa2e3cb6027a0732017b47.php\",\"line\":28,\"class\":\"craft\\\\web\\\\twig\\\\Template\",\"method\":\"display\",\"args\":\"[\\\"entry\\\" => craft\\\\elements\\\\Entry, \\\"variables\\\" => [\\\"entry\\\" => craft\\\\elements\\\\Entry], \\\"view\\\" => craft\\\\web\\\\View, \\\"SORT_ASC\\\" => 4, ...], [\\\"main\\\" => [__TwigTemplate_9371acfb076369c732ca7d1063ec07a3a5f321d6458b8583b411764177095787, \\\"block_main\\\"]]\"},{\"objectClass\":\"__TwigTemplate_9371acfb076369c732ca7d1063ec07a3a5f321d6458b8583b411764177095787\",\"file\":\"/Users/dan.flynn/Dropbox (Personal)/Dev/newForm/vendor/twig/twig/lib/Twig/Template.php\",\"line\":390,\"class\":\"__TwigTemplate_9371acfb076369c732ca7d1063ec07a3a5f321d6458b8583b411764177095787\",\"method\":\"doDisplay\",\"args\":\"[\\\"entry\\\" => craft\\\\elements\\\\Entry, \\\"variables\\\" => [\\\"entry\\\" => craft\\\\elements\\\\Entry], \\\"view\\\" => craft\\\\web\\\\View, \\\"SORT_ASC\\\" => 4, ...], [\\\"main\\\" => [__TwigTemplate_9371acfb076369c732ca7d1063ec07a3a5f321d6458b8583b411764177095787, \\\"block_main\\\"]]\"},{\"objectClass\":\"__TwigTemplate_9371acfb076369c732ca7d1063ec07a3a5f321d6458b8583b411764177095787\",\"file\":\"/Users/dan.flynn/Dropbox (Personal)/Dev/newForm/vendor/craftcms/cms/src/web/twig/Template.php\",\"line\":49,\"class\":\"Twig_Template\",\"method\":\"displayWithErrorHandling\",\"args\":\"[\\\"entry\\\" => craft\\\\elements\\\\Entry, \\\"variables\\\" => [\\\"entry\\\" => craft\\\\elements\\\\Entry], \\\"view\\\" => craft\\\\web\\\\View, \\\"SORT_ASC\\\" => 4, ...], [\\\"main\\\" => [__TwigTemplate_9371acfb076369c732ca7d1063ec07a3a5f321d6458b8583b411764177095787, \\\"block_main\\\"]]\"},{\"objectClass\":\"__TwigTemplate_9371acfb076369c732ca7d1063ec07a3a5f321d6458b8583b411764177095787\",\"file\":\"/Users/dan.flynn/Dropbox (Personal)/Dev/newForm/vendor/twig/twig/lib/Twig/Template.php\",\"line\":367,\"class\":\"craft\\\\web\\\\twig\\\\Template\",\"method\":\"displayWithErrorHandling\",\"args\":\"[\\\"entry\\\" => craft\\\\elements\\\\Entry, \\\"variables\\\" => [\\\"entry\\\" => craft\\\\elements\\\\Entry], \\\"view\\\" => craft\\\\web\\\\View, \\\"SORT_ASC\\\" => 4, ...], [\\\"main\\\" => [__TwigTemplate_9371acfb076369c732ca7d1063ec07a3a5f321d6458b8583b411764177095787, \\\"block_main\\\"]]\"},{\"objectClass\":\"__TwigTemplate_9371acfb076369c732ca7d1063ec07a3a5f321d6458b8583b411764177095787\",\"file\":\"/Users/dan.flynn/Dropbox (Personal)/Dev/newForm/vendor/craftcms/cms/src/web/twig/Template.php\",\"line\":31,\"class\":\"Twig_Template\",\"method\":\"display\",\"args\":\"[\\\"entry\\\" => craft\\\\elements\\\\Entry, \\\"variables\\\" => [\\\"entry\\\" => craft\\\\elements\\\\Entry]], []\"},{\"objectClass\":\"__TwigTemplate_9371acfb076369c732ca7d1063ec07a3a5f321d6458b8583b411764177095787\",\"file\":\"/Users/dan.flynn/Dropbox (Personal)/Dev/newForm/vendor/twig/twig/lib/Twig/Template.php\",\"line\":375,\"class\":\"craft\\\\web\\\\twig\\\\Template\",\"method\":\"display\",\"args\":\"[\\\"entry\\\" => craft\\\\elements\\\\Entry, \\\"variables\\\" => [\\\"entry\\\" => craft\\\\elements\\\\Entry]]\"},{\"objectClass\":\"__TwigTemplate_9371acfb076369c732ca7d1063ec07a3a5f321d6458b8583b411764177095787\",\"file\":\"/Users/dan.flynn/Dropbox (Personal)/Dev/newForm/vendor/twig/twig/lib/Twig/Environment.php\",\"line\":289,\"class\":\"Twig_Template\",\"method\":\"render\",\"args\":\"[\\\"entry\\\" => craft\\\\elements\\\\Entry, \\\"variables\\\" => [\\\"entry\\\" => craft\\\\elements\\\\Entry]]\"},{\"objectClass\":\"craft\\\\web\\\\twig\\\\Environment\",\"file\":\"/Users/dan.flynn/Dropbox (Personal)/Dev/newForm/vendor/craftcms/cms/src/web/View.php\",\"line\":331,\"class\":\"Twig_Environment\",\"method\":\"render\",\"args\":\"\\\"index\\\", [\\\"entry\\\" => craft\\\\elements\\\\Entry, \\\"variables\\\" => [\\\"entry\\\" => craft\\\\elements\\\\Entry]]\"},{\"objectClass\":\"craft\\\\web\\\\View\",\"file\":\"/Users/dan.flynn/Dropbox (Personal)/Dev/newForm/vendor/craftcms/cms/src/web/View.php\",\"line\":378,\"class\":\"craft\\\\web\\\\View\",\"method\":\"renderTemplate\",\"args\":\"\\\"index\\\", [\\\"entry\\\" => craft\\\\elements\\\\Entry, \\\"variables\\\" => [\\\"entry\\\" => craft\\\\elements\\\\Entry]]\"},{\"objectClass\":\"craft\\\\web\\\\View\",\"file\":\"/Users/dan.flynn/Dropbox (Personal)/Dev/newForm/vendor/craftcms/cms/src/web/Controller.php\",\"line\":156,\"class\":\"craft\\\\web\\\\View\",\"method\":\"renderPageTemplate\",\"args\":\"\\\"index\\\", [\\\"entry\\\" => craft\\\\elements\\\\Entry, \\\"variables\\\" => [\\\"entry\\\" => craft\\\\elements\\\\Entry]]\"},{\"objectClass\":\"craft\\\\controllers\\\\TemplatesController\",\"file\":\"/Users/dan.flynn/Dropbox (Personal)/Dev/newForm/vendor/craftcms/cms/src/controllers/TemplatesController.php\",\"line\":78,\"class\":\"craft\\\\web\\\\Controller\",\"method\":\"renderTemplate\",\"args\":\"\\\"index\\\", [\\\"entry\\\" => craft\\\\elements\\\\Entry, \\\"variables\\\" => [\\\"entry\\\" => craft\\\\elements\\\\Entry]]\"},{\"objectClass\":\"craft\\\\controllers\\\\TemplatesController\",\"file\":null,\"line\":null,\"class\":\"craft\\\\controllers\\\\TemplatesController\",\"method\":\"actionRender\",\"args\":\"\\\"index\\\", [\\\"entry\\\" => craft\\\\elements\\\\Entry, \\\"variables\\\" => [\\\"entry\\\" => craft\\\\elements\\\\Entry]]\"},{\"objectClass\":null,\"file\":\"/Users/dan.flynn/Dropbox (Personal)/Dev/newForm/vendor/yiisoft/yii2/base/InlineAction.php\",\"line\":57,\"class\":null,\"method\":\"call_user_func_array\",\"args\":\"[craft\\\\controllers\\\\TemplatesController, \\\"actionRender\\\"], [\\\"index\\\", [\\\"entry\\\" => craft\\\\elements\\\\Entry]]\"},{\"objectClass\":\"yii\\\\base\\\\InlineAction\",\"file\":\"/Users/dan.flynn/Dropbox (Personal)/Dev/newForm/vendor/yiisoft/yii2/base/Controller.php\",\"line\":157,\"class\":\"yii\\\\base\\\\InlineAction\",\"method\":\"runWithParams\",\"args\":\"[\\\"template\\\" => \\\"index\\\", \\\"variables\\\" => [\\\"entry\\\" => craft\\\\elements\\\\Entry]]\"},{\"objectClass\":\"craft\\\\controllers\\\\TemplatesController\",\"file\":\"/Users/dan.flynn/Dropbox (Personal)/Dev/newForm/vendor/craftcms/cms/src/web/Controller.php\",\"line\":104,\"class\":\"yii\\\\base\\\\Controller\",\"method\":\"runAction\",\"args\":\"\\\"render\\\", [\\\"template\\\" => \\\"index\\\", \\\"variables\\\" => [\\\"entry\\\" => craft\\\\elements\\\\Entry]]\"},{\"objectClass\":\"craft\\\\controllers\\\\TemplatesController\",\"file\":\"/Users/dan.flynn/Dropbox (Personal)/Dev/newForm/vendor/yiisoft/yii2/base/Module.php\",\"line\":528,\"class\":\"craft\\\\web\\\\Controller\",\"method\":\"runAction\",\"args\":\"\\\"render\\\", [\\\"template\\\" => \\\"index\\\", \\\"variables\\\" => [\\\"entry\\\" => craft\\\\elements\\\\Entry]]\"},{\"objectClass\":\"craft\\\\web\\\\Application\",\"file\":\"/Users/dan.flynn/Dropbox (Personal)/Dev/newForm/vendor/craftcms/cms/src/web/Application.php\",\"line\":282,\"class\":\"yii\\\\base\\\\Module\",\"method\":\"runAction\",\"args\":\"\\\"templates/render\\\", [\\\"template\\\" => \\\"index\\\", \\\"variables\\\" => [\\\"entry\\\" => craft\\\\elements\\\\Entry]]\"},{\"objectClass\":\"craft\\\\web\\\\Application\",\"file\":\"/Users/dan.flynn/Dropbox (Personal)/Dev/newForm/vendor/yiisoft/yii2/web/Application.php\",\"line\":103,\"class\":\"craft\\\\web\\\\Application\",\"method\":\"runAction\",\"args\":\"\\\"templates/render\\\", [\\\"template\\\" => \\\"index\\\", \\\"variables\\\" => [\\\"entry\\\" => craft\\\\elements\\\\Entry]]\"},{\"objectClass\":\"craft\\\\web\\\\Application\",\"file\":\"/Users/dan.flynn/Dropbox (Personal)/Dev/newForm/vendor/craftcms/cms/src/web/Application.php\",\"line\":271,\"class\":\"yii\\\\web\\\\Application\",\"method\":\"handleRequest\",\"args\":\"craft\\\\web\\\\Request\"},{\"objectClass\":\"craft\\\\web\\\\Application\",\"file\":\"/Users/dan.flynn/Dropbox (Personal)/Dev/newForm/vendor/yiisoft/yii2/base/Application.php\",\"line\":386,\"class\":\"craft\\\\web\\\\Application\",\"method\":\"handleRequest\",\"args\":\"craft\\\\web\\\\Request\"},{\"objectClass\":\"craft\\\\web\\\\Application\",\"file\":\"/Users/dan.flynn/Dropbox (Personal)/Dev/newForm/web/index.php\",\"line\":21,\"class\":\"yii\\\\base\\\\Application\",\"method\":\"run\",\"args\":null}]','2018-11-18 06:14:45','2018-11-18 06:14:45','3d4143b2-4493-4a8d-98fd-0284e5a27904'),
	(9210,'ElementQuery::getIterator()','/Users/dan.flynn/Dropbox (Personal)/Dev/newForm/templates/project.html:6','2018-11-18 06:12:24','/Users/dan.flynn/Dropbox (Personal)/Dev/newForm/templates/project.html',6,'Looping through element queries directly has been deprecated. Use the all() function to fetch the query results before looping over them.','[{\"objectClass\":\"craft\\\\services\\\\Deprecator\",\"file\":\"/Users/dan.flynn/Dropbox (Personal)/Dev/newForm/vendor/craftcms/cms/src/elements/db/ElementQuery.php\",\"line\":456,\"class\":\"craft\\\\services\\\\Deprecator\",\"method\":\"log\",\"args\":\"\\\"ElementQuery::getIterator()\\\", \\\"Looping through element queries directly has been deprecated. Us...\\\"\"},{\"objectClass\":\"craft\\\\elements\\\\db\\\\AssetQuery\",\"file\":\"/Users/dan.flynn/Dropbox (Personal)/Dev/newForm/storage/runtime/compiled_templates/f7/f7f71281f5f8ec8fee46008380031d64eef0d5854ed7d504b57cef8753ceeab0.php\",\"line\":33,\"class\":\"craft\\\\elements\\\\db\\\\ElementQuery\",\"method\":\"getIterator\",\"args\":null},{\"objectClass\":\"__TwigTemplate_1af0b58e21937db6a2dea201ba80fc317b4761ff87de947c32654291db52d840\",\"file\":\"/Users/dan.flynn/Dropbox (Personal)/Dev/newForm/vendor/twig/twig/lib/Twig/Template.php\",\"line\":390,\"class\":\"__TwigTemplate_1af0b58e21937db6a2dea201ba80fc317b4761ff87de947c32654291db52d840\",\"method\":\"doDisplay\",\"args\":\"[\\\"entry\\\" => craft\\\\elements\\\\Entry, \\\"variables\\\" => [\\\"entry\\\" => craft\\\\elements\\\\Entry], \\\"view\\\" => craft\\\\web\\\\View, \\\"SORT_ASC\\\" => 4, ...], []\"},{\"objectClass\":\"__TwigTemplate_1af0b58e21937db6a2dea201ba80fc317b4761ff87de947c32654291db52d840\",\"file\":\"/Users/dan.flynn/Dropbox (Personal)/Dev/newForm/vendor/craftcms/cms/src/web/twig/Template.php\",\"line\":49,\"class\":\"Twig_Template\",\"method\":\"displayWithErrorHandling\",\"args\":\"[\\\"entry\\\" => craft\\\\elements\\\\Entry, \\\"variables\\\" => [\\\"entry\\\" => craft\\\\elements\\\\Entry], \\\"view\\\" => craft\\\\web\\\\View, \\\"SORT_ASC\\\" => 4, ...], []\"},{\"objectClass\":\"__TwigTemplate_1af0b58e21937db6a2dea201ba80fc317b4761ff87de947c32654291db52d840\",\"file\":\"/Users/dan.flynn/Dropbox (Personal)/Dev/newForm/vendor/twig/twig/lib/Twig/Template.php\",\"line\":367,\"class\":\"craft\\\\web\\\\twig\\\\Template\",\"method\":\"displayWithErrorHandling\",\"args\":\"[\\\"entry\\\" => craft\\\\elements\\\\Entry, \\\"variables\\\" => [\\\"entry\\\" => craft\\\\elements\\\\Entry], \\\"view\\\" => craft\\\\web\\\\View, \\\"SORT_ASC\\\" => 4, ...], []\"},{\"objectClass\":\"__TwigTemplate_1af0b58e21937db6a2dea201ba80fc317b4761ff87de947c32654291db52d840\",\"file\":\"/Users/dan.flynn/Dropbox (Personal)/Dev/newForm/vendor/craftcms/cms/src/web/twig/Template.php\",\"line\":31,\"class\":\"Twig_Template\",\"method\":\"display\",\"args\":\"[\\\"entry\\\" => craft\\\\elements\\\\Entry, \\\"variables\\\" => [\\\"entry\\\" => craft\\\\elements\\\\Entry]], []\"},{\"objectClass\":\"__TwigTemplate_1af0b58e21937db6a2dea201ba80fc317b4761ff87de947c32654291db52d840\",\"file\":\"/Users/dan.flynn/Dropbox (Personal)/Dev/newForm/vendor/twig/twig/lib/Twig/Template.php\",\"line\":375,\"class\":\"craft\\\\web\\\\twig\\\\Template\",\"method\":\"display\",\"args\":\"[\\\"entry\\\" => craft\\\\elements\\\\Entry, \\\"variables\\\" => [\\\"entry\\\" => craft\\\\elements\\\\Entry]]\"},{\"objectClass\":\"__TwigTemplate_1af0b58e21937db6a2dea201ba80fc317b4761ff87de947c32654291db52d840\",\"file\":\"/Users/dan.flynn/Dropbox (Personal)/Dev/newForm/vendor/twig/twig/lib/Twig/Environment.php\",\"line\":289,\"class\":\"Twig_Template\",\"method\":\"render\",\"args\":\"[\\\"entry\\\" => craft\\\\elements\\\\Entry, \\\"variables\\\" => [\\\"entry\\\" => craft\\\\elements\\\\Entry]]\"},{\"objectClass\":\"craft\\\\web\\\\twig\\\\Environment\",\"file\":\"/Users/dan.flynn/Dropbox (Personal)/Dev/newForm/vendor/craftcms/cms/src/web/View.php\",\"line\":331,\"class\":\"Twig_Environment\",\"method\":\"render\",\"args\":\"\\\"project\\\", [\\\"entry\\\" => craft\\\\elements\\\\Entry, \\\"variables\\\" => [\\\"entry\\\" => craft\\\\elements\\\\Entry]]\"},{\"objectClass\":\"craft\\\\web\\\\View\",\"file\":\"/Users/dan.flynn/Dropbox (Personal)/Dev/newForm/vendor/craftcms/cms/src/web/View.php\",\"line\":378,\"class\":\"craft\\\\web\\\\View\",\"method\":\"renderTemplate\",\"args\":\"\\\"project\\\", [\\\"entry\\\" => craft\\\\elements\\\\Entry, \\\"variables\\\" => [\\\"entry\\\" => craft\\\\elements\\\\Entry]]\"},{\"objectClass\":\"craft\\\\web\\\\View\",\"file\":\"/Users/dan.flynn/Dropbox (Personal)/Dev/newForm/vendor/craftcms/cms/src/web/Controller.php\",\"line\":156,\"class\":\"craft\\\\web\\\\View\",\"method\":\"renderPageTemplate\",\"args\":\"\\\"project\\\", [\\\"entry\\\" => craft\\\\elements\\\\Entry, \\\"variables\\\" => [\\\"entry\\\" => craft\\\\elements\\\\Entry]]\"},{\"objectClass\":\"craft\\\\controllers\\\\TemplatesController\",\"file\":\"/Users/dan.flynn/Dropbox (Personal)/Dev/newForm/vendor/craftcms/cms/src/controllers/TemplatesController.php\",\"line\":78,\"class\":\"craft\\\\web\\\\Controller\",\"method\":\"renderTemplate\",\"args\":\"\\\"project\\\", [\\\"entry\\\" => craft\\\\elements\\\\Entry, \\\"variables\\\" => [\\\"entry\\\" => craft\\\\elements\\\\Entry]]\"},{\"objectClass\":\"craft\\\\controllers\\\\TemplatesController\",\"file\":null,\"line\":null,\"class\":\"craft\\\\controllers\\\\TemplatesController\",\"method\":\"actionRender\",\"args\":\"\\\"project\\\", [\\\"entry\\\" => craft\\\\elements\\\\Entry, \\\"variables\\\" => [\\\"entry\\\" => craft\\\\elements\\\\Entry]]\"},{\"objectClass\":null,\"file\":\"/Users/dan.flynn/Dropbox (Personal)/Dev/newForm/vendor/yiisoft/yii2/base/InlineAction.php\",\"line\":57,\"class\":null,\"method\":\"call_user_func_array\",\"args\":\"[craft\\\\controllers\\\\TemplatesController, \\\"actionRender\\\"], [\\\"project\\\", [\\\"entry\\\" => craft\\\\elements\\\\Entry]]\"},{\"objectClass\":\"yii\\\\base\\\\InlineAction\",\"file\":\"/Users/dan.flynn/Dropbox (Personal)/Dev/newForm/vendor/yiisoft/yii2/base/Controller.php\",\"line\":157,\"class\":\"yii\\\\base\\\\InlineAction\",\"method\":\"runWithParams\",\"args\":\"[\\\"template\\\" => \\\"project\\\", \\\"variables\\\" => [\\\"entry\\\" => craft\\\\elements\\\\Entry], \\\"p\\\" => \\\"shiftco\\\"]\"},{\"objectClass\":\"craft\\\\controllers\\\\TemplatesController\",\"file\":\"/Users/dan.flynn/Dropbox (Personal)/Dev/newForm/vendor/craftcms/cms/src/web/Controller.php\",\"line\":104,\"class\":\"yii\\\\base\\\\Controller\",\"method\":\"runAction\",\"args\":\"\\\"render\\\", [\\\"template\\\" => \\\"project\\\", \\\"variables\\\" => [\\\"entry\\\" => craft\\\\elements\\\\Entry], \\\"p\\\" => \\\"shiftco\\\"]\"},{\"objectClass\":\"craft\\\\controllers\\\\TemplatesController\",\"file\":\"/Users/dan.flynn/Dropbox (Personal)/Dev/newForm/vendor/yiisoft/yii2/base/Module.php\",\"line\":528,\"class\":\"craft\\\\web\\\\Controller\",\"method\":\"runAction\",\"args\":\"\\\"render\\\", [\\\"template\\\" => \\\"project\\\", \\\"variables\\\" => [\\\"entry\\\" => craft\\\\elements\\\\Entry], \\\"p\\\" => \\\"shiftco\\\"]\"},{\"objectClass\":\"craft\\\\web\\\\Application\",\"file\":\"/Users/dan.flynn/Dropbox (Personal)/Dev/newForm/vendor/craftcms/cms/src/web/Application.php\",\"line\":282,\"class\":\"yii\\\\base\\\\Module\",\"method\":\"runAction\",\"args\":\"\\\"templates/render\\\", [\\\"template\\\" => \\\"project\\\", \\\"variables\\\" => [\\\"entry\\\" => craft\\\\elements\\\\Entry], \\\"p\\\" => \\\"shiftco\\\"]\"},{\"objectClass\":\"craft\\\\web\\\\Application\",\"file\":\"/Users/dan.flynn/Dropbox (Personal)/Dev/newForm/vendor/yiisoft/yii2/web/Application.php\",\"line\":103,\"class\":\"craft\\\\web\\\\Application\",\"method\":\"runAction\",\"args\":\"\\\"templates/render\\\", [\\\"template\\\" => \\\"project\\\", \\\"variables\\\" => [\\\"entry\\\" => craft\\\\elements\\\\Entry], \\\"p\\\" => \\\"shiftco\\\"]\"},{\"objectClass\":\"craft\\\\web\\\\Application\",\"file\":\"/Users/dan.flynn/Dropbox (Personal)/Dev/newForm/vendor/craftcms/cms/src/web/Application.php\",\"line\":271,\"class\":\"yii\\\\web\\\\Application\",\"method\":\"handleRequest\",\"args\":\"craft\\\\web\\\\Request\"},{\"objectClass\":\"craft\\\\web\\\\Application\",\"file\":\"/Users/dan.flynn/Dropbox (Personal)/Dev/newForm/vendor/yiisoft/yii2/base/Application.php\",\"line\":386,\"class\":\"craft\\\\web\\\\Application\",\"method\":\"handleRequest\",\"args\":\"craft\\\\web\\\\Request\"},{\"objectClass\":\"craft\\\\web\\\\Application\",\"file\":\"/Users/dan.flynn/Dropbox (Personal)/Dev/newForm/web/index.php\",\"line\":21,\"class\":\"yii\\\\base\\\\Application\",\"method\":\"run\",\"args\":null}]','2018-11-18 06:12:24','2018-11-18 06:12:24','679bb951-9c3a-4b13-9e5c-57b2ca81afee'),
	(9211,'ElementQuery::getIterator()','/Users/dan.flynn/Dropbox (Personal)/Dev/newForm/templates/project.html:16','2018-11-18 06:12:24','/Users/dan.flynn/Dropbox (Personal)/Dev/newForm/templates/project.html',16,'Looping through element queries directly has been deprecated. Use the all() function to fetch the query results before looping over them.','[{\"objectClass\":\"craft\\\\services\\\\Deprecator\",\"file\":\"/Users/dan.flynn/Dropbox (Personal)/Dev/newForm/vendor/craftcms/cms/src/elements/db/ElementQuery.php\",\"line\":456,\"class\":\"craft\\\\services\\\\Deprecator\",\"method\":\"log\",\"args\":\"\\\"ElementQuery::getIterator()\\\", \\\"Looping through element queries directly has been deprecated. Us...\\\"\"},{\"objectClass\":\"verbb\\\\supertable\\\\elements\\\\db\\\\SuperTableBlockQuery\",\"file\":\"/Users/dan.flynn/Dropbox (Personal)/Dev/newForm/storage/runtime/compiled_templates/f7/f7f71281f5f8ec8fee46008380031d64eef0d5854ed7d504b57cef8753ceeab0.php\",\"line\":63,\"class\":\"craft\\\\elements\\\\db\\\\ElementQuery\",\"method\":\"getIterator\",\"args\":null},{\"objectClass\":\"__TwigTemplate_1af0b58e21937db6a2dea201ba80fc317b4761ff87de947c32654291db52d840\",\"file\":\"/Users/dan.flynn/Dropbox (Personal)/Dev/newForm/vendor/twig/twig/lib/Twig/Template.php\",\"line\":390,\"class\":\"__TwigTemplate_1af0b58e21937db6a2dea201ba80fc317b4761ff87de947c32654291db52d840\",\"method\":\"doDisplay\",\"args\":\"[\\\"entry\\\" => craft\\\\elements\\\\Entry, \\\"variables\\\" => [\\\"entry\\\" => craft\\\\elements\\\\Entry], \\\"view\\\" => craft\\\\web\\\\View, \\\"SORT_ASC\\\" => 4, ...], []\"},{\"objectClass\":\"__TwigTemplate_1af0b58e21937db6a2dea201ba80fc317b4761ff87de947c32654291db52d840\",\"file\":\"/Users/dan.flynn/Dropbox (Personal)/Dev/newForm/vendor/craftcms/cms/src/web/twig/Template.php\",\"line\":49,\"class\":\"Twig_Template\",\"method\":\"displayWithErrorHandling\",\"args\":\"[\\\"entry\\\" => craft\\\\elements\\\\Entry, \\\"variables\\\" => [\\\"entry\\\" => craft\\\\elements\\\\Entry], \\\"view\\\" => craft\\\\web\\\\View, \\\"SORT_ASC\\\" => 4, ...], []\"},{\"objectClass\":\"__TwigTemplate_1af0b58e21937db6a2dea201ba80fc317b4761ff87de947c32654291db52d840\",\"file\":\"/Users/dan.flynn/Dropbox (Personal)/Dev/newForm/vendor/twig/twig/lib/Twig/Template.php\",\"line\":367,\"class\":\"craft\\\\web\\\\twig\\\\Template\",\"method\":\"displayWithErrorHandling\",\"args\":\"[\\\"entry\\\" => craft\\\\elements\\\\Entry, \\\"variables\\\" => [\\\"entry\\\" => craft\\\\elements\\\\Entry], \\\"view\\\" => craft\\\\web\\\\View, \\\"SORT_ASC\\\" => 4, ...], []\"},{\"objectClass\":\"__TwigTemplate_1af0b58e21937db6a2dea201ba80fc317b4761ff87de947c32654291db52d840\",\"file\":\"/Users/dan.flynn/Dropbox (Personal)/Dev/newForm/vendor/craftcms/cms/src/web/twig/Template.php\",\"line\":31,\"class\":\"Twig_Template\",\"method\":\"display\",\"args\":\"[\\\"entry\\\" => craft\\\\elements\\\\Entry, \\\"variables\\\" => [\\\"entry\\\" => craft\\\\elements\\\\Entry]], []\"},{\"objectClass\":\"__TwigTemplate_1af0b58e21937db6a2dea201ba80fc317b4761ff87de947c32654291db52d840\",\"file\":\"/Users/dan.flynn/Dropbox (Personal)/Dev/newForm/vendor/twig/twig/lib/Twig/Template.php\",\"line\":375,\"class\":\"craft\\\\web\\\\twig\\\\Template\",\"method\":\"display\",\"args\":\"[\\\"entry\\\" => craft\\\\elements\\\\Entry, \\\"variables\\\" => [\\\"entry\\\" => craft\\\\elements\\\\Entry]]\"},{\"objectClass\":\"__TwigTemplate_1af0b58e21937db6a2dea201ba80fc317b4761ff87de947c32654291db52d840\",\"file\":\"/Users/dan.flynn/Dropbox (Personal)/Dev/newForm/vendor/twig/twig/lib/Twig/Environment.php\",\"line\":289,\"class\":\"Twig_Template\",\"method\":\"render\",\"args\":\"[\\\"entry\\\" => craft\\\\elements\\\\Entry, \\\"variables\\\" => [\\\"entry\\\" => craft\\\\elements\\\\Entry]]\"},{\"objectClass\":\"craft\\\\web\\\\twig\\\\Environment\",\"file\":\"/Users/dan.flynn/Dropbox (Personal)/Dev/newForm/vendor/craftcms/cms/src/web/View.php\",\"line\":331,\"class\":\"Twig_Environment\",\"method\":\"render\",\"args\":\"\\\"project\\\", [\\\"entry\\\" => craft\\\\elements\\\\Entry, \\\"variables\\\" => [\\\"entry\\\" => craft\\\\elements\\\\Entry]]\"},{\"objectClass\":\"craft\\\\web\\\\View\",\"file\":\"/Users/dan.flynn/Dropbox (Personal)/Dev/newForm/vendor/craftcms/cms/src/web/View.php\",\"line\":378,\"class\":\"craft\\\\web\\\\View\",\"method\":\"renderTemplate\",\"args\":\"\\\"project\\\", [\\\"entry\\\" => craft\\\\elements\\\\Entry, \\\"variables\\\" => [\\\"entry\\\" => craft\\\\elements\\\\Entry]]\"},{\"objectClass\":\"craft\\\\web\\\\View\",\"file\":\"/Users/dan.flynn/Dropbox (Personal)/Dev/newForm/vendor/craftcms/cms/src/web/Controller.php\",\"line\":156,\"class\":\"craft\\\\web\\\\View\",\"method\":\"renderPageTemplate\",\"args\":\"\\\"project\\\", [\\\"entry\\\" => craft\\\\elements\\\\Entry, \\\"variables\\\" => [\\\"entry\\\" => craft\\\\elements\\\\Entry]]\"},{\"objectClass\":\"craft\\\\controllers\\\\TemplatesController\",\"file\":\"/Users/dan.flynn/Dropbox (Personal)/Dev/newForm/vendor/craftcms/cms/src/controllers/TemplatesController.php\",\"line\":78,\"class\":\"craft\\\\web\\\\Controller\",\"method\":\"renderTemplate\",\"args\":\"\\\"project\\\", [\\\"entry\\\" => craft\\\\elements\\\\Entry, \\\"variables\\\" => [\\\"entry\\\" => craft\\\\elements\\\\Entry]]\"},{\"objectClass\":\"craft\\\\controllers\\\\TemplatesController\",\"file\":null,\"line\":null,\"class\":\"craft\\\\controllers\\\\TemplatesController\",\"method\":\"actionRender\",\"args\":\"\\\"project\\\", [\\\"entry\\\" => craft\\\\elements\\\\Entry, \\\"variables\\\" => [\\\"entry\\\" => craft\\\\elements\\\\Entry]]\"},{\"objectClass\":null,\"file\":\"/Users/dan.flynn/Dropbox (Personal)/Dev/newForm/vendor/yiisoft/yii2/base/InlineAction.php\",\"line\":57,\"class\":null,\"method\":\"call_user_func_array\",\"args\":\"[craft\\\\controllers\\\\TemplatesController, \\\"actionRender\\\"], [\\\"project\\\", [\\\"entry\\\" => craft\\\\elements\\\\Entry]]\"},{\"objectClass\":\"yii\\\\base\\\\InlineAction\",\"file\":\"/Users/dan.flynn/Dropbox (Personal)/Dev/newForm/vendor/yiisoft/yii2/base/Controller.php\",\"line\":157,\"class\":\"yii\\\\base\\\\InlineAction\",\"method\":\"runWithParams\",\"args\":\"[\\\"template\\\" => \\\"project\\\", \\\"variables\\\" => [\\\"entry\\\" => craft\\\\elements\\\\Entry], \\\"p\\\" => \\\"shiftco\\\"]\"},{\"objectClass\":\"craft\\\\controllers\\\\TemplatesController\",\"file\":\"/Users/dan.flynn/Dropbox (Personal)/Dev/newForm/vendor/craftcms/cms/src/web/Controller.php\",\"line\":104,\"class\":\"yii\\\\base\\\\Controller\",\"method\":\"runAction\",\"args\":\"\\\"render\\\", [\\\"template\\\" => \\\"project\\\", \\\"variables\\\" => [\\\"entry\\\" => craft\\\\elements\\\\Entry], \\\"p\\\" => \\\"shiftco\\\"]\"},{\"objectClass\":\"craft\\\\controllers\\\\TemplatesController\",\"file\":\"/Users/dan.flynn/Dropbox (Personal)/Dev/newForm/vendor/yiisoft/yii2/base/Module.php\",\"line\":528,\"class\":\"craft\\\\web\\\\Controller\",\"method\":\"runAction\",\"args\":\"\\\"render\\\", [\\\"template\\\" => \\\"project\\\", \\\"variables\\\" => [\\\"entry\\\" => craft\\\\elements\\\\Entry], \\\"p\\\" => \\\"shiftco\\\"]\"},{\"objectClass\":\"craft\\\\web\\\\Application\",\"file\":\"/Users/dan.flynn/Dropbox (Personal)/Dev/newForm/vendor/craftcms/cms/src/web/Application.php\",\"line\":282,\"class\":\"yii\\\\base\\\\Module\",\"method\":\"runAction\",\"args\":\"\\\"templates/render\\\", [\\\"template\\\" => \\\"project\\\", \\\"variables\\\" => [\\\"entry\\\" => craft\\\\elements\\\\Entry], \\\"p\\\" => \\\"shiftco\\\"]\"},{\"objectClass\":\"craft\\\\web\\\\Application\",\"file\":\"/Users/dan.flynn/Dropbox (Personal)/Dev/newForm/vendor/yiisoft/yii2/web/Application.php\",\"line\":103,\"class\":\"craft\\\\web\\\\Application\",\"method\":\"runAction\",\"args\":\"\\\"templates/render\\\", [\\\"template\\\" => \\\"project\\\", \\\"variables\\\" => [\\\"entry\\\" => craft\\\\elements\\\\Entry], \\\"p\\\" => \\\"shiftco\\\"]\"},{\"objectClass\":\"craft\\\\web\\\\Application\",\"file\":\"/Users/dan.flynn/Dropbox (Personal)/Dev/newForm/vendor/craftcms/cms/src/web/Application.php\",\"line\":271,\"class\":\"yii\\\\web\\\\Application\",\"method\":\"handleRequest\",\"args\":\"craft\\\\web\\\\Request\"},{\"objectClass\":\"craft\\\\web\\\\Application\",\"file\":\"/Users/dan.flynn/Dropbox (Personal)/Dev/newForm/vendor/yiisoft/yii2/base/Application.php\",\"line\":386,\"class\":\"craft\\\\web\\\\Application\",\"method\":\"handleRequest\",\"args\":\"craft\\\\web\\\\Request\"},{\"objectClass\":\"craft\\\\web\\\\Application\",\"file\":\"/Users/dan.flynn/Dropbox (Personal)/Dev/newForm/web/index.php\",\"line\":21,\"class\":\"yii\\\\base\\\\Application\",\"method\":\"run\",\"args\":null}]','2018-11-18 06:12:24','2018-11-18 06:12:24','63815e4e-d71d-435a-ba19-9e1c2b2e7f85'),
	(9212,'ElementQuery::getIterator()','/Users/dan.flynn/Dropbox (Personal)/Dev/newForm/templates/project.html:49','2018-11-18 06:12:24','/Users/dan.flynn/Dropbox (Personal)/Dev/newForm/templates/project.html',49,'Looping through element queries directly has been deprecated. Use the all() function to fetch the query results before looping over them.','[{\"objectClass\":\"craft\\\\services\\\\Deprecator\",\"file\":\"/Users/dan.flynn/Dropbox (Personal)/Dev/newForm/vendor/craftcms/cms/src/elements/db/ElementQuery.php\",\"line\":456,\"class\":\"craft\\\\services\\\\Deprecator\",\"method\":\"log\",\"args\":\"\\\"ElementQuery::getIterator()\\\", \\\"Looping through element queries directly has been deprecated. Us...\\\"\"},{\"objectClass\":\"craft\\\\elements\\\\db\\\\AssetQuery\",\"file\":\"/Users/dan.flynn/Dropbox (Personal)/Dev/newForm/storage/runtime/compiled_templates/f7/f7f71281f5f8ec8fee46008380031d64eef0d5854ed7d504b57cef8753ceeab0.php\",\"line\":139,\"class\":\"craft\\\\elements\\\\db\\\\ElementQuery\",\"method\":\"getIterator\",\"args\":null},{\"objectClass\":\"__TwigTemplate_1af0b58e21937db6a2dea201ba80fc317b4761ff87de947c32654291db52d840\",\"file\":\"/Users/dan.flynn/Dropbox (Personal)/Dev/newForm/vendor/twig/twig/lib/Twig/Template.php\",\"line\":390,\"class\":\"__TwigTemplate_1af0b58e21937db6a2dea201ba80fc317b4761ff87de947c32654291db52d840\",\"method\":\"doDisplay\",\"args\":\"[\\\"entry\\\" => craft\\\\elements\\\\Entry, \\\"variables\\\" => [\\\"entry\\\" => craft\\\\elements\\\\Entry], \\\"view\\\" => craft\\\\web\\\\View, \\\"SORT_ASC\\\" => 4, ...], []\"},{\"objectClass\":\"__TwigTemplate_1af0b58e21937db6a2dea201ba80fc317b4761ff87de947c32654291db52d840\",\"file\":\"/Users/dan.flynn/Dropbox (Personal)/Dev/newForm/vendor/craftcms/cms/src/web/twig/Template.php\",\"line\":49,\"class\":\"Twig_Template\",\"method\":\"displayWithErrorHandling\",\"args\":\"[\\\"entry\\\" => craft\\\\elements\\\\Entry, \\\"variables\\\" => [\\\"entry\\\" => craft\\\\elements\\\\Entry], \\\"view\\\" => craft\\\\web\\\\View, \\\"SORT_ASC\\\" => 4, ...], []\"},{\"objectClass\":\"__TwigTemplate_1af0b58e21937db6a2dea201ba80fc317b4761ff87de947c32654291db52d840\",\"file\":\"/Users/dan.flynn/Dropbox (Personal)/Dev/newForm/vendor/twig/twig/lib/Twig/Template.php\",\"line\":367,\"class\":\"craft\\\\web\\\\twig\\\\Template\",\"method\":\"displayWithErrorHandling\",\"args\":\"[\\\"entry\\\" => craft\\\\elements\\\\Entry, \\\"variables\\\" => [\\\"entry\\\" => craft\\\\elements\\\\Entry], \\\"view\\\" => craft\\\\web\\\\View, \\\"SORT_ASC\\\" => 4, ...], []\"},{\"objectClass\":\"__TwigTemplate_1af0b58e21937db6a2dea201ba80fc317b4761ff87de947c32654291db52d840\",\"file\":\"/Users/dan.flynn/Dropbox (Personal)/Dev/newForm/vendor/craftcms/cms/src/web/twig/Template.php\",\"line\":31,\"class\":\"Twig_Template\",\"method\":\"display\",\"args\":\"[\\\"entry\\\" => craft\\\\elements\\\\Entry, \\\"variables\\\" => [\\\"entry\\\" => craft\\\\elements\\\\Entry]], []\"},{\"objectClass\":\"__TwigTemplate_1af0b58e21937db6a2dea201ba80fc317b4761ff87de947c32654291db52d840\",\"file\":\"/Users/dan.flynn/Dropbox (Personal)/Dev/newForm/vendor/twig/twig/lib/Twig/Template.php\",\"line\":375,\"class\":\"craft\\\\web\\\\twig\\\\Template\",\"method\":\"display\",\"args\":\"[\\\"entry\\\" => craft\\\\elements\\\\Entry, \\\"variables\\\" => [\\\"entry\\\" => craft\\\\elements\\\\Entry]]\"},{\"objectClass\":\"__TwigTemplate_1af0b58e21937db6a2dea201ba80fc317b4761ff87de947c32654291db52d840\",\"file\":\"/Users/dan.flynn/Dropbox (Personal)/Dev/newForm/vendor/twig/twig/lib/Twig/Environment.php\",\"line\":289,\"class\":\"Twig_Template\",\"method\":\"render\",\"args\":\"[\\\"entry\\\" => craft\\\\elements\\\\Entry, \\\"variables\\\" => [\\\"entry\\\" => craft\\\\elements\\\\Entry]]\"},{\"objectClass\":\"craft\\\\web\\\\twig\\\\Environment\",\"file\":\"/Users/dan.flynn/Dropbox (Personal)/Dev/newForm/vendor/craftcms/cms/src/web/View.php\",\"line\":331,\"class\":\"Twig_Environment\",\"method\":\"render\",\"args\":\"\\\"project\\\", [\\\"entry\\\" => craft\\\\elements\\\\Entry, \\\"variables\\\" => [\\\"entry\\\" => craft\\\\elements\\\\Entry]]\"},{\"objectClass\":\"craft\\\\web\\\\View\",\"file\":\"/Users/dan.flynn/Dropbox (Personal)/Dev/newForm/vendor/craftcms/cms/src/web/View.php\",\"line\":378,\"class\":\"craft\\\\web\\\\View\",\"method\":\"renderTemplate\",\"args\":\"\\\"project\\\", [\\\"entry\\\" => craft\\\\elements\\\\Entry, \\\"variables\\\" => [\\\"entry\\\" => craft\\\\elements\\\\Entry]]\"},{\"objectClass\":\"craft\\\\web\\\\View\",\"file\":\"/Users/dan.flynn/Dropbox (Personal)/Dev/newForm/vendor/craftcms/cms/src/web/Controller.php\",\"line\":156,\"class\":\"craft\\\\web\\\\View\",\"method\":\"renderPageTemplate\",\"args\":\"\\\"project\\\", [\\\"entry\\\" => craft\\\\elements\\\\Entry, \\\"variables\\\" => [\\\"entry\\\" => craft\\\\elements\\\\Entry]]\"},{\"objectClass\":\"craft\\\\controllers\\\\TemplatesController\",\"file\":\"/Users/dan.flynn/Dropbox (Personal)/Dev/newForm/vendor/craftcms/cms/src/controllers/TemplatesController.php\",\"line\":78,\"class\":\"craft\\\\web\\\\Controller\",\"method\":\"renderTemplate\",\"args\":\"\\\"project\\\", [\\\"entry\\\" => craft\\\\elements\\\\Entry, \\\"variables\\\" => [\\\"entry\\\" => craft\\\\elements\\\\Entry]]\"},{\"objectClass\":\"craft\\\\controllers\\\\TemplatesController\",\"file\":null,\"line\":null,\"class\":\"craft\\\\controllers\\\\TemplatesController\",\"method\":\"actionRender\",\"args\":\"\\\"project\\\", [\\\"entry\\\" => craft\\\\elements\\\\Entry, \\\"variables\\\" => [\\\"entry\\\" => craft\\\\elements\\\\Entry]]\"},{\"objectClass\":null,\"file\":\"/Users/dan.flynn/Dropbox (Personal)/Dev/newForm/vendor/yiisoft/yii2/base/InlineAction.php\",\"line\":57,\"class\":null,\"method\":\"call_user_func_array\",\"args\":\"[craft\\\\controllers\\\\TemplatesController, \\\"actionRender\\\"], [\\\"project\\\", [\\\"entry\\\" => craft\\\\elements\\\\Entry]]\"},{\"objectClass\":\"yii\\\\base\\\\InlineAction\",\"file\":\"/Users/dan.flynn/Dropbox (Personal)/Dev/newForm/vendor/yiisoft/yii2/base/Controller.php\",\"line\":157,\"class\":\"yii\\\\base\\\\InlineAction\",\"method\":\"runWithParams\",\"args\":\"[\\\"template\\\" => \\\"project\\\", \\\"variables\\\" => [\\\"entry\\\" => craft\\\\elements\\\\Entry], \\\"p\\\" => \\\"shiftco\\\"]\"},{\"objectClass\":\"craft\\\\controllers\\\\TemplatesController\",\"file\":\"/Users/dan.flynn/Dropbox (Personal)/Dev/newForm/vendor/craftcms/cms/src/web/Controller.php\",\"line\":104,\"class\":\"yii\\\\base\\\\Controller\",\"method\":\"runAction\",\"args\":\"\\\"render\\\", [\\\"template\\\" => \\\"project\\\", \\\"variables\\\" => [\\\"entry\\\" => craft\\\\elements\\\\Entry], \\\"p\\\" => \\\"shiftco\\\"]\"},{\"objectClass\":\"craft\\\\controllers\\\\TemplatesController\",\"file\":\"/Users/dan.flynn/Dropbox (Personal)/Dev/newForm/vendor/yiisoft/yii2/base/Module.php\",\"line\":528,\"class\":\"craft\\\\web\\\\Controller\",\"method\":\"runAction\",\"args\":\"\\\"render\\\", [\\\"template\\\" => \\\"project\\\", \\\"variables\\\" => [\\\"entry\\\" => craft\\\\elements\\\\Entry], \\\"p\\\" => \\\"shiftco\\\"]\"},{\"objectClass\":\"craft\\\\web\\\\Application\",\"file\":\"/Users/dan.flynn/Dropbox (Personal)/Dev/newForm/vendor/craftcms/cms/src/web/Application.php\",\"line\":282,\"class\":\"yii\\\\base\\\\Module\",\"method\":\"runAction\",\"args\":\"\\\"templates/render\\\", [\\\"template\\\" => \\\"project\\\", \\\"variables\\\" => [\\\"entry\\\" => craft\\\\elements\\\\Entry], \\\"p\\\" => \\\"shiftco\\\"]\"},{\"objectClass\":\"craft\\\\web\\\\Application\",\"file\":\"/Users/dan.flynn/Dropbox (Personal)/Dev/newForm/vendor/yiisoft/yii2/web/Application.php\",\"line\":103,\"class\":\"craft\\\\web\\\\Application\",\"method\":\"runAction\",\"args\":\"\\\"templates/render\\\", [\\\"template\\\" => \\\"project\\\", \\\"variables\\\" => [\\\"entry\\\" => craft\\\\elements\\\\Entry], \\\"p\\\" => \\\"shiftco\\\"]\"},{\"objectClass\":\"craft\\\\web\\\\Application\",\"file\":\"/Users/dan.flynn/Dropbox (Personal)/Dev/newForm/vendor/craftcms/cms/src/web/Application.php\",\"line\":271,\"class\":\"yii\\\\web\\\\Application\",\"method\":\"handleRequest\",\"args\":\"craft\\\\web\\\\Request\"},{\"objectClass\":\"craft\\\\web\\\\Application\",\"file\":\"/Users/dan.flynn/Dropbox (Personal)/Dev/newForm/vendor/yiisoft/yii2/base/Application.php\",\"line\":386,\"class\":\"craft\\\\web\\\\Application\",\"method\":\"handleRequest\",\"args\":\"craft\\\\web\\\\Request\"},{\"objectClass\":\"craft\\\\web\\\\Application\",\"file\":\"/Users/dan.flynn/Dropbox (Personal)/Dev/newForm/web/index.php\",\"line\":21,\"class\":\"yii\\\\base\\\\Application\",\"method\":\"run\",\"args\":null}]','2018-11-18 06:12:24','2018-11-18 06:12:24','446837f1-00bd-4d12-b9d1-d2665fbd8135'),
	(9213,'ElementQuery::getIterator()','/Users/dan.flynn/Dropbox (Personal)/Dev/newForm/templates/project.html:19','2018-11-18 06:12:24','/Users/dan.flynn/Dropbox (Personal)/Dev/newForm/templates/project.html',19,'Looping through element queries directly has been deprecated. Use the all() function to fetch the query results before looping over them.','[{\"objectClass\":\"craft\\\\services\\\\Deprecator\",\"file\":\"/Users/dan.flynn/Dropbox (Personal)/Dev/newForm/vendor/craftcms/cms/src/elements/db/ElementQuery.php\",\"line\":456,\"class\":\"craft\\\\services\\\\Deprecator\",\"method\":\"log\",\"args\":\"\\\"ElementQuery::getIterator()\\\", \\\"Looping through element queries directly has been deprecated. Us...\\\"\"},{\"objectClass\":\"craft\\\\elements\\\\db\\\\AssetQuery\",\"file\":\"/Users/dan.flynn/Dropbox (Personal)/Dev/newForm/storage/runtime/compiled_templates/f7/f7f71281f5f8ec8fee46008380031d64eef0d5854ed7d504b57cef8753ceeab0.php\",\"line\":73,\"class\":\"craft\\\\elements\\\\db\\\\ElementQuery\",\"method\":\"getIterator\",\"args\":null},{\"objectClass\":\"__TwigTemplate_1af0b58e21937db6a2dea201ba80fc317b4761ff87de947c32654291db52d840\",\"file\":\"/Users/dan.flynn/Dropbox (Personal)/Dev/newForm/vendor/twig/twig/lib/Twig/Template.php\",\"line\":390,\"class\":\"__TwigTemplate_1af0b58e21937db6a2dea201ba80fc317b4761ff87de947c32654291db52d840\",\"method\":\"doDisplay\",\"args\":\"[\\\"entry\\\" => craft\\\\elements\\\\Entry, \\\"variables\\\" => [\\\"entry\\\" => craft\\\\elements\\\\Entry], \\\"view\\\" => craft\\\\web\\\\View, \\\"SORT_ASC\\\" => 4, ...], []\"},{\"objectClass\":\"__TwigTemplate_1af0b58e21937db6a2dea201ba80fc317b4761ff87de947c32654291db52d840\",\"file\":\"/Users/dan.flynn/Dropbox (Personal)/Dev/newForm/vendor/craftcms/cms/src/web/twig/Template.php\",\"line\":49,\"class\":\"Twig_Template\",\"method\":\"displayWithErrorHandling\",\"args\":\"[\\\"entry\\\" => craft\\\\elements\\\\Entry, \\\"variables\\\" => [\\\"entry\\\" => craft\\\\elements\\\\Entry], \\\"view\\\" => craft\\\\web\\\\View, \\\"SORT_ASC\\\" => 4, ...], []\"},{\"objectClass\":\"__TwigTemplate_1af0b58e21937db6a2dea201ba80fc317b4761ff87de947c32654291db52d840\",\"file\":\"/Users/dan.flynn/Dropbox (Personal)/Dev/newForm/vendor/twig/twig/lib/Twig/Template.php\",\"line\":367,\"class\":\"craft\\\\web\\\\twig\\\\Template\",\"method\":\"displayWithErrorHandling\",\"args\":\"[\\\"entry\\\" => craft\\\\elements\\\\Entry, \\\"variables\\\" => [\\\"entry\\\" => craft\\\\elements\\\\Entry], \\\"view\\\" => craft\\\\web\\\\View, \\\"SORT_ASC\\\" => 4, ...], []\"},{\"objectClass\":\"__TwigTemplate_1af0b58e21937db6a2dea201ba80fc317b4761ff87de947c32654291db52d840\",\"file\":\"/Users/dan.flynn/Dropbox (Personal)/Dev/newForm/vendor/craftcms/cms/src/web/twig/Template.php\",\"line\":31,\"class\":\"Twig_Template\",\"method\":\"display\",\"args\":\"[\\\"entry\\\" => craft\\\\elements\\\\Entry, \\\"variables\\\" => [\\\"entry\\\" => craft\\\\elements\\\\Entry]], []\"},{\"objectClass\":\"__TwigTemplate_1af0b58e21937db6a2dea201ba80fc317b4761ff87de947c32654291db52d840\",\"file\":\"/Users/dan.flynn/Dropbox (Personal)/Dev/newForm/vendor/twig/twig/lib/Twig/Template.php\",\"line\":375,\"class\":\"craft\\\\web\\\\twig\\\\Template\",\"method\":\"display\",\"args\":\"[\\\"entry\\\" => craft\\\\elements\\\\Entry, \\\"variables\\\" => [\\\"entry\\\" => craft\\\\elements\\\\Entry]]\"},{\"objectClass\":\"__TwigTemplate_1af0b58e21937db6a2dea201ba80fc317b4761ff87de947c32654291db52d840\",\"file\":\"/Users/dan.flynn/Dropbox (Personal)/Dev/newForm/vendor/twig/twig/lib/Twig/Environment.php\",\"line\":289,\"class\":\"Twig_Template\",\"method\":\"render\",\"args\":\"[\\\"entry\\\" => craft\\\\elements\\\\Entry, \\\"variables\\\" => [\\\"entry\\\" => craft\\\\elements\\\\Entry]]\"},{\"objectClass\":\"craft\\\\web\\\\twig\\\\Environment\",\"file\":\"/Users/dan.flynn/Dropbox (Personal)/Dev/newForm/vendor/craftcms/cms/src/web/View.php\",\"line\":331,\"class\":\"Twig_Environment\",\"method\":\"render\",\"args\":\"\\\"project\\\", [\\\"entry\\\" => craft\\\\elements\\\\Entry, \\\"variables\\\" => [\\\"entry\\\" => craft\\\\elements\\\\Entry]]\"},{\"objectClass\":\"craft\\\\web\\\\View\",\"file\":\"/Users/dan.flynn/Dropbox (Personal)/Dev/newForm/vendor/craftcms/cms/src/web/View.php\",\"line\":378,\"class\":\"craft\\\\web\\\\View\",\"method\":\"renderTemplate\",\"args\":\"\\\"project\\\", [\\\"entry\\\" => craft\\\\elements\\\\Entry, \\\"variables\\\" => [\\\"entry\\\" => craft\\\\elements\\\\Entry]]\"},{\"objectClass\":\"craft\\\\web\\\\View\",\"file\":\"/Users/dan.flynn/Dropbox (Personal)/Dev/newForm/vendor/craftcms/cms/src/web/Controller.php\",\"line\":156,\"class\":\"craft\\\\web\\\\View\",\"method\":\"renderPageTemplate\",\"args\":\"\\\"project\\\", [\\\"entry\\\" => craft\\\\elements\\\\Entry, \\\"variables\\\" => [\\\"entry\\\" => craft\\\\elements\\\\Entry]]\"},{\"objectClass\":\"craft\\\\controllers\\\\TemplatesController\",\"file\":\"/Users/dan.flynn/Dropbox (Personal)/Dev/newForm/vendor/craftcms/cms/src/controllers/TemplatesController.php\",\"line\":78,\"class\":\"craft\\\\web\\\\Controller\",\"method\":\"renderTemplate\",\"args\":\"\\\"project\\\", [\\\"entry\\\" => craft\\\\elements\\\\Entry, \\\"variables\\\" => [\\\"entry\\\" => craft\\\\elements\\\\Entry]]\"},{\"objectClass\":\"craft\\\\controllers\\\\TemplatesController\",\"file\":null,\"line\":null,\"class\":\"craft\\\\controllers\\\\TemplatesController\",\"method\":\"actionRender\",\"args\":\"\\\"project\\\", [\\\"entry\\\" => craft\\\\elements\\\\Entry, \\\"variables\\\" => [\\\"entry\\\" => craft\\\\elements\\\\Entry]]\"},{\"objectClass\":null,\"file\":\"/Users/dan.flynn/Dropbox (Personal)/Dev/newForm/vendor/yiisoft/yii2/base/InlineAction.php\",\"line\":57,\"class\":null,\"method\":\"call_user_func_array\",\"args\":\"[craft\\\\controllers\\\\TemplatesController, \\\"actionRender\\\"], [\\\"project\\\", [\\\"entry\\\" => craft\\\\elements\\\\Entry]]\"},{\"objectClass\":\"yii\\\\base\\\\InlineAction\",\"file\":\"/Users/dan.flynn/Dropbox (Personal)/Dev/newForm/vendor/yiisoft/yii2/base/Controller.php\",\"line\":157,\"class\":\"yii\\\\base\\\\InlineAction\",\"method\":\"runWithParams\",\"args\":\"[\\\"template\\\" => \\\"project\\\", \\\"variables\\\" => [\\\"entry\\\" => craft\\\\elements\\\\Entry], \\\"p\\\" => \\\"shiftco\\\"]\"},{\"objectClass\":\"craft\\\\controllers\\\\TemplatesController\",\"file\":\"/Users/dan.flynn/Dropbox (Personal)/Dev/newForm/vendor/craftcms/cms/src/web/Controller.php\",\"line\":104,\"class\":\"yii\\\\base\\\\Controller\",\"method\":\"runAction\",\"args\":\"\\\"render\\\", [\\\"template\\\" => \\\"project\\\", \\\"variables\\\" => [\\\"entry\\\" => craft\\\\elements\\\\Entry], \\\"p\\\" => \\\"shiftco\\\"]\"},{\"objectClass\":\"craft\\\\controllers\\\\TemplatesController\",\"file\":\"/Users/dan.flynn/Dropbox (Personal)/Dev/newForm/vendor/yiisoft/yii2/base/Module.php\",\"line\":528,\"class\":\"craft\\\\web\\\\Controller\",\"method\":\"runAction\",\"args\":\"\\\"render\\\", [\\\"template\\\" => \\\"project\\\", \\\"variables\\\" => [\\\"entry\\\" => craft\\\\elements\\\\Entry], \\\"p\\\" => \\\"shiftco\\\"]\"},{\"objectClass\":\"craft\\\\web\\\\Application\",\"file\":\"/Users/dan.flynn/Dropbox (Personal)/Dev/newForm/vendor/craftcms/cms/src/web/Application.php\",\"line\":282,\"class\":\"yii\\\\base\\\\Module\",\"method\":\"runAction\",\"args\":\"\\\"templates/render\\\", [\\\"template\\\" => \\\"project\\\", \\\"variables\\\" => [\\\"entry\\\" => craft\\\\elements\\\\Entry], \\\"p\\\" => \\\"shiftco\\\"]\"},{\"objectClass\":\"craft\\\\web\\\\Application\",\"file\":\"/Users/dan.flynn/Dropbox (Personal)/Dev/newForm/vendor/yiisoft/yii2/web/Application.php\",\"line\":103,\"class\":\"craft\\\\web\\\\Application\",\"method\":\"runAction\",\"args\":\"\\\"templates/render\\\", [\\\"template\\\" => \\\"project\\\", \\\"variables\\\" => [\\\"entry\\\" => craft\\\\elements\\\\Entry], \\\"p\\\" => \\\"shiftco\\\"]\"},{\"objectClass\":\"craft\\\\web\\\\Application\",\"file\":\"/Users/dan.flynn/Dropbox (Personal)/Dev/newForm/vendor/craftcms/cms/src/web/Application.php\",\"line\":271,\"class\":\"yii\\\\web\\\\Application\",\"method\":\"handleRequest\",\"args\":\"craft\\\\web\\\\Request\"},{\"objectClass\":\"craft\\\\web\\\\Application\",\"file\":\"/Users/dan.flynn/Dropbox (Personal)/Dev/newForm/vendor/yiisoft/yii2/base/Application.php\",\"line\":386,\"class\":\"craft\\\\web\\\\Application\",\"method\":\"handleRequest\",\"args\":\"craft\\\\web\\\\Request\"},{\"objectClass\":\"craft\\\\web\\\\Application\",\"file\":\"/Users/dan.flynn/Dropbox (Personal)/Dev/newForm/web/index.php\",\"line\":21,\"class\":\"yii\\\\base\\\\Application\",\"method\":\"run\",\"args\":null}]','2018-11-18 06:12:24','2018-11-18 06:12:24','44596254-2c8b-48d4-b683-7ca7fb807a41'),
	(9214,'ElementQuery::getIterator()','/Users/dan.flynn/Dropbox (Personal)/Dev/newForm/templates/project.html:89','2018-11-18 06:12:24','/Users/dan.flynn/Dropbox (Personal)/Dev/newForm/templates/project.html',89,'Looping through element queries directly has been deprecated. Use the all() function to fetch the query results before looping over them.','[{\"objectClass\":\"craft\\\\services\\\\Deprecator\",\"file\":\"/Users/dan.flynn/Dropbox (Personal)/Dev/newForm/vendor/craftcms/cms/src/elements/db/ElementQuery.php\",\"line\":456,\"class\":\"craft\\\\services\\\\Deprecator\",\"method\":\"log\",\"args\":\"\\\"ElementQuery::getIterator()\\\", \\\"Looping through element queries directly has been deprecated. Us...\\\"\"},{\"objectClass\":\"verbb\\\\supertable\\\\elements\\\\db\\\\SuperTableBlockQuery\",\"file\":\"/Users/dan.flynn/Dropbox (Personal)/Dev/newForm/storage/runtime/compiled_templates/f7/f7f71281f5f8ec8fee46008380031d64eef0d5854ed7d504b57cef8753ceeab0.php\",\"line\":226,\"class\":\"craft\\\\elements\\\\db\\\\ElementQuery\",\"method\":\"getIterator\",\"args\":null},{\"objectClass\":\"__TwigTemplate_1af0b58e21937db6a2dea201ba80fc317b4761ff87de947c32654291db52d840\",\"file\":\"/Users/dan.flynn/Dropbox (Personal)/Dev/newForm/vendor/twig/twig/lib/Twig/Template.php\",\"line\":390,\"class\":\"__TwigTemplate_1af0b58e21937db6a2dea201ba80fc317b4761ff87de947c32654291db52d840\",\"method\":\"doDisplay\",\"args\":\"[\\\"entry\\\" => craft\\\\elements\\\\Entry, \\\"variables\\\" => [\\\"entry\\\" => craft\\\\elements\\\\Entry], \\\"view\\\" => craft\\\\web\\\\View, \\\"SORT_ASC\\\" => 4, ...], []\"},{\"objectClass\":\"__TwigTemplate_1af0b58e21937db6a2dea201ba80fc317b4761ff87de947c32654291db52d840\",\"file\":\"/Users/dan.flynn/Dropbox (Personal)/Dev/newForm/vendor/craftcms/cms/src/web/twig/Template.php\",\"line\":49,\"class\":\"Twig_Template\",\"method\":\"displayWithErrorHandling\",\"args\":\"[\\\"entry\\\" => craft\\\\elements\\\\Entry, \\\"variables\\\" => [\\\"entry\\\" => craft\\\\elements\\\\Entry], \\\"view\\\" => craft\\\\web\\\\View, \\\"SORT_ASC\\\" => 4, ...], []\"},{\"objectClass\":\"__TwigTemplate_1af0b58e21937db6a2dea201ba80fc317b4761ff87de947c32654291db52d840\",\"file\":\"/Users/dan.flynn/Dropbox (Personal)/Dev/newForm/vendor/twig/twig/lib/Twig/Template.php\",\"line\":367,\"class\":\"craft\\\\web\\\\twig\\\\Template\",\"method\":\"displayWithErrorHandling\",\"args\":\"[\\\"entry\\\" => craft\\\\elements\\\\Entry, \\\"variables\\\" => [\\\"entry\\\" => craft\\\\elements\\\\Entry], \\\"view\\\" => craft\\\\web\\\\View, \\\"SORT_ASC\\\" => 4, ...], []\"},{\"objectClass\":\"__TwigTemplate_1af0b58e21937db6a2dea201ba80fc317b4761ff87de947c32654291db52d840\",\"file\":\"/Users/dan.flynn/Dropbox (Personal)/Dev/newForm/vendor/craftcms/cms/src/web/twig/Template.php\",\"line\":31,\"class\":\"Twig_Template\",\"method\":\"display\",\"args\":\"[\\\"entry\\\" => craft\\\\elements\\\\Entry, \\\"variables\\\" => [\\\"entry\\\" => craft\\\\elements\\\\Entry]], []\"},{\"objectClass\":\"__TwigTemplate_1af0b58e21937db6a2dea201ba80fc317b4761ff87de947c32654291db52d840\",\"file\":\"/Users/dan.flynn/Dropbox (Personal)/Dev/newForm/vendor/twig/twig/lib/Twig/Template.php\",\"line\":375,\"class\":\"craft\\\\web\\\\twig\\\\Template\",\"method\":\"display\",\"args\":\"[\\\"entry\\\" => craft\\\\elements\\\\Entry, \\\"variables\\\" => [\\\"entry\\\" => craft\\\\elements\\\\Entry]]\"},{\"objectClass\":\"__TwigTemplate_1af0b58e21937db6a2dea201ba80fc317b4761ff87de947c32654291db52d840\",\"file\":\"/Users/dan.flynn/Dropbox (Personal)/Dev/newForm/vendor/twig/twig/lib/Twig/Environment.php\",\"line\":289,\"class\":\"Twig_Template\",\"method\":\"render\",\"args\":\"[\\\"entry\\\" => craft\\\\elements\\\\Entry, \\\"variables\\\" => [\\\"entry\\\" => craft\\\\elements\\\\Entry]]\"},{\"objectClass\":\"craft\\\\web\\\\twig\\\\Environment\",\"file\":\"/Users/dan.flynn/Dropbox (Personal)/Dev/newForm/vendor/craftcms/cms/src/web/View.php\",\"line\":331,\"class\":\"Twig_Environment\",\"method\":\"render\",\"args\":\"\\\"project\\\", [\\\"entry\\\" => craft\\\\elements\\\\Entry, \\\"variables\\\" => [\\\"entry\\\" => craft\\\\elements\\\\Entry]]\"},{\"objectClass\":\"craft\\\\web\\\\View\",\"file\":\"/Users/dan.flynn/Dropbox (Personal)/Dev/newForm/vendor/craftcms/cms/src/web/View.php\",\"line\":378,\"class\":\"craft\\\\web\\\\View\",\"method\":\"renderTemplate\",\"args\":\"\\\"project\\\", [\\\"entry\\\" => craft\\\\elements\\\\Entry, \\\"variables\\\" => [\\\"entry\\\" => craft\\\\elements\\\\Entry]]\"},{\"objectClass\":\"craft\\\\web\\\\View\",\"file\":\"/Users/dan.flynn/Dropbox (Personal)/Dev/newForm/vendor/craftcms/cms/src/web/Controller.php\",\"line\":156,\"class\":\"craft\\\\web\\\\View\",\"method\":\"renderPageTemplate\",\"args\":\"\\\"project\\\", [\\\"entry\\\" => craft\\\\elements\\\\Entry, \\\"variables\\\" => [\\\"entry\\\" => craft\\\\elements\\\\Entry]]\"},{\"objectClass\":\"craft\\\\controllers\\\\TemplatesController\",\"file\":\"/Users/dan.flynn/Dropbox (Personal)/Dev/newForm/vendor/craftcms/cms/src/controllers/TemplatesController.php\",\"line\":78,\"class\":\"craft\\\\web\\\\Controller\",\"method\":\"renderTemplate\",\"args\":\"\\\"project\\\", [\\\"entry\\\" => craft\\\\elements\\\\Entry, \\\"variables\\\" => [\\\"entry\\\" => craft\\\\elements\\\\Entry]]\"},{\"objectClass\":\"craft\\\\controllers\\\\TemplatesController\",\"file\":null,\"line\":null,\"class\":\"craft\\\\controllers\\\\TemplatesController\",\"method\":\"actionRender\",\"args\":\"\\\"project\\\", [\\\"entry\\\" => craft\\\\elements\\\\Entry, \\\"variables\\\" => [\\\"entry\\\" => craft\\\\elements\\\\Entry]]\"},{\"objectClass\":null,\"file\":\"/Users/dan.flynn/Dropbox (Personal)/Dev/newForm/vendor/yiisoft/yii2/base/InlineAction.php\",\"line\":57,\"class\":null,\"method\":\"call_user_func_array\",\"args\":\"[craft\\\\controllers\\\\TemplatesController, \\\"actionRender\\\"], [\\\"project\\\", [\\\"entry\\\" => craft\\\\elements\\\\Entry]]\"},{\"objectClass\":\"yii\\\\base\\\\InlineAction\",\"file\":\"/Users/dan.flynn/Dropbox (Personal)/Dev/newForm/vendor/yiisoft/yii2/base/Controller.php\",\"line\":157,\"class\":\"yii\\\\base\\\\InlineAction\",\"method\":\"runWithParams\",\"args\":\"[\\\"template\\\" => \\\"project\\\", \\\"variables\\\" => [\\\"entry\\\" => craft\\\\elements\\\\Entry], \\\"p\\\" => \\\"shiftco\\\"]\"},{\"objectClass\":\"craft\\\\controllers\\\\TemplatesController\",\"file\":\"/Users/dan.flynn/Dropbox (Personal)/Dev/newForm/vendor/craftcms/cms/src/web/Controller.php\",\"line\":104,\"class\":\"yii\\\\base\\\\Controller\",\"method\":\"runAction\",\"args\":\"\\\"render\\\", [\\\"template\\\" => \\\"project\\\", \\\"variables\\\" => [\\\"entry\\\" => craft\\\\elements\\\\Entry], \\\"p\\\" => \\\"shiftco\\\"]\"},{\"objectClass\":\"craft\\\\controllers\\\\TemplatesController\",\"file\":\"/Users/dan.flynn/Dropbox (Personal)/Dev/newForm/vendor/yiisoft/yii2/base/Module.php\",\"line\":528,\"class\":\"craft\\\\web\\\\Controller\",\"method\":\"runAction\",\"args\":\"\\\"render\\\", [\\\"template\\\" => \\\"project\\\", \\\"variables\\\" => [\\\"entry\\\" => craft\\\\elements\\\\Entry], \\\"p\\\" => \\\"shiftco\\\"]\"},{\"objectClass\":\"craft\\\\web\\\\Application\",\"file\":\"/Users/dan.flynn/Dropbox (Personal)/Dev/newForm/vendor/craftcms/cms/src/web/Application.php\",\"line\":282,\"class\":\"yii\\\\base\\\\Module\",\"method\":\"runAction\",\"args\":\"\\\"templates/render\\\", [\\\"template\\\" => \\\"project\\\", \\\"variables\\\" => [\\\"entry\\\" => craft\\\\elements\\\\Entry], \\\"p\\\" => \\\"shiftco\\\"]\"},{\"objectClass\":\"craft\\\\web\\\\Application\",\"file\":\"/Users/dan.flynn/Dropbox (Personal)/Dev/newForm/vendor/yiisoft/yii2/web/Application.php\",\"line\":103,\"class\":\"craft\\\\web\\\\Application\",\"method\":\"runAction\",\"args\":\"\\\"templates/render\\\", [\\\"template\\\" => \\\"project\\\", \\\"variables\\\" => [\\\"entry\\\" => craft\\\\elements\\\\Entry], \\\"p\\\" => \\\"shiftco\\\"]\"},{\"objectClass\":\"craft\\\\web\\\\Application\",\"file\":\"/Users/dan.flynn/Dropbox (Personal)/Dev/newForm/vendor/craftcms/cms/src/web/Application.php\",\"line\":271,\"class\":\"yii\\\\web\\\\Application\",\"method\":\"handleRequest\",\"args\":\"craft\\\\web\\\\Request\"},{\"objectClass\":\"craft\\\\web\\\\Application\",\"file\":\"/Users/dan.flynn/Dropbox (Personal)/Dev/newForm/vendor/yiisoft/yii2/base/Application.php\",\"line\":386,\"class\":\"craft\\\\web\\\\Application\",\"method\":\"handleRequest\",\"args\":\"craft\\\\web\\\\Request\"},{\"objectClass\":\"craft\\\\web\\\\Application\",\"file\":\"/Users/dan.flynn/Dropbox (Personal)/Dev/newForm/web/index.php\",\"line\":21,\"class\":\"yii\\\\base\\\\Application\",\"method\":\"run\",\"args\":null}]','2018-11-18 06:12:24','2018-11-18 06:12:24','304462d7-25f9-4f64-aef2-0b9776622bb2'),
	(9231,'ElementQuery::getIterator()','/Users/dan.flynn/Dropbox (Personal)/Dev/newForm/templates/project.html:48','2018-11-18 06:13:25','/Users/dan.flynn/Dropbox (Personal)/Dev/newForm/templates/project.html',48,'Looping through element queries directly has been deprecated. Use the all() function to fetch the query results before looping over them.','[{\"objectClass\":\"craft\\\\services\\\\Deprecator\",\"file\":\"/Users/dan.flynn/Dropbox (Personal)/Dev/newForm/vendor/craftcms/cms/src/elements/db/ElementQuery.php\",\"line\":456,\"class\":\"craft\\\\services\\\\Deprecator\",\"method\":\"log\",\"args\":\"\\\"ElementQuery::getIterator()\\\", \\\"Looping through element queries directly has been deprecated. Us...\\\"\"},{\"objectClass\":\"craft\\\\elements\\\\db\\\\AssetQuery\",\"file\":\"/Users/dan.flynn/Dropbox (Personal)/Dev/newForm/storage/runtime/compiled_templates/f7/f7f71281f5f8ec8fee46008380031d64eef0d5854ed7d504b57cef8753ceeab0.php\",\"line\":138,\"class\":\"craft\\\\elements\\\\db\\\\ElementQuery\",\"method\":\"getIterator\",\"args\":null},{\"objectClass\":\"__TwigTemplate_1af0b58e21937db6a2dea201ba80fc317b4761ff87de947c32654291db52d840\",\"file\":\"/Users/dan.flynn/Dropbox (Personal)/Dev/newForm/vendor/twig/twig/lib/Twig/Template.php\",\"line\":390,\"class\":\"__TwigTemplate_1af0b58e21937db6a2dea201ba80fc317b4761ff87de947c32654291db52d840\",\"method\":\"doDisplay\",\"args\":\"[\\\"entry\\\" => craft\\\\elements\\\\Entry, \\\"variables\\\" => [\\\"entry\\\" => craft\\\\elements\\\\Entry], \\\"view\\\" => craft\\\\web\\\\View, \\\"SORT_ASC\\\" => 4, ...], []\"},{\"objectClass\":\"__TwigTemplate_1af0b58e21937db6a2dea201ba80fc317b4761ff87de947c32654291db52d840\",\"file\":\"/Users/dan.flynn/Dropbox (Personal)/Dev/newForm/vendor/craftcms/cms/src/web/twig/Template.php\",\"line\":49,\"class\":\"Twig_Template\",\"method\":\"displayWithErrorHandling\",\"args\":\"[\\\"entry\\\" => craft\\\\elements\\\\Entry, \\\"variables\\\" => [\\\"entry\\\" => craft\\\\elements\\\\Entry], \\\"view\\\" => craft\\\\web\\\\View, \\\"SORT_ASC\\\" => 4, ...], []\"},{\"objectClass\":\"__TwigTemplate_1af0b58e21937db6a2dea201ba80fc317b4761ff87de947c32654291db52d840\",\"file\":\"/Users/dan.flynn/Dropbox (Personal)/Dev/newForm/vendor/twig/twig/lib/Twig/Template.php\",\"line\":367,\"class\":\"craft\\\\web\\\\twig\\\\Template\",\"method\":\"displayWithErrorHandling\",\"args\":\"[\\\"entry\\\" => craft\\\\elements\\\\Entry, \\\"variables\\\" => [\\\"entry\\\" => craft\\\\elements\\\\Entry], \\\"view\\\" => craft\\\\web\\\\View, \\\"SORT_ASC\\\" => 4, ...], []\"},{\"objectClass\":\"__TwigTemplate_1af0b58e21937db6a2dea201ba80fc317b4761ff87de947c32654291db52d840\",\"file\":\"/Users/dan.flynn/Dropbox (Personal)/Dev/newForm/vendor/craftcms/cms/src/web/twig/Template.php\",\"line\":31,\"class\":\"Twig_Template\",\"method\":\"display\",\"args\":\"[\\\"entry\\\" => craft\\\\elements\\\\Entry, \\\"variables\\\" => [\\\"entry\\\" => craft\\\\elements\\\\Entry]], []\"},{\"objectClass\":\"__TwigTemplate_1af0b58e21937db6a2dea201ba80fc317b4761ff87de947c32654291db52d840\",\"file\":\"/Users/dan.flynn/Dropbox (Personal)/Dev/newForm/vendor/twig/twig/lib/Twig/Template.php\",\"line\":375,\"class\":\"craft\\\\web\\\\twig\\\\Template\",\"method\":\"display\",\"args\":\"[\\\"entry\\\" => craft\\\\elements\\\\Entry, \\\"variables\\\" => [\\\"entry\\\" => craft\\\\elements\\\\Entry]]\"},{\"objectClass\":\"__TwigTemplate_1af0b58e21937db6a2dea201ba80fc317b4761ff87de947c32654291db52d840\",\"file\":\"/Users/dan.flynn/Dropbox (Personal)/Dev/newForm/vendor/twig/twig/lib/Twig/Environment.php\",\"line\":289,\"class\":\"Twig_Template\",\"method\":\"render\",\"args\":\"[\\\"entry\\\" => craft\\\\elements\\\\Entry, \\\"variables\\\" => [\\\"entry\\\" => craft\\\\elements\\\\Entry]]\"},{\"objectClass\":\"craft\\\\web\\\\twig\\\\Environment\",\"file\":\"/Users/dan.flynn/Dropbox (Personal)/Dev/newForm/vendor/craftcms/cms/src/web/View.php\",\"line\":331,\"class\":\"Twig_Environment\",\"method\":\"render\",\"args\":\"\\\"project\\\", [\\\"entry\\\" => craft\\\\elements\\\\Entry, \\\"variables\\\" => [\\\"entry\\\" => craft\\\\elements\\\\Entry]]\"},{\"objectClass\":\"craft\\\\web\\\\View\",\"file\":\"/Users/dan.flynn/Dropbox (Personal)/Dev/newForm/vendor/craftcms/cms/src/web/View.php\",\"line\":378,\"class\":\"craft\\\\web\\\\View\",\"method\":\"renderTemplate\",\"args\":\"\\\"project\\\", [\\\"entry\\\" => craft\\\\elements\\\\Entry, \\\"variables\\\" => [\\\"entry\\\" => craft\\\\elements\\\\Entry]]\"},{\"objectClass\":\"craft\\\\web\\\\View\",\"file\":\"/Users/dan.flynn/Dropbox (Personal)/Dev/newForm/vendor/craftcms/cms/src/web/Controller.php\",\"line\":156,\"class\":\"craft\\\\web\\\\View\",\"method\":\"renderPageTemplate\",\"args\":\"\\\"project\\\", [\\\"entry\\\" => craft\\\\elements\\\\Entry, \\\"variables\\\" => [\\\"entry\\\" => craft\\\\elements\\\\Entry]]\"},{\"objectClass\":\"craft\\\\controllers\\\\TemplatesController\",\"file\":\"/Users/dan.flynn/Dropbox (Personal)/Dev/newForm/vendor/craftcms/cms/src/controllers/TemplatesController.php\",\"line\":78,\"class\":\"craft\\\\web\\\\Controller\",\"method\":\"renderTemplate\",\"args\":\"\\\"project\\\", [\\\"entry\\\" => craft\\\\elements\\\\Entry, \\\"variables\\\" => [\\\"entry\\\" => craft\\\\elements\\\\Entry]]\"},{\"objectClass\":\"craft\\\\controllers\\\\TemplatesController\",\"file\":null,\"line\":null,\"class\":\"craft\\\\controllers\\\\TemplatesController\",\"method\":\"actionRender\",\"args\":\"\\\"project\\\", [\\\"entry\\\" => craft\\\\elements\\\\Entry, \\\"variables\\\" => [\\\"entry\\\" => craft\\\\elements\\\\Entry]]\"},{\"objectClass\":null,\"file\":\"/Users/dan.flynn/Dropbox (Personal)/Dev/newForm/vendor/yiisoft/yii2/base/InlineAction.php\",\"line\":57,\"class\":null,\"method\":\"call_user_func_array\",\"args\":\"[craft\\\\controllers\\\\TemplatesController, \\\"actionRender\\\"], [\\\"project\\\", [\\\"entry\\\" => craft\\\\elements\\\\Entry]]\"},{\"objectClass\":\"yii\\\\base\\\\InlineAction\",\"file\":\"/Users/dan.flynn/Dropbox (Personal)/Dev/newForm/vendor/yiisoft/yii2/base/Controller.php\",\"line\":157,\"class\":\"yii\\\\base\\\\InlineAction\",\"method\":\"runWithParams\",\"args\":\"[\\\"template\\\" => \\\"project\\\", \\\"variables\\\" => [\\\"entry\\\" => craft\\\\elements\\\\Entry], \\\"p\\\" => \\\"shiftco\\\"]\"},{\"objectClass\":\"craft\\\\controllers\\\\TemplatesController\",\"file\":\"/Users/dan.flynn/Dropbox (Personal)/Dev/newForm/vendor/craftcms/cms/src/web/Controller.php\",\"line\":104,\"class\":\"yii\\\\base\\\\Controller\",\"method\":\"runAction\",\"args\":\"\\\"render\\\", [\\\"template\\\" => \\\"project\\\", \\\"variables\\\" => [\\\"entry\\\" => craft\\\\elements\\\\Entry], \\\"p\\\" => \\\"shiftco\\\"]\"},{\"objectClass\":\"craft\\\\controllers\\\\TemplatesController\",\"file\":\"/Users/dan.flynn/Dropbox (Personal)/Dev/newForm/vendor/yiisoft/yii2/base/Module.php\",\"line\":528,\"class\":\"craft\\\\web\\\\Controller\",\"method\":\"runAction\",\"args\":\"\\\"render\\\", [\\\"template\\\" => \\\"project\\\", \\\"variables\\\" => [\\\"entry\\\" => craft\\\\elements\\\\Entry], \\\"p\\\" => \\\"shiftco\\\"]\"},{\"objectClass\":\"craft\\\\web\\\\Application\",\"file\":\"/Users/dan.flynn/Dropbox (Personal)/Dev/newForm/vendor/craftcms/cms/src/web/Application.php\",\"line\":282,\"class\":\"yii\\\\base\\\\Module\",\"method\":\"runAction\",\"args\":\"\\\"templates/render\\\", [\\\"template\\\" => \\\"project\\\", \\\"variables\\\" => [\\\"entry\\\" => craft\\\\elements\\\\Entry], \\\"p\\\" => \\\"shiftco\\\"]\"},{\"objectClass\":\"craft\\\\web\\\\Application\",\"file\":\"/Users/dan.flynn/Dropbox (Personal)/Dev/newForm/vendor/yiisoft/yii2/web/Application.php\",\"line\":103,\"class\":\"craft\\\\web\\\\Application\",\"method\":\"runAction\",\"args\":\"\\\"templates/render\\\", [\\\"template\\\" => \\\"project\\\", \\\"variables\\\" => [\\\"entry\\\" => craft\\\\elements\\\\Entry], \\\"p\\\" => \\\"shiftco\\\"]\"},{\"objectClass\":\"craft\\\\web\\\\Application\",\"file\":\"/Users/dan.flynn/Dropbox (Personal)/Dev/newForm/vendor/craftcms/cms/src/web/Application.php\",\"line\":271,\"class\":\"yii\\\\web\\\\Application\",\"method\":\"handleRequest\",\"args\":\"craft\\\\web\\\\Request\"},{\"objectClass\":\"craft\\\\web\\\\Application\",\"file\":\"/Users/dan.flynn/Dropbox (Personal)/Dev/newForm/vendor/yiisoft/yii2/base/Application.php\",\"line\":386,\"class\":\"craft\\\\web\\\\Application\",\"method\":\"handleRequest\",\"args\":\"craft\\\\web\\\\Request\"},{\"objectClass\":\"craft\\\\web\\\\Application\",\"file\":\"/Users/dan.flynn/Dropbox (Personal)/Dev/newForm/web/index.php\",\"line\":21,\"class\":\"yii\\\\base\\\\Application\",\"method\":\"run\",\"args\":null}]','2018-11-18 06:13:25','2018-11-18 06:13:25','bd9e7b21-4d8e-419c-907c-0fb6f765426f');

/*!40000 ALTER TABLE `deprecationerrors` ENABLE KEYS */;
UNLOCK TABLES;


# Dump of table elementindexsettings
# ------------------------------------------------------------

DROP TABLE IF EXISTS `elementindexsettings`;

CREATE TABLE `elementindexsettings` (
  `id` int(11) NOT NULL AUTO_INCREMENT,
  `type` varchar(255) NOT NULL,
  `settings` text,
  `dateCreated` datetime NOT NULL,
  `dateUpdated` datetime NOT NULL,
  `uid` char(36) NOT NULL DEFAULT '0',
  PRIMARY KEY (`id`),
  UNIQUE KEY `elementindexsettings_type_unq_idx` (`type`)
) ENGINE=InnoDB DEFAULT CHARSET=utf8;

LOCK TABLES `elementindexsettings` WRITE;
/*!40000 ALTER TABLE `elementindexsettings` DISABLE KEYS */;

INSERT INTO `elementindexsettings` (`id`, `type`, `settings`, `dateCreated`, `dateUpdated`, `uid`)
VALUES
	(1,'craft\\elements\\Entry','{\"sources\":{\"section:2\":{\"tableAttributes\":{\"1\":\"postDate\",\"2\":\"expiryDate\",\"3\":\"link\",\"4\":\"field:18\"}}}}','2018-10-14 07:55:29','2018-10-14 07:55:29','a011b9f3-8a90-4ed0-9686-8b7973ae18e4');

/*!40000 ALTER TABLE `elementindexsettings` ENABLE KEYS */;
UNLOCK TABLES;


# Dump of table elements
# ------------------------------------------------------------

DROP TABLE IF EXISTS `elements`;

CREATE TABLE `elements` (
  `id` int(11) NOT NULL AUTO_INCREMENT,
  `fieldLayoutId` int(11) DEFAULT NULL,
  `type` varchar(255) NOT NULL,
  `enabled` tinyint(1) NOT NULL DEFAULT '1',
  `archived` tinyint(1) NOT NULL DEFAULT '0',
  `dateCreated` datetime NOT NULL,
  `dateUpdated` datetime NOT NULL,
  `uid` char(36) NOT NULL DEFAULT '0',
  PRIMARY KEY (`id`),
  KEY `elements_fieldLayoutId_idx` (`fieldLayoutId`),
  KEY `elements_type_idx` (`type`),
  KEY `elements_enabled_idx` (`enabled`),
  KEY `elements_archived_dateCreated_idx` (`archived`,`dateCreated`),
  CONSTRAINT `elements_fieldLayoutId_fk` FOREIGN KEY (`fieldLayoutId`) REFERENCES `fieldlayouts` (`id`) ON DELETE SET NULL
) ENGINE=InnoDB DEFAULT CHARSET=utf8;

LOCK TABLES `elements` WRITE;
/*!40000 ALTER TABLE `elements` DISABLE KEYS */;

INSERT INTO `elements` (`id`, `fieldLayoutId`, `type`, `enabled`, `archived`, `dateCreated`, `dateUpdated`, `uid`)
VALUES
	(1,NULL,'craft\\elements\\User',1,0,'2018-10-14 04:54:48','2018-10-14 04:54:48','a43b61ad-6f64-4bca-b7a7-47b820648e0d'),
	(2,1,'craft\\elements\\Entry',1,0,'2018-10-14 05:02:11','2018-10-21 10:24:06','282e27b9-5f07-4cdb-8a8c-0998bebe899e'),
	(3,2,'craft\\elements\\Entry',1,0,'2018-10-14 05:52:43','2018-11-18 06:06:30','7a02e957-d232-48f8-a1ed-ae2ec1b863f9'),
	(4,4,'verbb\\supertable\\elements\\SuperTableBlockElement',1,0,'2018-10-14 05:52:43','2018-11-18 06:06:30','e61451a8-2099-4bda-98a6-6f21b88d3cee'),
	(5,3,'craft\\elements\\Asset',1,0,'2018-10-14 05:56:07','2018-10-14 05:56:07','af48e72a-45c6-4f82-91ff-18349835d4e7'),
	(6,3,'craft\\elements\\Asset',1,0,'2018-10-14 05:56:57','2018-10-14 05:56:57','ef0b8347-bf0e-4c4b-a26f-529ea01deb67'),
	(10,6,'verbb\\supertable\\elements\\SuperTableBlockElement',1,0,'2018-10-14 06:22:02','2018-10-21 10:24:06','5fb32d11-4503-4520-a11a-939c04c4f833'),
	(11,7,'craft\\elements\\Entry',1,0,'2018-10-14 06:23:10','2018-10-14 07:45:14','f7d267f8-d55e-476d-ae31-1cea461d1131'),
	(12,2,'craft\\elements\\Entry',1,0,'2018-10-14 07:05:46','2018-11-17 07:00:45','c4a83b2a-e8d8-4e24-b740-c523827014e9'),
	(13,4,'verbb\\supertable\\elements\\SuperTableBlockElement',1,0,'2018-10-14 07:05:46','2018-11-17 07:00:45','6d1842dc-1df8-43e3-b8b5-6d0f8b144a8c'),
	(15,2,'craft\\elements\\Entry',1,0,'2018-10-20 04:32:35','2018-11-18 05:26:03','1a2d6b10-8724-4289-85de-12ba1bc7acd2'),
	(16,4,'verbb\\supertable\\elements\\SuperTableBlockElement',1,0,'2018-10-20 04:32:35','2018-11-18 05:26:03','76c0d384-02b2-482c-95ea-69126f60c9a4'),
	(17,5,'verbb\\supertable\\elements\\SuperTableBlockElement',1,0,'2018-10-20 04:32:35','2018-11-18 05:26:03','81e7373b-02d1-4d5c-a3b7-6edc6daf94c2'),
	(18,3,'craft\\elements\\Asset',1,0,'2018-10-20 23:40:14','2018-10-20 23:40:14','cf5b9121-8883-4f20-8dde-03504b52cbc8'),
	(19,3,'craft\\elements\\Asset',1,0,'2018-10-20 23:40:16','2018-10-20 23:40:16','ae916c32-9bd4-46b6-aaa4-f53813820400'),
	(20,3,'craft\\elements\\Asset',1,0,'2018-10-20 23:40:18','2018-10-20 23:40:18','3d500d77-3e46-42e7-a744-44c50380a291'),
	(21,3,'craft\\elements\\Asset',1,0,'2018-10-20 23:40:20','2018-10-20 23:40:20','a4a3cdf1-909e-498f-9b8b-67e01277d556'),
	(22,3,'craft\\elements\\Asset',1,0,'2018-10-20 23:40:22','2018-10-20 23:40:22','921be597-65a8-452d-8b05-4e86a7158fff'),
	(23,3,'craft\\elements\\Asset',1,0,'2018-10-20 23:40:24','2018-10-20 23:40:24','021452f9-0507-4671-acb8-273e2eb6e634'),
	(24,3,'craft\\elements\\Asset',1,0,'2018-10-20 23:40:26','2018-10-20 23:40:26','0ec1dbb0-155f-49fd-ad31-a34bdcc3fa4f'),
	(25,3,'craft\\elements\\Asset',1,0,'2018-10-20 23:40:28','2018-10-20 23:40:28','5f8233a7-2105-4ef3-a8cf-dae123713632'),
	(26,3,'craft\\elements\\Asset',1,0,'2018-10-20 23:40:29','2018-10-20 23:40:29','d6e99eb5-cde7-4161-a434-5680c5e59b41'),
	(27,5,'verbb\\supertable\\elements\\SuperTableBlockElement',1,0,'2018-10-20 23:42:21','2018-11-18 06:06:30','8a7202e3-0c9f-4fce-8c28-650a26ab5eac'),
	(28,5,'verbb\\supertable\\elements\\SuperTableBlockElement',1,0,'2018-10-20 23:42:21','2018-11-18 06:06:30','f8dbdb6f-01db-4604-b25f-7e56c52ad5d8'),
	(29,5,'verbb\\supertable\\elements\\SuperTableBlockElement',1,0,'2018-10-20 23:42:21','2018-11-18 06:06:30','ab2f8b7b-90e6-4ff0-9fa0-e9ee4b1a14d5'),
	(30,5,'verbb\\supertable\\elements\\SuperTableBlockElement',1,0,'2018-10-20 23:42:21','2018-11-18 06:06:31','84460f0a-a6ab-4a1b-af30-12e43672ded7'),
	(31,5,'verbb\\supertable\\elements\\SuperTableBlockElement',1,0,'2018-10-20 23:42:21','2018-11-18 06:06:31','00c02190-ec4b-46bf-baca-16b87eedffe1'),
	(32,5,'verbb\\supertable\\elements\\SuperTableBlockElement',1,0,'2018-10-20 23:42:21','2018-11-18 06:06:31','5d35fe12-7b32-4057-a280-2958c36af597'),
	(34,3,'craft\\elements\\Asset',1,0,'2018-10-21 03:23:57','2018-10-21 03:23:57','e81bef79-c499-41aa-be49-7661f15a3d05'),
	(35,3,'craft\\elements\\Asset',1,0,'2018-10-21 03:24:00','2018-10-21 03:24:00','543aa08b-72ec-45cf-8017-7e9461f8d39e'),
	(37,3,'craft\\elements\\Asset',1,0,'2018-10-21 03:24:03','2018-10-21 03:24:03','fb98bf85-09c1-4211-b923-c35277452e89'),
	(38,3,'craft\\elements\\Asset',1,0,'2018-10-21 03:24:06','2018-10-21 03:24:06','2893c181-7e3f-4f86-85a2-574ebee6a512'),
	(39,3,'craft\\elements\\Asset',1,0,'2018-10-21 03:24:08','2018-10-21 03:24:08','50873814-39d4-4b9b-b3d1-e1a105012733'),
	(40,5,'verbb\\supertable\\elements\\SuperTableBlockElement',1,0,'2018-10-21 03:27:16','2018-11-18 05:26:03','aee1c2a5-affd-4e1b-8702-bee7794dc5ee'),
	(41,5,'verbb\\supertable\\elements\\SuperTableBlockElement',1,0,'2018-10-21 03:27:16','2018-11-18 05:26:03','25afea28-4262-4a97-a61e-e90ceecdc3bd'),
	(42,5,'verbb\\supertable\\elements\\SuperTableBlockElement',1,0,'2018-10-21 03:27:16','2018-11-18 05:26:03','c43d315e-c73e-4497-93fd-a1fc375d32ca'),
	(43,5,'verbb\\supertable\\elements\\SuperTableBlockElement',1,0,'2018-10-21 03:27:16','2018-11-18 05:26:03','3bf8556f-8b68-481e-9ae2-6ddd6afd1944'),
	(44,3,'craft\\elements\\Asset',1,0,'2018-10-21 03:32:57','2018-10-21 03:32:57','5a9274cb-1417-4871-b0fb-638f3dcdc610'),
	(45,3,'craft\\elements\\Asset',1,0,'2018-10-21 03:32:58','2018-10-21 10:06:41','9c273b6e-90b5-4478-ac0b-e8c609a635e6'),
	(46,2,'craft\\elements\\Entry',1,0,'2018-10-21 04:05:25','2018-11-17 07:00:30','e717d9f0-510b-4c33-be98-bd3e21578edb'),
	(47,4,'verbb\\supertable\\elements\\SuperTableBlockElement',1,0,'2018-10-21 04:05:25','2018-11-17 07:00:30','00884a5d-3731-4a27-abd1-e13754615e5c'),
	(48,2,'craft\\elements\\Entry',0,0,'2018-10-21 04:06:34','2018-11-10 06:59:46','a25fbeee-2ea3-4ffb-8a67-7ba03547212a'),
	(49,4,'verbb\\supertable\\elements\\SuperTableBlockElement',1,0,'2018-10-21 04:06:35','2018-11-10 06:59:47','29609f7a-1e86-4882-9b00-8007e28e8d4b'),
	(50,2,'craft\\elements\\Entry',1,0,'2018-10-21 04:06:58','2018-11-18 06:05:56','598690cb-4e7a-44d4-9864-495d8b6236e6'),
	(51,4,'verbb\\supertable\\elements\\SuperTableBlockElement',1,0,'2018-10-21 04:06:58','2018-11-18 06:05:56','3043feb9-2881-403b-bdf5-c795ebd3f97f'),
	(52,2,'craft\\elements\\Entry',1,0,'2018-10-21 04:07:29','2018-11-10 07:30:48','b5ddd07f-9545-46f9-92ec-2fcb7de6b8cb'),
	(53,4,'verbb\\supertable\\elements\\SuperTableBlockElement',1,0,'2018-10-21 04:07:29','2018-11-10 07:30:49','2c446a5c-8eac-4159-aeab-7eb88c5815a2'),
	(54,2,'craft\\elements\\Entry',1,0,'2018-10-21 04:12:12','2018-11-10 07:41:57','a5d44d25-1b84-4fb4-872d-b06e09ba039f'),
	(55,4,'verbb\\supertable\\elements\\SuperTableBlockElement',1,0,'2018-10-21 04:12:12','2018-11-10 07:41:57','12d73c07-758f-484b-874e-44f793e8fed3'),
	(56,2,'craft\\elements\\Entry',1,0,'2018-10-21 04:15:26','2018-11-18 06:06:00','05eac213-9364-4c58-ae0c-88817842a538'),
	(57,4,'verbb\\supertable\\elements\\SuperTableBlockElement',1,0,'2018-10-21 04:15:26','2018-11-18 06:06:00','5197d170-b85c-4c78-bd90-d802c71a9028'),
	(58,2,'craft\\elements\\Entry',1,0,'2018-10-21 04:15:26','2018-11-17 08:39:16','e545ea70-f403-4bf6-afd2-963c9ed82efd'),
	(59,4,'verbb\\supertable\\elements\\SuperTableBlockElement',1,0,'2018-10-21 04:15:26','2018-11-17 08:39:16','f51632ba-67bb-4846-94d0-80468666e7ac'),
	(60,3,'craft\\elements\\Asset',1,0,'2018-10-21 09:53:32','2018-10-21 09:53:32','fc2d0c55-4703-4a90-9bdb-c9e45619a5c7'),
	(61,3,'craft\\elements\\Asset',1,0,'2018-10-21 09:56:08','2018-10-21 09:56:08','fac1fde3-9dae-485e-bdf9-1a63ea2dcb3c'),
	(62,3,'craft\\elements\\Asset',1,0,'2018-10-21 09:58:29','2018-10-21 09:58:29','b725fff3-16c5-4c80-bf51-7a6e137d909f'),
	(63,3,'craft\\elements\\Asset',1,0,'2018-10-21 09:58:59','2018-10-21 09:58:59','e303a298-2829-4625-a17c-8177e298b446'),
	(64,3,'craft\\elements\\Asset',1,0,'2018-10-21 09:59:29','2018-10-21 09:59:29','8627ee34-0db7-4c3b-9259-d694443a8aae'),
	(65,3,'craft\\elements\\Asset',1,0,'2018-10-21 10:05:12','2018-10-21 10:05:12','ae9bbdaa-b608-46d9-a3bb-939e59ff6f60'),
	(66,3,'craft\\elements\\Asset',1,0,'2018-10-21 10:05:20','2018-10-21 10:05:20','c2d67b27-af83-4fc6-8e2f-3d2d5fad995f'),
	(67,5,'verbb\\supertable\\elements\\SuperTableBlockElement',1,0,'2018-10-21 10:05:54','2018-11-18 05:26:03','4dbff3b9-65b6-437d-b33e-72caacb7bb8b'),
	(69,2,'craft\\elements\\Entry',1,0,'2018-11-10 04:13:16','2018-11-18 06:06:08','80b23118-94ad-4ac7-b186-2a3772fd0335'),
	(70,4,'verbb\\supertable\\elements\\SuperTableBlockElement',1,0,'2018-11-10 04:13:16','2018-11-18 06:06:08','724e336a-74de-4d02-8e9b-9e491f73911a'),
	(71,2,'craft\\elements\\Entry',1,0,'2018-11-10 04:17:18','2018-11-18 06:06:13','5c072e28-a658-4f89-a05f-a8f832abc839'),
	(72,4,'verbb\\supertable\\elements\\SuperTableBlockElement',1,0,'2018-11-10 04:17:18','2018-11-18 06:06:13','37c18d6f-cada-4d14-a1d7-ca074505bdbb'),
	(73,2,'craft\\elements\\Entry',1,0,'2018-11-10 04:33:32','2018-11-18 06:02:49','ab02ec8e-ba7c-48b3-afc8-f3409569e62c'),
	(74,4,'verbb\\supertable\\elements\\SuperTableBlockElement',1,0,'2018-11-10 04:33:32','2018-11-18 06:02:49','1c79dc89-93a2-4808-8a7a-5389ad657e7c'),
	(75,2,'craft\\elements\\Entry',1,0,'2018-11-10 05:01:27','2018-11-18 05:58:06','d7f6f3c1-4970-43f1-b95c-ad5186165810'),
	(76,4,'verbb\\supertable\\elements\\SuperTableBlockElement',1,0,'2018-11-10 05:01:27','2018-11-18 05:58:06','38f5998c-735d-4c93-be3e-3148c424d779'),
	(77,2,'craft\\elements\\Entry',1,0,'2018-11-10 05:02:51','2018-11-17 08:12:42','e4f8fe3e-4f46-435f-b700-233b7f59806e'),
	(78,4,'verbb\\supertable\\elements\\SuperTableBlockElement',1,0,'2018-11-10 05:02:51','2018-11-17 08:12:42','c995fa51-a206-41ae-93e3-ef47b4ad9f0f'),
	(79,2,'craft\\elements\\Entry',0,0,'2018-11-10 05:03:41','2018-11-10 07:32:52','7f6ec7cc-8165-4f78-9469-cb9020f85b7e'),
	(80,4,'verbb\\supertable\\elements\\SuperTableBlockElement',1,0,'2018-11-10 05:03:41','2018-11-10 07:32:52','191d3571-d9db-4366-814b-7f03b4be284c'),
	(81,2,'craft\\elements\\Entry',1,0,'2018-11-10 05:04:48','2018-11-17 08:22:16','c433c04e-f3e3-49c3-85ba-6da4cacf5186'),
	(82,4,'verbb\\supertable\\elements\\SuperTableBlockElement',1,0,'2018-11-10 05:04:48','2018-11-17 08:22:16','73d0dabe-d4ff-4693-9144-c54e4a7e3c40'),
	(83,2,'craft\\elements\\Entry',1,0,'2018-11-10 05:07:59','2018-11-18 06:03:21','a597372c-771b-423b-9e81-f6682ef56a4c'),
	(84,4,'verbb\\supertable\\elements\\SuperTableBlockElement',1,0,'2018-11-10 05:08:00','2018-11-18 06:03:21','17bb0f51-3b5c-486f-966f-951a26e68260'),
	(85,3,'craft\\elements\\Asset',1,0,'2018-11-10 06:22:36','2018-11-10 06:22:36','e953167b-f644-42f0-a4ec-ce607c379ee7'),
	(86,3,'craft\\elements\\Asset',1,0,'2018-11-10 06:22:38','2018-11-10 06:22:38','ef017be6-2841-46e5-9362-4b60c154aae5'),
	(87,3,'craft\\elements\\Asset',1,0,'2018-11-10 06:22:40','2018-11-10 06:22:40','be46d35a-bf67-4815-b63e-84bbf0220b06'),
	(88,3,'craft\\elements\\Asset',1,0,'2018-11-10 06:22:42','2018-11-10 06:22:42','57180fa9-1dfd-40e5-b051-3464acd8d35e'),
	(89,3,'craft\\elements\\Asset',1,0,'2018-11-10 06:22:43','2018-11-10 06:22:43','23831df6-4dc2-40f8-93bc-f78cacf5ff7d'),
	(90,3,'craft\\elements\\Asset',1,0,'2018-11-10 06:22:45','2018-11-10 06:22:45','2e3470ed-5af0-4c4c-bbfc-d14cd3ed9c62'),
	(91,3,'craft\\elements\\Asset',1,0,'2018-11-10 06:22:47','2018-11-10 06:22:47','4fc1e1ef-3b1a-4f73-81e5-684ac4c1f775'),
	(92,3,'craft\\elements\\Asset',1,0,'2018-11-10 06:22:49','2018-11-10 06:22:49','70600c04-150f-426f-a8c3-a8d0c6b0d00a'),
	(93,3,'craft\\elements\\Asset',1,0,'2018-11-10 06:22:51','2018-11-10 06:22:51','c13b5808-bb7f-4645-9383-fdb6334b3f49'),
	(94,3,'craft\\elements\\Asset',1,0,'2018-11-10 06:22:52','2018-11-10 06:22:52','d772a982-6778-4b06-a3eb-7021e3695a24'),
	(95,3,'craft\\elements\\Asset',1,0,'2018-11-10 06:22:52','2018-11-10 06:22:52','cb7c944c-49d7-4355-a071-6aafc864e773'),
	(96,3,'craft\\elements\\Asset',1,0,'2018-11-10 06:22:53','2018-11-10 06:22:53','ea8cf935-bd1f-49d0-a4c8-1020ce871bb5'),
	(97,3,'craft\\elements\\Asset',1,0,'2018-11-10 06:22:54','2018-11-10 06:22:54','8eec890f-3479-4f16-9a06-170cc80048fc'),
	(98,3,'craft\\elements\\Asset',1,0,'2018-11-10 06:22:56','2018-11-10 06:22:56','fff879b8-cf00-42f2-a25a-49ef9f999c1b'),
	(99,3,'craft\\elements\\Asset',1,0,'2018-11-10 06:23:20','2018-11-10 06:23:20','34ba4089-80d3-4230-bb6a-2865e2fe7f5d'),
	(100,3,'craft\\elements\\Asset',1,0,'2018-11-10 06:25:31','2018-11-10 06:25:31','03f58112-7db0-4cc1-b4f0-041704b50240'),
	(101,3,'craft\\elements\\Asset',1,0,'2018-11-10 06:25:34','2018-11-10 06:25:34','4c0c68c5-0a3a-4ad0-99da-c6a119ed3a85'),
	(102,5,'verbb\\supertable\\elements\\SuperTableBlockElement',1,0,'2018-11-10 06:27:18','2018-11-10 07:30:49','8016dcdb-deb0-48d8-a70d-e4bd091ae155'),
	(103,5,'verbb\\supertable\\elements\\SuperTableBlockElement',1,0,'2018-11-10 06:27:18','2018-11-10 07:30:49','1de0c1f2-4cea-4a35-be82-f517038c1fb0'),
	(104,5,'verbb\\supertable\\elements\\SuperTableBlockElement',1,0,'2018-11-10 06:27:18','2018-11-10 07:30:49','b8b2977e-6eda-432d-b813-ead6d5b68acb'),
	(105,5,'verbb\\supertable\\elements\\SuperTableBlockElement',1,0,'2018-11-10 06:27:18','2018-11-10 07:30:49','ab149822-a965-4a38-98bf-60d3a7ee0cf7'),
	(106,5,'verbb\\supertable\\elements\\SuperTableBlockElement',1,0,'2018-11-10 06:27:18','2018-11-10 07:30:49','e1a5054e-dabd-4069-a086-0bafe8d620ef'),
	(107,5,'verbb\\supertable\\elements\\SuperTableBlockElement',1,0,'2018-11-10 06:27:18','2018-11-10 07:30:49','d10c625b-2de9-4ee4-a7a6-97cfdfcbabd8'),
	(108,5,'verbb\\supertable\\elements\\SuperTableBlockElement',1,0,'2018-11-10 06:27:18','2018-11-10 07:30:49','bea01448-6fc4-4d74-b844-5ee861fb4aad'),
	(109,5,'verbb\\supertable\\elements\\SuperTableBlockElement',1,0,'2018-11-10 06:27:18','2018-11-10 07:30:49','512d5074-1e10-453d-afe7-00a43eb7826c'),
	(110,5,'verbb\\supertable\\elements\\SuperTableBlockElement',1,0,'2018-11-10 06:27:18','2018-11-10 07:30:49','81324fb4-0602-4322-9773-cd45d8308033'),
	(111,5,'verbb\\supertable\\elements\\SuperTableBlockElement',1,0,'2018-11-10 06:27:18','2018-11-10 07:30:49','8b7eac7b-314a-4bab-bfdc-b49836bcac11'),
	(112,5,'verbb\\supertable\\elements\\SuperTableBlockElement',1,0,'2018-11-10 06:27:18','2018-11-10 07:30:49','37b9f0f1-4823-4874-9447-40fea0aebc3a'),
	(113,3,'craft\\elements\\Asset',1,0,'2018-11-10 06:33:48','2018-11-10 06:33:48','b41c9e46-e8d6-4d82-bca6-1881106a41f3'),
	(114,3,'craft\\elements\\Asset',1,0,'2018-11-10 06:35:27','2018-11-10 06:35:27','2dee3594-96b8-45e6-a408-4f35b9834707'),
	(115,3,'craft\\elements\\Asset',1,0,'2018-11-10 06:38:41','2018-11-10 06:38:41','0d848ceb-4224-4991-a402-85feca84ccb4'),
	(116,3,'craft\\elements\\Asset',1,0,'2018-11-10 06:45:14','2018-11-17 07:03:08','7f708e7d-0ab3-46a4-bc78-2815fd91c769'),
	(117,3,'craft\\elements\\Asset',1,0,'2018-11-10 06:45:17','2018-11-17 07:03:28','05f11bde-be06-4113-921c-95a3b5864cad'),
	(119,3,'craft\\elements\\Asset',1,0,'2018-11-10 06:58:04','2018-11-10 06:58:04','20560abc-6e3f-41b5-995f-07b6eb5703bf'),
	(120,3,'craft\\elements\\Asset',1,0,'2018-11-10 06:58:06','2018-11-10 06:58:06','d789adf8-2331-412e-8265-7f1ac20e15e5'),
	(121,5,'verbb\\supertable\\elements\\SuperTableBlockElement',1,0,'2018-11-10 06:58:35','2018-11-17 07:00:30','d911c4ca-fa08-4133-992b-e68300779a6e'),
	(122,3,'craft\\elements\\Asset',1,0,'2018-11-10 07:02:33','2018-11-10 07:02:33','4a8f5a17-b106-4fa4-87f8-dff387b2ad1e'),
	(123,3,'craft\\elements\\Asset',1,0,'2018-11-10 07:03:25','2018-11-10 07:05:30','95145782-de91-450c-8da7-b05abee6255b'),
	(124,3,'craft\\elements\\Asset',1,0,'2018-11-10 07:03:28','2018-11-10 07:03:28','9531f297-f027-460f-becd-8cdccee510db'),
	(125,3,'craft\\elements\\Asset',1,0,'2018-11-10 07:03:28','2018-11-10 07:03:28','229fec45-42d1-45bd-93f6-1693ff8376a9'),
	(126,3,'craft\\elements\\Asset',1,0,'2018-11-10 07:03:30','2018-11-10 07:03:30','f0d8d3d6-fcc4-4633-83b8-43429c1212e2'),
	(127,3,'craft\\elements\\Asset',1,0,'2018-11-10 07:03:31','2018-11-10 07:03:31','4dbc8d61-19c9-4b71-b8ff-3f148113e7c1'),
	(128,3,'craft\\elements\\Asset',1,0,'2018-11-10 07:03:33','2018-11-10 07:03:33','53a470f8-85e6-4f9e-a78a-44dc13b675ee'),
	(129,3,'craft\\elements\\Asset',1,0,'2018-11-10 07:03:34','2018-11-10 07:03:34','42880cf3-14b5-471e-8c07-e0d05be51c50'),
	(130,3,'craft\\elements\\Asset',1,0,'2018-11-10 07:03:37','2018-11-10 07:03:37','3c0adad3-1379-4cec-b16d-b7d756f51419'),
	(131,3,'craft\\elements\\Asset',1,0,'2018-11-10 07:03:38','2018-11-10 07:03:38','cdd60ea0-b3e4-4122-ac45-5c799e21d76f'),
	(132,3,'craft\\elements\\Asset',1,0,'2018-11-10 07:03:40','2018-11-10 07:03:40','3cb58cee-1d1f-4708-b438-fe64527db6fa'),
	(133,3,'craft\\elements\\Asset',1,0,'2018-11-10 07:03:42','2018-11-10 07:03:42','c289835c-ccbf-4a30-a55e-2b3b8463b92d'),
	(134,3,'craft\\elements\\Asset',1,0,'2018-11-10 07:03:44','2018-11-10 07:03:44','ff7d1af8-669a-4261-aeba-e612892683a2'),
	(135,3,'craft\\elements\\Asset',1,0,'2018-11-10 07:03:46','2018-11-10 07:03:46','e8d15fae-b933-44bc-afd1-5c2b11ebb8ae'),
	(137,3,'craft\\elements\\Asset',1,0,'2018-11-10 07:06:20','2018-11-10 07:06:20','dfdf26e2-f76e-409f-a034-a51a665b5c08'),
	(139,5,'verbb\\supertable\\elements\\SuperTableBlockElement',1,0,'2018-11-10 07:06:30','2018-11-18 06:06:08','0ad2c1df-abd7-4420-aded-5737cbbd3894'),
	(140,5,'verbb\\supertable\\elements\\SuperTableBlockElement',1,0,'2018-11-10 07:06:30','2018-11-18 06:06:08','da544ec3-8580-4793-a0ce-9716ae1d222c'),
	(141,5,'verbb\\supertable\\elements\\SuperTableBlockElement',1,0,'2018-11-10 07:06:30','2018-11-18 06:06:08','61cda2a0-8ace-45c7-8fd2-3b643d31792e'),
	(142,5,'verbb\\supertable\\elements\\SuperTableBlockElement',1,0,'2018-11-10 07:06:30','2018-11-18 06:06:08','730a1aa8-eed6-4cfe-8da1-84bb540032cd'),
	(143,5,'verbb\\supertable\\elements\\SuperTableBlockElement',1,0,'2018-11-10 07:06:30','2018-11-18 06:06:08','15090e05-8f4a-4c2b-9242-da604323a3da'),
	(144,5,'verbb\\supertable\\elements\\SuperTableBlockElement',1,0,'2018-11-10 07:06:30','2018-11-18 06:06:08','ecc1d81e-3a79-4808-828c-b1128cd75ef4'),
	(145,5,'verbb\\supertable\\elements\\SuperTableBlockElement',1,0,'2018-11-10 07:06:30','2018-11-18 06:06:08','e08628d8-40d5-4e57-a678-581c9e01e3d7'),
	(146,5,'verbb\\supertable\\elements\\SuperTableBlockElement',1,0,'2018-11-10 07:06:30','2018-11-18 06:06:08','85972504-f7ec-48bb-9597-2396d40f12f8'),
	(147,5,'verbb\\supertable\\elements\\SuperTableBlockElement',1,0,'2018-11-10 07:06:30','2018-11-18 06:06:08','e7147963-a417-4dea-b433-e589307a3d53'),
	(148,3,'craft\\elements\\Asset',1,0,'2018-11-10 07:08:12','2018-11-10 07:08:12','a45c5afc-6eaf-458b-921f-4530d329211d'),
	(149,3,'craft\\elements\\Asset',1,0,'2018-11-10 07:08:36','2018-11-10 07:08:36','1cebe18d-eb5d-4566-bc44-b7911065a96e'),
	(150,3,'craft\\elements\\Asset',1,0,'2018-11-10 07:08:37','2018-11-10 07:08:37','05fd70b9-e7d8-4ece-b5d6-98df139c4b72'),
	(151,3,'craft\\elements\\Asset',1,0,'2018-11-10 07:08:38','2018-11-10 07:08:38','e9213bae-07b5-4d6c-ad08-4debace36dbf'),
	(152,5,'verbb\\supertable\\elements\\SuperTableBlockElement',1,0,'2018-11-10 07:08:55','2018-11-18 06:06:13','0feb45de-abe8-4e12-aa03-ae5f1c45f6e9'),
	(153,5,'verbb\\supertable\\elements\\SuperTableBlockElement',1,0,'2018-11-10 07:08:55','2018-11-18 06:06:13','64d33ed3-2d18-4a74-92d8-603f4ed9f3f3'),
	(155,5,'verbb\\supertable\\elements\\SuperTableBlockElement',1,0,'2018-11-10 07:09:31','2018-11-18 06:06:13','ddfada47-2503-41ed-80b2-06ca05aade18'),
	(156,3,'craft\\elements\\Asset',1,0,'2018-11-10 07:11:59','2018-11-10 07:11:59','b228aeec-3005-478f-be80-9e88bbef5d25'),
	(157,3,'craft\\elements\\Asset',1,0,'2018-11-10 07:12:58','2018-11-10 07:12:58','49a92392-91a7-49e0-80b2-17d5478feba3'),
	(158,3,'craft\\elements\\Asset',1,0,'2018-11-10 07:13:51','2018-11-10 07:13:51','0ee6c4eb-0259-4b15-88c9-bdd6b7600264'),
	(159,3,'craft\\elements\\Asset',1,0,'2018-11-10 07:14:24','2018-11-10 07:14:24','9b4e1734-aa9e-40c3-8540-3ee40737f1a3'),
	(160,3,'craft\\elements\\Asset',1,0,'2018-11-10 07:14:43','2018-11-10 07:14:43','11c70f93-4e5d-4a05-9a9a-1f30ceb66bf6'),
	(161,3,'craft\\elements\\Asset',1,0,'2018-11-10 07:16:21','2018-11-10 07:16:21','d9f32d6e-10a3-496d-b96b-b786290efad8'),
	(162,8,'craft\\elements\\Entry',1,0,'2018-11-17 06:05:16','2018-11-17 06:05:30','24d24caa-cbdd-4281-ab66-449ab5923a48'),
	(163,3,'craft\\elements\\Asset',1,0,'2018-11-17 06:30:30','2018-11-17 06:30:30','c0c46935-cc43-4d3b-b2e3-6298018def14'),
	(164,5,'verbb\\supertable\\elements\\SuperTableBlockElement',1,0,'2018-11-17 06:30:41','2018-11-17 07:00:30','d6f3b721-8216-403b-9bdd-0e93b0ad5c2f'),
	(165,5,'verbb\\supertable\\elements\\SuperTableBlockElement',1,0,'2018-11-17 06:41:40','2018-11-17 07:00:30','207e5208-1133-4fcb-af1e-842300a2f0b8'),
	(168,5,'verbb\\supertable\\elements\\SuperTableBlockElement',1,0,'2018-11-17 07:08:39','2018-11-18 06:06:30','0a20d969-b1d4-42d9-b3f2-bc676f659f0b'),
	(169,3,'craft\\elements\\Asset',1,0,'2018-11-17 07:12:51','2018-11-17 07:12:51','5e77cf0c-3e8c-4486-b4fb-67585282cb04'),
	(170,3,'craft\\elements\\Asset',1,0,'2018-11-17 07:13:12','2018-11-17 07:13:12','bd9f17ca-5251-4dca-98f0-34b0fffa369e'),
	(171,3,'craft\\elements\\Asset',1,0,'2018-11-17 07:13:15','2018-11-17 07:13:15','ae3bb7c9-c6e6-4156-8fa7-3270a5403b5a'),
	(172,3,'craft\\elements\\Asset',1,0,'2018-11-17 07:13:17','2018-11-17 07:13:17','89092126-a45a-4038-b531-26475d2917f0'),
	(173,3,'craft\\elements\\Asset',1,0,'2018-11-17 07:13:19','2018-11-17 07:13:19','f3853f40-df76-4016-99e1-1300b78dda91'),
	(174,3,'craft\\elements\\Asset',1,0,'2018-11-17 07:13:21','2018-11-17 07:13:21','63e5ad81-c1c2-402a-9ec8-a1770329581b'),
	(175,3,'craft\\elements\\Asset',1,0,'2018-11-17 07:13:23','2018-11-17 07:13:23','70d4c26d-2b76-46f8-ba42-dbe33d998875'),
	(176,5,'verbb\\supertable\\elements\\SuperTableBlockElement',1,0,'2018-11-17 07:14:51','2018-11-18 06:06:01','19fdd269-177f-45e7-a9fc-02691084b93d'),
	(177,5,'verbb\\supertable\\elements\\SuperTableBlockElement',1,0,'2018-11-17 07:14:51','2018-11-18 06:06:01','fd4f29bc-bb29-42a7-9700-e58692198fbb'),
	(178,5,'verbb\\supertable\\elements\\SuperTableBlockElement',1,0,'2018-11-17 07:14:51','2018-11-18 06:06:01','4cebeb81-6132-4029-ac28-77c41fa836d7'),
	(179,5,'verbb\\supertable\\elements\\SuperTableBlockElement',1,0,'2018-11-17 07:14:51','2018-11-18 06:06:01','77c82f5d-6558-45be-bac2-1eb0d27b77fb'),
	(180,5,'verbb\\supertable\\elements\\SuperTableBlockElement',1,0,'2018-11-17 07:14:51','2018-11-18 06:06:01','63dc4d34-63d2-485b-9811-bd13ed3b2caf'),
	(181,5,'verbb\\supertable\\elements\\SuperTableBlockElement',1,0,'2018-11-17 07:14:51','2018-11-18 06:06:01','eb0901ff-75f9-417e-b40b-0fde5a0ca7be'),
	(182,5,'verbb\\supertable\\elements\\SuperTableBlockElement',1,0,'2018-11-17 07:14:51','2018-11-18 06:06:01','c7be71df-b513-4ff0-9f5c-a71060352664'),
	(183,3,'craft\\elements\\Asset',1,0,'2018-11-17 07:16:30','2018-11-17 07:16:30','1b5dad28-9e67-4820-9f28-f3b3b431dfa8'),
	(184,5,'verbb\\supertable\\elements\\SuperTableBlockElement',1,0,'2018-11-17 07:16:37','2018-11-18 06:06:01','882ef730-3843-426f-a553-baf13e21c566'),
	(185,3,'craft\\elements\\Asset',1,0,'2018-11-17 07:23:46','2018-11-17 07:23:46','8cce93a7-dceb-4ec1-8b5c-59465ea7c475'),
	(186,5,'verbb\\supertable\\elements\\SuperTableBlockElement',1,0,'2018-11-17 07:23:51','2018-11-18 06:05:56','cba40e7a-22bc-4a07-b44d-645a4b723080'),
	(187,3,'craft\\elements\\Asset',1,0,'2018-11-17 08:00:37','2018-11-18 05:50:31','53bac2b4-8134-4b22-9b19-adbfd1efb6d6'),
	(188,3,'craft\\elements\\Asset',1,0,'2018-11-17 08:00:37','2018-11-17 08:00:37','7ee7e8c9-2dc4-4580-9813-7c30207cb9c9'),
	(189,3,'craft\\elements\\Asset',1,0,'2018-11-17 08:00:37','2018-11-17 08:00:37','8d30ca38-f404-4712-9d4e-9b1a74437cb4'),
	(190,3,'craft\\elements\\Asset',1,0,'2018-11-17 08:00:38','2018-11-17 08:00:38','136b8244-31de-4178-bd40-74061f012e11'),
	(191,3,'craft\\elements\\Asset',1,0,'2018-11-17 08:00:38','2018-11-17 08:00:38','102e9f3b-04bf-48c9-ac5f-fc0522f919e1'),
	(192,3,'craft\\elements\\Asset',1,0,'2018-11-17 08:00:39','2018-11-17 08:00:39','e99bd438-0f5b-4871-ac96-dc189f6bce66'),
	(193,3,'craft\\elements\\Asset',1,0,'2018-11-17 08:06:22','2018-11-17 08:06:22','4e00ab17-0a8b-4dea-9b86-07fe83241053'),
	(194,3,'craft\\elements\\Asset',1,0,'2018-11-17 08:06:22','2018-11-17 08:06:22','0082e4da-d00b-4d72-8db4-4c2e0d3e5cca'),
	(195,3,'craft\\elements\\Asset',1,0,'2018-11-17 08:06:24','2018-11-17 08:06:24','8b2c86f6-d799-487c-a1ad-aafc3acea6c0'),
	(196,3,'craft\\elements\\Asset',1,0,'2018-11-17 08:06:24','2018-11-17 08:06:24','e3d3889b-f047-43e5-8f8e-90651ea11d02'),
	(197,3,'craft\\elements\\Asset',1,0,'2018-11-17 08:06:25','2018-11-17 08:06:25','d927bce2-6788-4dcc-a53f-da01451aa956'),
	(198,3,'craft\\elements\\Asset',1,0,'2018-11-17 08:06:26','2018-11-17 08:06:26','fc6455c0-8066-47c6-b2a6-6b7372b28b3b'),
	(199,5,'verbb\\supertable\\elements\\SuperTableBlockElement',1,0,'2018-11-17 08:09:24','2018-11-18 06:03:21','3f04923b-e4b2-4641-b689-e70f11b5f68a'),
	(200,5,'verbb\\supertable\\elements\\SuperTableBlockElement',1,0,'2018-11-17 08:09:24','2018-11-18 06:03:21','a05b6014-abe2-4761-91a5-6e4227080a54'),
	(201,5,'verbb\\supertable\\elements\\SuperTableBlockElement',1,0,'2018-11-17 08:09:24','2018-11-18 06:03:21','50294367-1261-4d56-a713-96a819d78ca4'),
	(202,5,'verbb\\supertable\\elements\\SuperTableBlockElement',1,0,'2018-11-17 08:09:24','2018-11-18 06:03:21','6c5ae1ab-a5a1-4b74-92f7-04a7328f7363'),
	(203,5,'verbb\\supertable\\elements\\SuperTableBlockElement',1,0,'2018-11-17 08:09:24','2018-11-18 06:03:21','454223fe-1b2a-4f13-9603-6f429cbeb96d'),
	(204,3,'craft\\elements\\Asset',1,0,'2018-11-17 08:10:45','2018-11-17 08:10:45','f211b127-a29e-460d-bffe-3fc945f1b6f4'),
	(205,3,'craft\\elements\\Asset',1,0,'2018-11-17 08:10:46','2018-11-17 08:10:46','dcc3372f-dcde-47a8-a70a-8a12513fcddf'),
	(206,3,'craft\\elements\\Asset',1,0,'2018-11-17 08:10:47','2018-11-17 08:10:47','e110c2f2-51fd-411d-9979-75e209486c45'),
	(207,3,'craft\\elements\\Asset',1,0,'2018-11-17 08:10:47','2018-11-17 08:10:47','1b8b4616-2ba8-4a70-9e3a-b3261fe57f11'),
	(208,3,'craft\\elements\\Asset',1,0,'2018-11-17 08:10:48','2018-11-17 08:10:48','7baffe2f-edbb-4a69-80a6-0a1011956c4f'),
	(209,3,'craft\\elements\\Asset',1,0,'2018-11-17 08:10:49','2018-11-17 08:10:49','bd1579a1-f1fd-4c56-bc5d-e4a0bf0c1b4c'),
	(210,5,'verbb\\supertable\\elements\\SuperTableBlockElement',1,0,'2018-11-17 08:12:42','2018-11-17 08:12:42','e94dd0bd-b7f6-49d0-8bce-5af9e5be0fbc'),
	(211,5,'verbb\\supertable\\elements\\SuperTableBlockElement',1,0,'2018-11-17 08:12:42','2018-11-17 08:12:42','71b5a5fa-6bb7-4dfd-99f8-7bb0966cc22f'),
	(212,5,'verbb\\supertable\\elements\\SuperTableBlockElement',1,0,'2018-11-17 08:12:42','2018-11-17 08:12:42','ab2ea83e-7d92-413d-96df-d21590c90100'),
	(213,5,'verbb\\supertable\\elements\\SuperTableBlockElement',1,0,'2018-11-17 08:12:42','2018-11-17 08:12:42','61a74772-8504-4228-96bd-e942202ecc20'),
	(214,5,'verbb\\supertable\\elements\\SuperTableBlockElement',1,0,'2018-11-17 08:12:42','2018-11-17 08:12:42','61cdb9a8-6d3f-4fad-af73-0d9d27d87b1a'),
	(215,5,'verbb\\supertable\\elements\\SuperTableBlockElement',1,0,'2018-11-17 08:12:42','2018-11-17 08:12:42','286bb474-6c2c-4916-8103-9a2a7213de4f'),
	(216,3,'craft\\elements\\Asset',1,0,'2018-11-17 08:21:23','2018-11-17 08:21:23','9bb982ac-7ee8-41cc-97ef-308c04ea3684'),
	(217,5,'verbb\\supertable\\elements\\SuperTableBlockElement',1,0,'2018-11-17 08:21:30','2018-11-17 08:22:16','b9342830-24fd-46d2-8cb9-771f056bd01b'),
	(218,3,'craft\\elements\\Asset',1,0,'2018-11-17 08:24:19','2018-11-17 08:24:19','c12a152a-6206-4393-95b6-f01dc2c3943e'),
	(219,3,'craft\\elements\\Asset',1,0,'2018-11-17 08:24:21','2018-11-17 08:24:21','06cc8bfb-b43b-4b75-bbac-722db9709355'),
	(220,5,'verbb\\supertable\\elements\\SuperTableBlockElement',1,0,'2018-11-17 08:26:57','2018-11-18 05:58:06','16952f78-5a12-4edf-a5d3-fe01ff97ac92'),
	(221,5,'verbb\\supertable\\elements\\SuperTableBlockElement',1,0,'2018-11-17 08:26:57','2018-11-18 05:58:06','41de48c4-4aef-4e41-9fd4-1dc3469684f3'),
	(222,3,'craft\\elements\\Asset',1,0,'2018-11-17 08:28:33','2018-11-17 08:28:33','98634f61-7e5e-4ff7-bc72-c71c53adebfc'),
	(223,3,'craft\\elements\\Asset',1,0,'2018-11-17 08:28:50','2018-11-17 08:28:50','14c3382b-1da7-498b-9d8b-5ea97b71621b'),
	(224,3,'craft\\elements\\Asset',1,0,'2018-11-17 08:29:15','2018-11-17 08:29:15','9f96621c-801c-4b40-9d6b-bf4b6288f260'),
	(225,3,'craft\\elements\\Asset',1,0,'2018-11-17 08:29:46','2018-11-17 08:29:46','873579e5-ef6c-4ee7-bbba-93064666e9fb'),
	(226,3,'craft\\elements\\Asset',1,0,'2018-11-17 08:30:04','2018-11-17 08:30:04','8559a9c0-ec49-4e8e-9bc4-a2c4ff83ff49'),
	(227,3,'craft\\elements\\Asset',1,0,'2018-11-17 08:30:42','2018-11-17 08:30:42','1e5f25bc-7d37-4bd1-b22e-7129d5e0bc6a'),
	(228,3,'craft\\elements\\Asset',1,0,'2018-11-17 08:30:43','2018-11-17 08:30:43','7efa70cd-4cd2-4e70-b474-878587c04e30'),
	(229,3,'craft\\elements\\Asset',1,0,'2018-11-17 08:30:53','2018-11-17 08:30:53','65417003-ad11-46ee-91f7-daad43da8a2e'),
	(230,3,'craft\\elements\\Asset',1,0,'2018-11-17 08:33:19','2018-11-17 08:33:19','63286d4c-d571-483e-ad12-bc67504a8007'),
	(231,3,'craft\\elements\\Asset',1,0,'2018-11-17 08:33:30','2018-11-17 08:33:30','fdd8dd3b-d403-4116-8f7f-850a8a12e7a9'),
	(232,3,'craft\\elements\\Asset',1,0,'2018-11-17 08:33:48','2018-11-17 08:33:48','9ead1075-aa66-476f-8a92-601cf0178d1b'),
	(233,3,'craft\\elements\\Asset',1,0,'2018-11-17 08:34:22','2018-11-17 08:34:22','0f41c292-08de-4b6a-b3b3-3256de701cdb'),
	(234,5,'verbb\\supertable\\elements\\SuperTableBlockElement',1,0,'2018-11-17 08:34:30','2018-11-18 06:02:49','fd3044a2-8d34-45c4-8310-31c2d22b896d'),
	(235,5,'verbb\\supertable\\elements\\SuperTableBlockElement',1,0,'2018-11-17 08:34:30','2018-11-18 06:02:49','f1817910-aef7-4de9-b90e-9358f5bdc697'),
	(236,5,'verbb\\supertable\\elements\\SuperTableBlockElement',1,0,'2018-11-17 08:34:30','2018-11-18 06:02:50','95deb480-4f41-41fb-a4c3-fb86330981dd'),
	(240,5,'verbb\\supertable\\elements\\SuperTableBlockElement',1,0,'2018-11-17 08:34:30','2018-11-18 06:02:50','71ea44e1-ff3f-4130-80ef-f7590e56c96c'),
	(241,5,'verbb\\supertable\\elements\\SuperTableBlockElement',1,0,'2018-11-17 08:34:30','2018-11-18 06:02:50','78942e9e-c4ed-4b06-9f7b-1960e4e0daed'),
	(242,5,'verbb\\supertable\\elements\\SuperTableBlockElement',1,0,'2018-11-17 08:34:30','2018-11-18 06:02:50','76b9aa3c-4eb8-4087-a253-673bdd54b2cd'),
	(243,5,'verbb\\supertable\\elements\\SuperTableBlockElement',1,0,'2018-11-17 08:34:30','2018-11-18 06:02:50','dfc93981-5496-4e2f-8256-d20f2ba366b1'),
	(244,3,'craft\\elements\\Asset',1,0,'2018-11-17 08:37:15','2018-11-17 08:37:15','744d9e84-224a-47bd-b012-5563cb347ac7'),
	(245,3,'craft\\elements\\Asset',1,0,'2018-11-17 08:37:43','2018-11-17 08:37:43','b91cee39-7033-41cc-8475-dc5647db3c2a'),
	(246,3,'craft\\elements\\Asset',1,0,'2018-11-17 08:38:07','2018-11-17 08:38:07','049cbe63-3a42-4467-b40d-df699887168f'),
	(247,3,'craft\\elements\\Asset',1,0,'2018-11-17 08:38:30','2018-11-17 08:38:30','2f6a46b1-2eb4-4ff8-a26f-9aaf36786e0a'),
	(248,3,'craft\\elements\\Asset',1,0,'2018-11-17 08:38:39','2018-11-17 08:38:39','1168399e-52d7-4a46-b078-f5ced1172310'),
	(249,3,'craft\\elements\\Asset',1,0,'2018-11-17 08:38:51','2018-11-17 08:38:51','7b53d64f-9c7c-423d-9d6a-978e20fa6159'),
	(250,3,'craft\\elements\\Asset',1,0,'2018-11-17 08:38:56','2018-11-17 08:38:56','8ffd0bea-5b0c-41d0-b859-e6d69e0a308c'),
	(251,5,'verbb\\supertable\\elements\\SuperTableBlockElement',1,0,'2018-11-17 08:39:17','2018-11-17 08:39:17','2c048ab4-6075-4432-9e84-ed86d624da3f'),
	(252,5,'verbb\\supertable\\elements\\SuperTableBlockElement',1,0,'2018-11-17 08:39:17','2018-11-17 08:39:17','5745efcd-2019-40cc-9c9f-fb83bdf58ea2'),
	(253,5,'verbb\\supertable\\elements\\SuperTableBlockElement',1,0,'2018-11-17 08:39:17','2018-11-17 08:39:17','31f93e99-3ee0-4f26-8055-6752fac0f0b7'),
	(254,5,'verbb\\supertable\\elements\\SuperTableBlockElement',1,0,'2018-11-17 08:39:17','2018-11-17 08:39:17','b0c488a0-28dd-4591-9a83-84f90ddbdeb6'),
	(255,5,'verbb\\supertable\\elements\\SuperTableBlockElement',1,0,'2018-11-17 08:39:17','2018-11-17 08:39:17','67d11ca8-bf63-4a2b-b3aa-06f9707b0674'),
	(256,5,'verbb\\supertable\\elements\\SuperTableBlockElement',1,0,'2018-11-17 08:39:17','2018-11-17 08:39:17','3dea0c91-29da-44eb-918a-749c0b9a1fb3'),
	(257,5,'verbb\\supertable\\elements\\SuperTableBlockElement',1,0,'2018-11-17 08:39:17','2018-11-17 08:39:17','1a59b41e-e212-491c-b2d3-ef293d34638b'),
	(258,5,'verbb\\supertable\\elements\\SuperTableBlockElement',1,0,'2018-11-17 08:39:17','2018-11-17 08:39:17','35c47b19-e263-410b-a32c-c9a3417c502b'),
	(259,3,'craft\\elements\\Asset',1,0,'2018-11-18 00:29:09','2018-11-18 00:29:09','3a570cc4-630d-46e5-8f8a-fb6da2624218'),
	(260,5,'verbb\\supertable\\elements\\SuperTableBlockElement',1,0,'2018-11-18 03:11:42','2018-11-18 05:26:03','be1484e9-be35-4314-96ea-e01650ad2f18'),
	(263,5,'verbb\\supertable\\elements\\SuperTableBlockElement',1,0,'2018-11-18 05:51:21','2018-11-18 06:05:56','e7e8fb46-5809-410e-95f5-d7c03bad5029'),
	(264,5,'verbb\\supertable\\elements\\SuperTableBlockElement',1,0,'2018-11-18 05:51:21','2018-11-18 06:05:56','85dcaa14-ce5d-46a0-8113-5274ebb8324a'),
	(265,5,'verbb\\supertable\\elements\\SuperTableBlockElement',1,0,'2018-11-18 06:00:29','2018-11-18 06:05:56','3cf4714c-a7db-409b-b58c-a3a45c2f9a20'),
	(267,5,'verbb\\supertable\\elements\\SuperTableBlockElement',1,0,'2018-11-18 06:01:23','2018-11-18 06:05:56','7a1f2ea9-6af9-415b-be52-ca236bca23aa'),
	(268,5,'verbb\\supertable\\elements\\SuperTableBlockElement',1,0,'2018-11-18 06:02:50','2018-11-18 06:02:50','5b1e4d09-da90-457d-8aca-86ea9f10bc23');

/*!40000 ALTER TABLE `elements` ENABLE KEYS */;
UNLOCK TABLES;


# Dump of table elements_sites
# ------------------------------------------------------------

DROP TABLE IF EXISTS `elements_sites`;

CREATE TABLE `elements_sites` (
  `id` int(11) NOT NULL AUTO_INCREMENT,
  `elementId` int(11) NOT NULL,
  `siteId` int(11) NOT NULL,
  `slug` varchar(255) DEFAULT NULL,
  `uri` varchar(255) DEFAULT NULL,
  `enabled` tinyint(1) NOT NULL DEFAULT '1',
  `dateCreated` datetime NOT NULL,
  `dateUpdated` datetime NOT NULL,
  `uid` char(36) NOT NULL DEFAULT '0',
  PRIMARY KEY (`id`),
  UNIQUE KEY `elements_sites_elementId_siteId_unq_idx` (`elementId`,`siteId`),
  KEY `elements_sites_siteId_idx` (`siteId`),
  KEY `elements_sites_slug_siteId_idx` (`slug`,`siteId`),
  KEY `elements_sites_enabled_idx` (`enabled`),
  KEY `elements_sites_uri_siteId_idx` (`uri`,`siteId`),
  CONSTRAINT `elements_sites_elementId_fk` FOREIGN KEY (`elementId`) REFERENCES `elements` (`id`) ON DELETE CASCADE,
  CONSTRAINT `elements_sites_siteId_fk` FOREIGN KEY (`siteId`) REFERENCES `sites` (`id`) ON DELETE CASCADE ON UPDATE CASCADE
) ENGINE=InnoDB DEFAULT CHARSET=utf8;

LOCK TABLES `elements_sites` WRITE;
/*!40000 ALTER TABLE `elements_sites` DISABLE KEYS */;

INSERT INTO `elements_sites` (`id`, `elementId`, `siteId`, `slug`, `uri`, `enabled`, `dateCreated`, `dateUpdated`, `uid`)
VALUES
	(1,1,1,NULL,NULL,1,'2018-10-14 04:54:48','2018-10-14 04:54:48','66004f0b-806a-401a-84ce-9a7101b7d3e5'),
	(2,2,1,'information','information',1,'2018-10-14 05:02:11','2018-10-21 10:24:06','861f4884-a603-4686-ab22-aa4a2353dbe7'),
	(3,3,1,'agi','agi',1,'2018-10-14 05:52:43','2018-11-18 06:06:30','e5e11698-e2a1-497a-bb1a-f98f83cf5739'),
	(4,4,1,NULL,NULL,1,'2018-10-14 05:52:43','2018-11-18 06:06:30','37ac9d70-6e05-4cbf-909b-f9894cf8f28c'),
	(5,5,1,NULL,NULL,1,'2018-10-14 05:56:07','2018-10-14 05:56:07','2c6e010a-9c92-4caf-83c0-bd17dfebe48f'),
	(6,6,1,NULL,NULL,1,'2018-10-14 05:56:57','2018-10-14 05:56:57','9a7de062-fb13-4ca3-b8d0-312da9782076'),
	(10,10,1,NULL,NULL,1,'2018-10-14 06:22:02','2018-10-21 10:24:06','5669c0ec-eb31-4373-b815-0ebc5d26b7dd'),
	(11,11,1,'index','__home__',1,'2018-10-14 06:23:10','2018-10-14 07:45:14','0c97f1fd-9a22-4a33-85aa-a7110cb5162a'),
	(12,12,1,'adam-clarke-colour','adam-clarke-colour',1,'2018-10-14 07:05:46','2018-11-17 07:00:45','f745433c-c0d8-4038-80aa-a0856fad1881'),
	(13,13,1,NULL,NULL,1,'2018-10-14 07:05:46','2018-11-17 07:00:45','b18d76e5-7c25-4159-86bb-324e5a2384dd'),
	(15,15,1,'osko','osko',1,'2018-10-20 04:32:35','2018-11-18 05:26:03','535f7943-dd62-4bf5-85fe-57af3d4b9146'),
	(16,16,1,NULL,NULL,1,'2018-10-20 04:32:35','2018-11-18 05:26:03','d7094218-6a6e-44ea-935e-ccd7c957474c'),
	(17,17,1,NULL,NULL,1,'2018-10-20 04:32:35','2018-11-18 05:26:03','96b8fc22-473a-49c0-9e72-94fc4b84ecb9'),
	(18,18,1,NULL,NULL,1,'2018-10-20 23:40:14','2018-10-20 23:40:14','886199bd-27ba-4c55-b892-857f61d42f8a'),
	(19,19,1,NULL,NULL,1,'2018-10-20 23:40:16','2018-10-20 23:40:16','b2bf9a28-a5f4-4dca-81b6-49cfa051be00'),
	(20,20,1,NULL,NULL,1,'2018-10-20 23:40:18','2018-10-20 23:40:18','4ca98a1e-8f11-4898-aabb-0623af0f823c'),
	(21,21,1,NULL,NULL,1,'2018-10-20 23:40:20','2018-10-20 23:40:20','d748faa2-f6c1-41ce-be74-f4d54b3fba61'),
	(22,22,1,NULL,NULL,1,'2018-10-20 23:40:22','2018-10-20 23:40:22','b76e4a73-8a5e-4216-a9ea-785a9c936f5c'),
	(23,23,1,NULL,NULL,1,'2018-10-20 23:40:24','2018-10-20 23:40:24','f50bd7ba-fc5c-4010-b28e-f520c32cdf59'),
	(24,24,1,NULL,NULL,1,'2018-10-20 23:40:26','2018-10-20 23:40:26','90fe5932-b3ec-46f3-9fea-3b6af423c470'),
	(25,25,1,NULL,NULL,1,'2018-10-20 23:40:28','2018-10-20 23:40:28','3377b5d2-7360-41dd-a7c0-dcfdc4495140'),
	(26,26,1,NULL,NULL,1,'2018-10-20 23:40:29','2018-10-20 23:40:29','0c860a55-e0c2-49b4-a03e-5d7b1c74f225'),
	(27,27,1,NULL,NULL,1,'2018-10-20 23:42:21','2018-11-18 06:06:30','6c76cd2d-e249-403c-a533-5372432e3ca5'),
	(28,28,1,NULL,NULL,1,'2018-10-20 23:42:21','2018-11-18 06:06:30','132f1846-81f5-482d-8308-af003bb1198c'),
	(29,29,1,NULL,NULL,1,'2018-10-20 23:42:21','2018-11-18 06:06:30','b9c2bd26-6311-4dc7-b19c-8ee8bd76570d'),
	(30,30,1,NULL,NULL,1,'2018-10-20 23:42:21','2018-11-18 06:06:31','5799b334-145b-4753-b1da-8575b57e68af'),
	(31,31,1,NULL,NULL,1,'2018-10-20 23:42:21','2018-11-18 06:06:31','078bce4c-2a3e-48e1-ab78-3027c275c270'),
	(32,32,1,NULL,NULL,1,'2018-10-20 23:42:21','2018-11-18 06:06:31','72f0c0db-4548-486a-b8ef-23277f468f3d'),
	(34,34,1,NULL,NULL,1,'2018-10-21 03:23:57','2018-10-21 03:23:57','deeabada-48ca-44d0-b503-c39984de768d'),
	(35,35,1,NULL,NULL,1,'2018-10-21 03:24:00','2018-10-21 03:24:00','deba991f-751e-426d-862d-ba3ffd46f395'),
	(37,37,1,NULL,NULL,1,'2018-10-21 03:24:03','2018-10-21 03:24:03','b1f61764-d9e7-4ff1-b1c5-e7c6f00b87e9'),
	(38,38,1,NULL,NULL,1,'2018-10-21 03:24:06','2018-10-21 03:24:06','1faa4e6f-5822-4d92-8aa4-e16e57fbf67f'),
	(39,39,1,NULL,NULL,1,'2018-10-21 03:24:08','2018-10-21 03:24:08','4730bf7d-49b0-467e-8edd-b9c92e972d5b'),
	(40,40,1,NULL,NULL,1,'2018-10-21 03:27:16','2018-11-18 05:26:03','f8435fb8-240a-469b-8d97-7901e6ab6ba2'),
	(41,41,1,NULL,NULL,1,'2018-10-21 03:27:16','2018-11-18 05:26:03','84d60ab3-531a-4792-8182-e2514ad805ae'),
	(42,42,1,NULL,NULL,1,'2018-10-21 03:27:16','2018-11-18 05:26:03','8cc4d915-58df-420c-934b-2699a6c806c7'),
	(43,43,1,NULL,NULL,1,'2018-10-21 03:27:16','2018-11-18 05:26:03','f4daf24e-5dbd-4c1d-832c-464877b4cf2c'),
	(44,44,1,NULL,NULL,1,'2018-10-21 03:32:57','2018-10-21 03:32:57','70722f52-b898-4a2e-815b-d3a9522ae1d9'),
	(45,45,1,NULL,NULL,1,'2018-10-21 03:32:58','2018-10-21 10:06:41','9af35c27-1db1-4e38-a90e-d365de4a3940'),
	(46,46,1,'shiftco','shiftco',1,'2018-10-21 04:05:25','2018-11-17 07:00:30','d1b5e170-cdef-4d72-b475-10e76712ef89'),
	(47,47,1,NULL,NULL,1,'2018-10-21 04:05:25','2018-11-17 07:00:30','7f3e1d67-0066-446d-bea6-f0af3a432933'),
	(48,48,1,'suncorp','suncorp',1,'2018-10-21 04:06:34','2018-11-10 06:59:46','fa43c590-fedd-4719-b748-869a9fea1850'),
	(49,49,1,NULL,NULL,1,'2018-10-21 04:06:35','2018-11-10 06:59:47','874aa277-0bfe-4c61-99f2-bbaf6b2d3a53'),
	(50,50,1,'foxtel','foxtel',1,'2018-10-21 04:06:58','2018-11-18 06:05:56','48a623f3-19d1-4a63-a0bc-30d95443c011'),
	(51,51,1,NULL,NULL,1,'2018-10-21 04:06:58','2018-11-18 06:05:56','1264eb31-e042-469c-a658-35017891105a'),
	(52,52,1,'u-bank','u-bank',1,'2018-10-21 04:07:29','2018-11-10 07:30:48','4d7beafd-50db-4c8c-a30a-c48f55c04937'),
	(53,53,1,NULL,NULL,1,'2018-10-21 04:07:29','2018-11-10 07:30:49','8dbcfec0-3950-4fd5-b2fd-1a09f504b5e9'),
	(54,54,1,'australia-post','australia-post',1,'2018-10-21 04:12:12','2018-11-10 07:41:57','56ab08ac-3e88-42c4-a59b-3868168f0684'),
	(55,55,1,NULL,NULL,1,'2018-10-21 04:12:12','2018-11-10 07:41:57','008f4e8c-e65a-4ac0-b274-64ac7f90ec19'),
	(56,56,1,'google-zoo','google-zoo',1,'2018-10-21 04:15:26','2018-11-18 06:06:00','843cbf06-bc90-4f92-bcd0-eae642720bd4'),
	(57,57,1,NULL,NULL,1,'2018-10-21 04:15:26','2018-11-18 06:06:00','be6893be-902a-4c6d-8471-4a3a571616e1'),
	(58,58,1,'google-zoo-1','google-zoo-1',1,'2018-10-21 04:15:26','2018-11-17 08:39:16','0bf93e41-34f3-42b1-a22e-9a5dfb75c7e6'),
	(59,59,1,NULL,NULL,1,'2018-10-21 04:15:26','2018-11-17 08:39:16','577cb86a-94d2-4639-9ccd-d9352f644b09'),
	(60,60,1,NULL,NULL,1,'2018-10-21 09:53:32','2018-10-21 09:53:32','2dc39a74-de46-4d45-bda1-3f1d5c2f6ce7'),
	(61,61,1,NULL,NULL,1,'2018-10-21 09:56:08','2018-10-21 09:56:08','f4b263e2-b9ab-4e9b-9e91-7eb5b0f2dff5'),
	(62,62,1,NULL,NULL,1,'2018-10-21 09:58:29','2018-10-21 09:58:29','8f42124c-a0fe-4439-850a-d1b337216259'),
	(63,63,1,NULL,NULL,1,'2018-10-21 09:58:59','2018-10-21 09:58:59','0d3734f6-0ee8-4e7d-a0e2-f9b918e40d68'),
	(64,64,1,NULL,NULL,1,'2018-10-21 09:59:29','2018-10-21 09:59:29','f5dffc78-c25c-4a67-ba5f-fe0968a036f0'),
	(65,65,1,NULL,NULL,1,'2018-10-21 10:05:12','2018-10-21 10:05:12','63ddd40c-fa90-4bbe-859f-42ef3d479d14'),
	(66,66,1,NULL,NULL,1,'2018-10-21 10:05:20','2018-10-21 10:05:20','e91706c1-28e5-4197-a7dc-1a0e240d92b6'),
	(67,67,1,NULL,NULL,1,'2018-10-21 10:05:54','2018-11-18 05:26:03','c3fa325e-db01-4aa1-aaa4-479bc1069f73'),
	(69,69,1,'bill-byron-wines','bill-byron-wines',1,'2018-11-10 04:13:16','2018-11-18 06:06:08','878a5665-425b-49eb-abd0-3c24afb25817'),
	(70,70,1,NULL,NULL,1,'2018-11-10 04:13:16','2018-11-18 06:06:08','f0ce03f0-4ab2-4ac9-a285-5d251cab31e3'),
	(71,71,1,'m-m','m-m',1,'2018-11-10 04:17:18','2018-11-18 06:06:13','d6a91c36-a662-4080-a129-cb384269ede4'),
	(72,72,1,NULL,NULL,1,'2018-11-10 04:17:18','2018-11-18 06:06:13','a9b5d74f-0f85-43a8-8a2a-a83abded0570'),
	(73,73,1,'agi-open','agi-open',1,'2018-11-10 04:33:32','2018-11-18 06:02:49','6707ade8-5764-420a-9d4e-2dd4bbc0e0fd'),
	(74,74,1,NULL,NULL,1,'2018-11-10 04:33:32','2018-11-18 06:02:49','1fbdda0e-a0fe-43c5-bbf1-cf448027776a'),
	(75,75,1,'wired-magazine','wired-magazine',1,'2018-11-10 05:01:27','2018-11-18 05:58:06','70665460-1689-4268-974a-f97a1d6ee65e'),
	(76,76,1,NULL,NULL,1,'2018-11-10 05:01:27','2018-11-18 05:58:06','c7569f10-43af-42be-adb3-ae44ab67b62b'),
	(77,77,1,'delfina-foundation','delfina-foundation',1,'2018-11-10 05:02:51','2018-11-17 08:12:42','14aa0fa7-3572-43c2-8559-8f12db325f2f'),
	(78,78,1,NULL,NULL,1,'2018-11-10 05:02:51','2018-11-17 08:12:42','03a31f40-d559-4fda-a907-41c98231d7b5'),
	(79,79,1,'edmund-de-waal','edmund-de-waal',1,'2018-11-10 05:03:41','2018-11-10 07:32:52','bd9ea555-e06e-451a-bc2c-6fb5dee78f70'),
	(80,80,1,NULL,NULL,1,'2018-11-10 05:03:41','2018-11-10 07:32:52','6d8f23eb-1bd0-4c03-981e-d8f166483320'),
	(81,81,1,'okko','okko',1,'2018-11-10 05:04:48','2018-11-17 08:22:16','f94d5071-fdb7-49fd-99ec-db76c41c9957'),
	(82,82,1,NULL,NULL,1,'2018-11-10 05:04:48','2018-11-17 08:22:16','d2dffa44-013b-4fb8-a535-a0882ab88230'),
	(83,83,1,'matthew-hilton','matthew-hilton',1,'2018-11-10 05:07:59','2018-11-18 06:03:21','7470fe18-6ef8-4acc-8917-d29f80e45e23'),
	(84,84,1,NULL,NULL,1,'2018-11-10 05:08:00','2018-11-18 06:03:21','3d4e6ba0-8ab8-43b9-9ff7-90033bf2020c'),
	(85,85,1,NULL,NULL,1,'2018-11-10 06:22:36','2018-11-10 06:22:36','7fe5fde8-1efa-46c1-a722-550262f4d2e0'),
	(86,86,1,NULL,NULL,1,'2018-11-10 06:22:38','2018-11-10 06:22:38','412b6ee4-1027-4285-89ac-fbeb7bdc371f'),
	(87,87,1,NULL,NULL,1,'2018-11-10 06:22:40','2018-11-10 06:22:40','4706811a-dc76-4e65-90d6-504cef8e6169'),
	(88,88,1,NULL,NULL,1,'2018-11-10 06:22:42','2018-11-10 06:22:42','09473929-da88-4d09-91c5-2870b5b14367'),
	(89,89,1,NULL,NULL,1,'2018-11-10 06:22:43','2018-11-10 06:22:43','b94ae80d-8e57-4d64-9a02-836aa1448b8e'),
	(90,90,1,NULL,NULL,1,'2018-11-10 06:22:45','2018-11-10 06:22:45','86a6df91-13dd-4564-afe5-d4f325790df8'),
	(91,91,1,NULL,NULL,1,'2018-11-10 06:22:47','2018-11-10 06:22:47','5a8cb93e-5388-4f4d-89ce-92865b58529b'),
	(92,92,1,NULL,NULL,1,'2018-11-10 06:22:49','2018-11-10 06:22:49','00837746-2a08-49c4-9b0a-91f14bdf4efb'),
	(93,93,1,NULL,NULL,1,'2018-11-10 06:22:51','2018-11-10 06:22:51','c00b5373-d77d-4f59-94bf-baf9de68f5f9'),
	(94,94,1,NULL,NULL,1,'2018-11-10 06:22:52','2018-11-10 06:22:52','1749fb9f-5c53-4818-bad2-9f3f6c498392'),
	(95,95,1,NULL,NULL,1,'2018-11-10 06:22:52','2018-11-10 06:22:52','de9c10f1-17c7-4d1f-a024-aff0aafb8132'),
	(96,96,1,NULL,NULL,1,'2018-11-10 06:22:53','2018-11-10 06:22:53','f765b64f-d8d4-4aed-a930-dec5269c6f1b'),
	(97,97,1,NULL,NULL,1,'2018-11-10 06:22:54','2018-11-10 06:22:54','b45c336e-4436-4b20-bfdd-9ea744e9c71a'),
	(98,98,1,NULL,NULL,1,'2018-11-10 06:22:56','2018-11-10 06:22:56','26372674-864f-406a-baa9-615247ceb219'),
	(99,99,1,NULL,NULL,1,'2018-11-10 06:23:20','2018-11-10 06:23:20','14126d5b-848b-4df3-8954-dedd41bb5c8e'),
	(100,100,1,NULL,NULL,1,'2018-11-10 06:25:31','2018-11-10 06:25:31','1fca2e9e-50a3-45be-a440-68005f12eb39'),
	(101,101,1,NULL,NULL,1,'2018-11-10 06:25:34','2018-11-10 06:25:34','4f24e7b0-cf11-4609-bf86-cfdacb382a22'),
	(102,102,1,NULL,NULL,1,'2018-11-10 06:27:18','2018-11-10 07:30:49','fb601909-f126-43d4-8d52-4042989ab767'),
	(103,103,1,NULL,NULL,1,'2018-11-10 06:27:18','2018-11-10 07:30:49','79834155-090c-4b97-98dc-94d56dca0dd0'),
	(104,104,1,NULL,NULL,1,'2018-11-10 06:27:18','2018-11-10 07:30:49','09f68bbc-e82a-465a-bc17-ca297160696b'),
	(105,105,1,NULL,NULL,1,'2018-11-10 06:27:18','2018-11-10 07:30:49','06d411ee-ee39-4012-8b6e-e4099dffa77e'),
	(106,106,1,NULL,NULL,1,'2018-11-10 06:27:18','2018-11-10 07:30:49','9363f1fc-07cc-4e0a-9900-32db80be2b71'),
	(107,107,1,NULL,NULL,1,'2018-11-10 06:27:18','2018-11-10 07:30:49','2deb7d8b-eb1c-484b-aadc-ac9388178713'),
	(108,108,1,NULL,NULL,1,'2018-11-10 06:27:18','2018-11-10 07:30:49','c74b767d-01eb-4eb7-8169-7cbe96f03887'),
	(109,109,1,NULL,NULL,1,'2018-11-10 06:27:18','2018-11-10 07:30:49','facd8c49-b5d1-4f8e-a54f-6105b5136693'),
	(110,110,1,NULL,NULL,1,'2018-11-10 06:27:18','2018-11-10 07:30:49','f2a0338a-f7d3-469b-8ce0-6d96b6772482'),
	(111,111,1,NULL,NULL,1,'2018-11-10 06:27:18','2018-11-10 07:30:49','159d70b6-ffc5-4dce-8ebc-8956e75e7d8d'),
	(112,112,1,NULL,NULL,1,'2018-11-10 06:27:18','2018-11-10 07:30:49','aefcba89-5224-4428-bf40-928cfd3bf276'),
	(113,113,1,NULL,NULL,1,'2018-11-10 06:33:48','2018-11-10 06:33:48','3c48ef8c-9fb5-49cb-8e50-7a172e09a164'),
	(114,114,1,NULL,NULL,1,'2018-11-10 06:35:27','2018-11-10 06:35:27','f48a8b62-7255-4b10-8963-43ab63e40bb8'),
	(115,115,1,NULL,NULL,1,'2018-11-10 06:38:41','2018-11-10 06:38:41','17530e81-bcb2-46b5-b635-ba133c4db5e6'),
	(116,116,1,NULL,NULL,1,'2018-11-10 06:45:14','2018-11-17 07:03:08','4604d92a-edcc-4339-b6c1-ed6bc21f5b79'),
	(117,117,1,NULL,NULL,1,'2018-11-10 06:45:17','2018-11-17 07:03:28','0508c3a0-e30c-4614-ad45-e1d2dd51a5e3'),
	(119,119,1,NULL,NULL,1,'2018-11-10 06:58:04','2018-11-10 06:58:04','ba2eb858-f667-4422-9c84-04ddb0b801a4'),
	(120,120,1,NULL,NULL,1,'2018-11-10 06:58:06','2018-11-10 06:58:06','879c3637-b0f4-47e7-95f6-7c766286fb5a'),
	(121,121,1,NULL,NULL,1,'2018-11-10 06:58:35','2018-11-17 07:00:30','f2367258-04a0-4a60-a787-f7b7018746ee'),
	(122,122,1,NULL,NULL,1,'2018-11-10 07:02:33','2018-11-10 07:02:33','dc2f7576-4cfe-4949-9c1e-ca5c23ed7ce0'),
	(123,123,1,NULL,NULL,1,'2018-11-10 07:03:25','2018-11-10 07:05:30','8f5286a5-dde6-40b4-8a9e-417058070523'),
	(124,124,1,NULL,NULL,1,'2018-11-10 07:03:28','2018-11-10 07:03:28','3b9cfa56-dd9c-4751-ac6e-a1d6dd4a6660'),
	(125,125,1,NULL,NULL,1,'2018-11-10 07:03:28','2018-11-10 07:03:28','66e6b7cc-9629-424f-b138-42c56af66eb7'),
	(126,126,1,NULL,NULL,1,'2018-11-10 07:03:30','2018-11-10 07:03:30','432948f6-daea-4ef1-8ea7-256900f968de'),
	(127,127,1,NULL,NULL,1,'2018-11-10 07:03:31','2018-11-10 07:03:31','e6fd1bd2-b466-4760-b374-aeabbcdc3663'),
	(128,128,1,NULL,NULL,1,'2018-11-10 07:03:33','2018-11-10 07:03:33','dbc0b43c-fe6e-4c21-bb41-506bc792656b'),
	(129,129,1,NULL,NULL,1,'2018-11-10 07:03:34','2018-11-10 07:03:34','a9106ff2-1bcf-4c97-b3a0-73965cdfc247'),
	(130,130,1,NULL,NULL,1,'2018-11-10 07:03:37','2018-11-10 07:03:37','be1c47a3-8b25-482a-a5d9-84e4d957f4f7'),
	(131,131,1,NULL,NULL,1,'2018-11-10 07:03:38','2018-11-10 07:03:38','077b99ee-acaa-42fe-9b71-b67ca6f3f4a9'),
	(132,132,1,NULL,NULL,1,'2018-11-10 07:03:40','2018-11-10 07:03:40','405c3ca3-71a3-4a52-b937-5a23f8e03735'),
	(133,133,1,NULL,NULL,1,'2018-11-10 07:03:42','2018-11-10 07:03:42','b2eebf2d-a0c8-4097-9c40-e4736dd85379'),
	(134,134,1,NULL,NULL,1,'2018-11-10 07:03:44','2018-11-10 07:03:44','76200d9e-2145-4862-a2b2-b77f620322e0'),
	(135,135,1,NULL,NULL,1,'2018-11-10 07:03:46','2018-11-10 07:03:46','a28dd8f6-462f-41a9-a632-67c3f9f86e06'),
	(137,137,1,NULL,NULL,1,'2018-11-10 07:06:20','2018-11-10 07:06:20','1e2d3654-cac9-4bc4-a931-e880d0dc400e'),
	(139,139,1,NULL,NULL,1,'2018-11-10 07:06:30','2018-11-18 06:06:08','145a3008-fa6e-47c9-a3bf-dd658a4f5011'),
	(140,140,1,NULL,NULL,1,'2018-11-10 07:06:30','2018-11-18 06:06:08','24f04280-14e2-4558-a690-e67ddda1e8a2'),
	(141,141,1,NULL,NULL,1,'2018-11-10 07:06:30','2018-11-18 06:06:08','18ab4779-97bf-47f9-9f25-c1acee9c7873'),
	(142,142,1,NULL,NULL,1,'2018-11-10 07:06:30','2018-11-18 06:06:08','71d44e51-794b-4615-b098-eb4361cb9336'),
	(143,143,1,NULL,NULL,1,'2018-11-10 07:06:30','2018-11-18 06:06:08','448f10c6-9475-4466-88a8-8410611ac54d'),
	(144,144,1,NULL,NULL,1,'2018-11-10 07:06:30','2018-11-18 06:06:08','7a5c2714-056e-4603-a1bf-39ec349b9917'),
	(145,145,1,NULL,NULL,1,'2018-11-10 07:06:30','2018-11-18 06:06:08','3b3ad7e4-7fdf-4479-a57f-8570092ab3f4'),
	(146,146,1,NULL,NULL,1,'2018-11-10 07:06:30','2018-11-18 06:06:08','55177975-d41e-42d2-b752-5ff05dc3a9c6'),
	(147,147,1,NULL,NULL,1,'2018-11-10 07:06:30','2018-11-18 06:06:08','fb64e9be-605d-44da-a975-52bfa14d10c9'),
	(148,148,1,NULL,NULL,1,'2018-11-10 07:08:12','2018-11-10 07:08:12','cb3d28db-c874-4193-8cad-cdb2e7b78c7f'),
	(149,149,1,NULL,NULL,1,'2018-11-10 07:08:36','2018-11-10 07:08:36','a99f68bd-3b45-4d15-81ba-fe2ec8f2c944'),
	(150,150,1,NULL,NULL,1,'2018-11-10 07:08:37','2018-11-10 07:08:37','d3dcb4ac-cf4b-4e78-b7b8-324d64ff54d1'),
	(151,151,1,NULL,NULL,1,'2018-11-10 07:08:38','2018-11-10 07:08:38','91e35d33-8294-4e32-88fb-ded60271792e'),
	(152,152,1,NULL,NULL,1,'2018-11-10 07:08:55','2018-11-18 06:06:13','5de40507-d19c-4872-8c06-f41ae979c47e'),
	(153,153,1,NULL,NULL,1,'2018-11-10 07:08:55','2018-11-18 06:06:13','ba641620-5d77-453e-b406-083d1e314a6b'),
	(155,155,1,NULL,NULL,1,'2018-11-10 07:09:31','2018-11-18 06:06:13','68212048-546a-458d-bddf-e8fe24e962b0'),
	(156,156,1,NULL,NULL,1,'2018-11-10 07:11:59','2018-11-10 07:11:59','2575fd70-5bc4-4993-8249-457627a0b140'),
	(157,157,1,NULL,NULL,1,'2018-11-10 07:12:58','2018-11-10 07:12:58','1e7f1ea8-94a1-4bea-8de6-c15f860b08e9'),
	(158,158,1,NULL,NULL,1,'2018-11-10 07:13:51','2018-11-10 07:13:51','6c7bd048-562c-4af7-88cc-84d94383c744'),
	(159,159,1,NULL,NULL,1,'2018-11-10 07:14:24','2018-11-10 07:14:24','18fcb03f-4e96-4b96-a4fa-f1a183238e65'),
	(160,160,1,NULL,NULL,1,'2018-11-10 07:14:43','2018-11-10 07:14:43','74e1f09d-1ea7-42df-9300-c2d1b1e6cdb2'),
	(161,161,1,NULL,NULL,1,'2018-11-10 07:16:21','2018-11-10 07:16:21','db8a0131-fcf9-459f-8294-e469a204cb3a'),
	(162,162,1,'unlocked','unlocked',1,'2018-11-17 06:05:16','2018-11-17 06:05:30','b9168730-2e18-4bbd-b7c5-15c5ddc85809'),
	(163,163,1,NULL,NULL,1,'2018-11-17 06:30:30','2018-11-17 06:30:30','69503672-c9f7-4f05-a463-32b7f99fcbbd'),
	(164,164,1,NULL,NULL,1,'2018-11-17 06:30:41','2018-11-17 07:00:30','665af104-e3a9-4693-b474-b5f5e8357853'),
	(165,165,1,NULL,NULL,1,'2018-11-17 06:41:40','2018-11-17 07:00:30','1ea1e5e7-e7de-4bd1-b270-d4421a4ced6b'),
	(168,168,1,NULL,NULL,1,'2018-11-17 07:08:39','2018-11-18 06:06:30','d55b4158-fd1b-4e3f-8c3f-27c981530da4'),
	(169,169,1,NULL,NULL,1,'2018-11-17 07:12:51','2018-11-17 07:12:51','cb5456e9-db00-4e65-bf46-e5bd44bcbf88'),
	(170,170,1,NULL,NULL,1,'2018-11-17 07:13:12','2018-11-17 07:13:12','c9422fe6-d93d-495b-973b-b63299a9f11e'),
	(171,171,1,NULL,NULL,1,'2018-11-17 07:13:15','2018-11-17 07:13:15','b0cdc4d0-2939-4ca9-b9af-4fe752fe207d'),
	(172,172,1,NULL,NULL,1,'2018-11-17 07:13:17','2018-11-17 07:13:17','3eb8ec71-457c-449a-af8d-678b3819b6ad'),
	(173,173,1,NULL,NULL,1,'2018-11-17 07:13:19','2018-11-17 07:13:19','0ca4a424-a078-47a5-821a-a14ffb7878ac'),
	(174,174,1,NULL,NULL,1,'2018-11-17 07:13:21','2018-11-17 07:13:21','b065cb67-0984-4d2e-922b-336457aef8c8'),
	(175,175,1,NULL,NULL,1,'2018-11-17 07:13:23','2018-11-17 07:13:23','1bbc96ce-0941-457e-a41f-012d7cbc8a65'),
	(176,176,1,NULL,NULL,1,'2018-11-17 07:14:51','2018-11-18 06:06:01','a3b619e5-dc19-4fbf-9ecd-f5f9cf2f2245'),
	(177,177,1,NULL,NULL,1,'2018-11-17 07:14:51','2018-11-18 06:06:01','5500c564-910d-4cb1-a72b-37cce8e9c55c'),
	(178,178,1,NULL,NULL,1,'2018-11-17 07:14:51','2018-11-18 06:06:01','ca5d706a-4c43-4caf-9dc5-2638348e051a'),
	(179,179,1,NULL,NULL,1,'2018-11-17 07:14:51','2018-11-18 06:06:01','b2ad1e5f-8fd6-4181-ab3b-e3df0d58a13e'),
	(180,180,1,NULL,NULL,1,'2018-11-17 07:14:51','2018-11-18 06:06:01','8f7eebff-51ce-40a6-b9ba-3b790ed87879'),
	(181,181,1,NULL,NULL,1,'2018-11-17 07:14:51','2018-11-18 06:06:01','21ca1e1a-5be3-4dcd-a290-864031a87162'),
	(182,182,1,NULL,NULL,1,'2018-11-17 07:14:51','2018-11-18 06:06:01','3d1a9e77-6175-4b7d-b344-6fdae348fa3c'),
	(183,183,1,NULL,NULL,1,'2018-11-17 07:16:30','2018-11-17 07:16:30','401c4669-a7bd-449b-9df7-ea5b12a39ea3'),
	(184,184,1,NULL,NULL,1,'2018-11-17 07:16:37','2018-11-18 06:06:01','d7040b53-4395-43b4-b182-b82287bfba43'),
	(185,185,1,NULL,NULL,1,'2018-11-17 07:23:46','2018-11-17 07:23:46','d61cf1d1-0fdc-44d9-a974-bb699d03ba40'),
	(186,186,1,NULL,NULL,1,'2018-11-17 07:23:51','2018-11-18 06:05:56','448b32fc-01d9-4e3f-bf6a-c265dcd4d4e7'),
	(187,187,1,NULL,NULL,1,'2018-11-17 08:00:37','2018-11-18 05:50:31','971a587d-5671-4f76-af1c-10ae63850c3a'),
	(188,188,1,NULL,NULL,1,'2018-11-17 08:00:37','2018-11-17 08:00:37','171d4c30-91fc-49cb-ac25-19e86029bf6d'),
	(189,189,1,NULL,NULL,1,'2018-11-17 08:00:38','2018-11-17 08:00:38','d8ca18e4-8178-4ceb-a1ae-a394940c718d'),
	(190,190,1,NULL,NULL,1,'2018-11-17 08:00:38','2018-11-17 08:00:38','2c29d9f4-b344-4418-9c7a-b442182bec18'),
	(191,191,1,NULL,NULL,1,'2018-11-17 08:00:38','2018-11-17 08:00:38','e69c3e71-4088-43cf-be25-f689a9b97565'),
	(192,192,1,NULL,NULL,1,'2018-11-17 08:00:39','2018-11-17 08:00:39','0fa1695d-0f32-4d78-a55d-fc5140d737f4'),
	(193,193,1,NULL,NULL,1,'2018-11-17 08:06:22','2018-11-17 08:06:22','8d3150f0-1efe-48cd-8bf3-a264fadd99dc'),
	(194,194,1,NULL,NULL,1,'2018-11-17 08:06:22','2018-11-17 08:06:22','b6845509-a4f2-400f-a6bc-f7c7172198af'),
	(195,195,1,NULL,NULL,1,'2018-11-17 08:06:24','2018-11-17 08:06:24','5a04d2ac-d87c-48e9-8d45-c1205e38a1f6'),
	(196,196,1,NULL,NULL,1,'2018-11-17 08:06:24','2018-11-17 08:06:24','6469b124-d0f5-4626-9fe2-da0babf49648'),
	(197,197,1,NULL,NULL,1,'2018-11-17 08:06:25','2018-11-17 08:06:25','844c6f00-8f6e-4103-b9f5-e651ad08718d'),
	(198,198,1,NULL,NULL,1,'2018-11-17 08:06:26','2018-11-17 08:06:26','ddcb6e0c-1cd7-4345-ae6e-fded8823bc20'),
	(199,199,1,NULL,NULL,1,'2018-11-17 08:09:24','2018-11-18 06:03:21','bdfe70a7-33fe-4ef5-9a79-e86712d9a244'),
	(200,200,1,NULL,NULL,1,'2018-11-17 08:09:24','2018-11-18 06:03:21','f75a6e37-27b4-4702-b243-99cc22dbb8c4'),
	(201,201,1,NULL,NULL,1,'2018-11-17 08:09:24','2018-11-18 06:03:21','1d5009c5-0c87-4d5f-845b-7dc10d0be42e'),
	(202,202,1,NULL,NULL,1,'2018-11-17 08:09:24','2018-11-18 06:03:21','b170c1ee-102f-47bb-abdf-c6913f609d86'),
	(203,203,1,NULL,NULL,1,'2018-11-17 08:09:24','2018-11-18 06:03:21','49d864d8-375b-43a7-a1e1-b14fac016140'),
	(204,204,1,NULL,NULL,1,'2018-11-17 08:10:45','2018-11-17 08:10:45','41ea8e95-cf2b-4667-8fa1-112e71d29ba4'),
	(205,205,1,NULL,NULL,1,'2018-11-17 08:10:46','2018-11-17 08:10:46','c75d29e9-b142-4e76-98f3-857ca33828b7'),
	(206,206,1,NULL,NULL,1,'2018-11-17 08:10:47','2018-11-17 08:10:47','31d3c151-7e82-49d1-be1c-92daad255b1d'),
	(207,207,1,NULL,NULL,1,'2018-11-17 08:10:47','2018-11-17 08:10:47','08575c98-c591-45e3-a888-9d8ea9c19562'),
	(208,208,1,NULL,NULL,1,'2018-11-17 08:10:48','2018-11-17 08:10:48','3cb601a9-8fad-49f9-849a-44f5fe07d41a'),
	(209,209,1,NULL,NULL,1,'2018-11-17 08:10:49','2018-11-17 08:10:49','4e576183-7815-4cbf-aa41-4d4fdb8285c1'),
	(210,210,1,NULL,NULL,1,'2018-11-17 08:12:42','2018-11-17 08:12:42','095984c5-a3ef-496d-9ee5-27a3c3ea7c75'),
	(211,211,1,NULL,NULL,1,'2018-11-17 08:12:42','2018-11-17 08:12:42','512a4d71-e49f-4345-8a04-3cf31a7d3d90'),
	(212,212,1,NULL,NULL,1,'2018-11-17 08:12:42','2018-11-17 08:12:42','6dfc6762-7ef4-4c64-8ef5-92c53cff5720'),
	(213,213,1,NULL,NULL,1,'2018-11-17 08:12:42','2018-11-17 08:12:42','2b16df9a-e4cc-4457-91e0-5483946e3d7d'),
	(214,214,1,NULL,NULL,1,'2018-11-17 08:12:42','2018-11-17 08:12:42','c21cd21d-e54e-4d07-ae91-f2f051b2bb2a'),
	(215,215,1,NULL,NULL,1,'2018-11-17 08:12:42','2018-11-17 08:12:42','9327ad59-d8c3-4ffd-81ca-ae8cd7055ba6'),
	(216,216,1,NULL,NULL,1,'2018-11-17 08:21:23','2018-11-17 08:21:23','587f09c4-100f-402b-bfb5-584856be1af7'),
	(217,217,1,NULL,NULL,1,'2018-11-17 08:21:30','2018-11-17 08:22:16','4091d040-3d9b-47b6-ad63-a8a0fa4ba384'),
	(218,218,1,NULL,NULL,1,'2018-11-17 08:24:19','2018-11-17 08:24:19','28163e79-702b-4a49-90d1-875e34e30fd6'),
	(219,219,1,NULL,NULL,1,'2018-11-17 08:24:21','2018-11-17 08:24:21','a3f02788-a2e0-44ff-abd8-f5443ae17f26'),
	(220,220,1,NULL,NULL,1,'2018-11-17 08:26:57','2018-11-18 05:58:06','c408f8e7-ce68-40ce-b7c8-818839b19b42'),
	(221,221,1,NULL,NULL,1,'2018-11-17 08:26:57','2018-11-18 05:58:06','824f791d-1a93-4281-aad0-1790484835ad'),
	(222,222,1,NULL,NULL,1,'2018-11-17 08:28:33','2018-11-17 08:28:33','0a3591f1-2ab9-4727-8243-ecbb359417e9'),
	(223,223,1,NULL,NULL,1,'2018-11-17 08:28:50','2018-11-17 08:28:50','f8aa51f9-c11c-4271-9ba9-c046eb9b0dc1'),
	(224,224,1,NULL,NULL,1,'2018-11-17 08:29:15','2018-11-17 08:29:15','ab3ffc0b-662f-4de4-9d81-4fed0ad8e105'),
	(225,225,1,NULL,NULL,1,'2018-11-17 08:29:46','2018-11-17 08:29:46','d26b9441-d2fa-4f9f-b5f8-abbd7378be80'),
	(226,226,1,NULL,NULL,1,'2018-11-17 08:30:04','2018-11-17 08:30:04','be642190-5a60-4a5d-98c6-e2d5a7944d7f'),
	(227,227,1,NULL,NULL,1,'2018-11-17 08:30:42','2018-11-17 08:30:42','5e672cca-5061-4197-8953-f888e1ee7966'),
	(228,228,1,NULL,NULL,1,'2018-11-17 08:30:43','2018-11-17 08:30:43','adf5a340-cdf5-4991-8697-3d6aec4cf105'),
	(229,229,1,NULL,NULL,1,'2018-11-17 08:30:53','2018-11-17 08:30:53','8049b7e5-2cee-452f-b57c-abf90808c651'),
	(230,230,1,NULL,NULL,1,'2018-11-17 08:33:19','2018-11-17 08:33:19','e0202c0b-b2ae-42b2-8c4c-29d0aae6d949'),
	(231,231,1,NULL,NULL,1,'2018-11-17 08:33:30','2018-11-17 08:33:30','c7e34e03-3e22-42d2-90ad-fc51011d48b6'),
	(232,232,1,NULL,NULL,1,'2018-11-17 08:33:48','2018-11-17 08:33:48','f514e292-6e69-44b3-8086-6bcc07db91a8'),
	(233,233,1,NULL,NULL,1,'2018-11-17 08:34:22','2018-11-17 08:34:22','8c4ab21b-0241-47dc-b46a-ee81cf346314'),
	(234,234,1,NULL,NULL,1,'2018-11-17 08:34:30','2018-11-18 06:02:49','b40e227e-fe65-4a48-9397-7c8a59ec8afe'),
	(235,235,1,NULL,NULL,1,'2018-11-17 08:34:30','2018-11-18 06:02:49','b356f111-bb31-4ee5-b7de-5408be5c96ea'),
	(236,236,1,NULL,NULL,1,'2018-11-17 08:34:30','2018-11-18 06:02:50','fca9bda2-3eda-49f8-af78-5e2529acc576'),
	(240,240,1,NULL,NULL,1,'2018-11-17 08:34:30','2018-11-18 06:02:50','10bbe34c-69a2-4b3d-b190-58bf6d71bcb4'),
	(241,241,1,NULL,NULL,1,'2018-11-17 08:34:30','2018-11-18 06:02:50','448aa80c-d165-49b9-b8f5-66e84007a45b'),
	(242,242,1,NULL,NULL,1,'2018-11-17 08:34:30','2018-11-18 06:02:50','855e9465-aebb-4f5e-89d0-026d594ce5ca'),
	(243,243,1,NULL,NULL,1,'2018-11-17 08:34:30','2018-11-18 06:02:50','33b8345d-592b-4ef2-a854-2ae5ef5ec009'),
	(244,244,1,NULL,NULL,1,'2018-11-17 08:37:15','2018-11-17 08:37:15','dfe82df8-af68-421e-8594-d1025b166149'),
	(245,245,1,NULL,NULL,1,'2018-11-17 08:37:43','2018-11-17 08:37:43','320afb40-0c1f-44a4-a36e-6f72a04cd87d'),
	(246,246,1,NULL,NULL,1,'2018-11-17 08:38:07','2018-11-17 08:38:07','4f44afdb-e051-4c28-8ed7-3548e9b0b00b'),
	(247,247,1,NULL,NULL,1,'2018-11-17 08:38:30','2018-11-17 08:38:30','70696db9-281f-4ffe-b470-3e35a9558fb2'),
	(248,248,1,NULL,NULL,1,'2018-11-17 08:38:39','2018-11-17 08:38:39','86759ea2-eec7-4111-bd83-f50c51d4ea70'),
	(249,249,1,NULL,NULL,1,'2018-11-17 08:38:51','2018-11-17 08:38:51','a88c6718-959c-4d62-be00-87044eb8aeaf'),
	(250,250,1,NULL,NULL,1,'2018-11-17 08:38:56','2018-11-17 08:38:56','1eee2385-83f2-4610-89c8-de198206ec66'),
	(251,251,1,NULL,NULL,1,'2018-11-17 08:39:17','2018-11-17 08:39:17','d205a8db-41b7-42c7-996e-81adc41fb1f2'),
	(252,252,1,NULL,NULL,1,'2018-11-17 08:39:17','2018-11-17 08:39:17','cd9157c8-a86b-4fee-a75b-789d8067b9a6'),
	(253,253,1,NULL,NULL,1,'2018-11-17 08:39:17','2018-11-17 08:39:17','0b736d80-ea1e-4f0a-bfe9-460ebc78cb52'),
	(254,254,1,NULL,NULL,1,'2018-11-17 08:39:17','2018-11-17 08:39:17','fd3631ec-1a41-4b49-a85c-8803106f6696'),
	(255,255,1,NULL,NULL,1,'2018-11-17 08:39:17','2018-11-17 08:39:17','3b0deb79-27e5-4b04-bc9d-7d3ec804d240'),
	(256,256,1,NULL,NULL,1,'2018-11-17 08:39:17','2018-11-17 08:39:17','f175068b-361e-4bcf-b302-8cf2b50bcba5'),
	(257,257,1,NULL,NULL,1,'2018-11-17 08:39:17','2018-11-17 08:39:17','8ca953e3-b4ff-4b49-a757-731a7d357fe2'),
	(258,258,1,NULL,NULL,1,'2018-11-17 08:39:17','2018-11-17 08:39:17','c25f86c6-6401-41c9-9aff-58503cebbaa6'),
	(259,259,1,NULL,NULL,1,'2018-11-18 00:29:09','2018-11-18 00:29:09','19b7bbd9-f5e2-415f-a950-0c9a0311f316'),
	(260,260,1,NULL,NULL,1,'2018-11-18 03:11:42','2018-11-18 05:26:03','a931dbb5-6a98-4736-94a5-48412c1d8955'),
	(263,263,1,NULL,NULL,1,'2018-11-18 05:51:21','2018-11-18 06:05:56','3db11748-e22e-4a71-8aae-970adcc0396c'),
	(264,264,1,NULL,NULL,1,'2018-11-18 05:51:21','2018-11-18 06:05:56','1fe01006-7d06-49e8-a01e-ee59c8d645ca'),
	(265,265,1,NULL,NULL,1,'2018-11-18 06:00:29','2018-11-18 06:05:56','c9567285-607c-486f-8c75-4ac63d43fe7b'),
	(267,267,1,NULL,NULL,1,'2018-11-18 06:01:23','2018-11-18 06:05:56','40d1028b-ed23-4702-8125-aa6c6c67bcf2'),
	(268,268,1,NULL,NULL,1,'2018-11-18 06:02:50','2018-11-18 06:02:50','8deb6b90-acd9-448c-ac72-a2e4d2f085a3');

/*!40000 ALTER TABLE `elements_sites` ENABLE KEYS */;
UNLOCK TABLES;


# Dump of table entries
# ------------------------------------------------------------

DROP TABLE IF EXISTS `entries`;

CREATE TABLE `entries` (
  `id` int(11) NOT NULL,
  `sectionId` int(11) NOT NULL,
  `typeId` int(11) NOT NULL,
  `authorId` int(11) DEFAULT NULL,
  `postDate` datetime DEFAULT NULL,
  `expiryDate` datetime DEFAULT NULL,
  `dateCreated` datetime NOT NULL,
  `dateUpdated` datetime NOT NULL,
  `uid` char(36) NOT NULL DEFAULT '0',
  PRIMARY KEY (`id`),
  KEY `entries_postDate_idx` (`postDate`),
  KEY `entries_expiryDate_idx` (`expiryDate`),
  KEY `entries_authorId_idx` (`authorId`),
  KEY `entries_sectionId_idx` (`sectionId`),
  KEY `entries_typeId_idx` (`typeId`),
  CONSTRAINT `entries_authorId_fk` FOREIGN KEY (`authorId`) REFERENCES `users` (`id`) ON DELETE CASCADE,
  CONSTRAINT `entries_id_fk` FOREIGN KEY (`id`) REFERENCES `elements` (`id`) ON DELETE CASCADE,
  CONSTRAINT `entries_sectionId_fk` FOREIGN KEY (`sectionId`) REFERENCES `sections` (`id`) ON DELETE CASCADE,
  CONSTRAINT `entries_typeId_fk` FOREIGN KEY (`typeId`) REFERENCES `entrytypes` (`id`) ON DELETE CASCADE
) ENGINE=InnoDB DEFAULT CHARSET=utf8;

LOCK TABLES `entries` WRITE;
/*!40000 ALTER TABLE `entries` DISABLE KEYS */;

INSERT INTO `entries` (`id`, `sectionId`, `typeId`, `authorId`, `postDate`, `expiryDate`, `dateCreated`, `dateUpdated`, `uid`)
VALUES
	(2,1,1,NULL,'2018-10-14 05:02:00',NULL,'2018-10-14 05:02:12','2018-10-21 10:24:06','1db1704b-0bcf-408f-9f09-8423196667a3'),
	(3,2,2,1,'2018-10-14 05:50:00',NULL,'2018-10-14 05:52:43','2018-11-18 06:06:30','ea3d52f6-122d-4757-9050-e038b4a7950d'),
	(11,3,3,NULL,'2018-10-14 06:23:00',NULL,'2018-10-14 06:23:10','2018-10-14 07:45:14','aa47a799-9678-45b3-84ea-9e85a1360d3e'),
	(12,2,2,1,'2018-10-14 07:05:00',NULL,'2018-10-14 07:05:46','2018-11-17 07:00:45','9a77ebd7-4ed8-4db8-a01c-0886a249d0e1'),
	(15,2,2,1,'2018-10-20 04:32:00',NULL,'2018-10-20 04:32:35','2018-11-18 05:26:03','0cdeb3cf-2947-47e2-a9b1-77f833ac4c9c'),
	(46,2,2,1,'2018-10-21 04:05:00',NULL,'2018-10-21 04:05:25','2018-11-17 07:00:30','57a09c80-b675-4e59-917e-a4232dd80108'),
	(48,2,2,1,'2018-10-21 04:06:00',NULL,'2018-10-21 04:06:34','2018-11-10 06:59:47','c46815a6-4b03-4fc7-82cd-50ee76ba9bb7'),
	(50,2,2,1,'2018-10-21 04:06:00',NULL,'2018-10-21 04:06:58','2018-11-18 06:05:56','d03db8de-b025-4c4d-8df4-6536274a8392'),
	(52,2,2,1,'2018-10-21 04:07:00',NULL,'2018-10-21 04:07:29','2018-11-10 07:30:48','55dac935-5a53-4ea6-a280-6e6eb140f16d'),
	(54,2,2,1,'2018-10-21 04:12:00',NULL,'2018-10-21 04:12:12','2018-11-10 07:41:57','df14c326-5ebf-42d3-8918-754a25fbf45f'),
	(56,2,2,1,'2018-10-21 04:15:00',NULL,'2018-10-21 04:15:26','2018-11-18 06:06:00','d041e426-29bf-412b-ba50-a15a01b40a54'),
	(58,2,2,1,'2018-10-21 04:15:00',NULL,'2018-10-21 04:15:26','2018-11-17 08:39:16','351fd95f-794d-4011-a6b6-046cac8a9fde'),
	(69,2,2,1,'2018-11-10 04:13:00',NULL,'2018-11-10 04:13:16','2018-11-18 06:06:08','6143b163-cc8c-4cd2-b32b-eb3ae1d41f7a'),
	(71,2,2,1,'2018-11-10 04:17:00',NULL,'2018-11-10 04:17:18','2018-11-18 06:06:13','b1836d54-2922-47e9-bde3-49c86876795f'),
	(73,2,2,1,'2018-11-10 04:33:00',NULL,'2018-11-10 04:33:32','2018-11-18 06:02:49','e2dfbb46-19db-49cf-8b33-c968038087ee'),
	(75,2,2,1,'2018-11-10 05:01:00',NULL,'2018-11-10 05:01:27','2018-11-18 05:58:06','7446d4f6-804f-431c-af20-07cf984b05b8'),
	(77,2,2,1,'2018-11-10 05:02:00',NULL,'2018-11-10 05:02:51','2018-11-17 08:12:42','659f374d-4e3e-49e0-a7d2-f4e2948eb7c6'),
	(79,2,2,1,'2018-11-10 05:03:00',NULL,'2018-11-10 05:03:41','2018-11-10 07:32:52','7ba33e3f-678a-4013-814e-baa2dc0511c0'),
	(81,2,2,1,'2018-11-10 05:04:00',NULL,'2018-11-10 05:04:48','2018-11-17 08:22:16','92026e14-ca3b-4ac7-a402-77a3f0137e10'),
	(83,2,2,1,'2018-11-10 05:07:00',NULL,'2018-11-10 05:07:59','2018-11-18 06:03:21','6eb0104a-2229-45e7-95aa-d608371d851f'),
	(162,4,4,NULL,'2018-11-17 06:05:00',NULL,'2018-11-17 06:05:16','2018-11-17 06:05:30','2d19b620-3de8-4022-9221-edd36ac59ffb');

/*!40000 ALTER TABLE `entries` ENABLE KEYS */;
UNLOCK TABLES;


# Dump of table entrydrafts
# ------------------------------------------------------------

DROP TABLE IF EXISTS `entrydrafts`;

CREATE TABLE `entrydrafts` (
  `id` int(11) NOT NULL AUTO_INCREMENT,
  `entryId` int(11) NOT NULL,
  `sectionId` int(11) NOT NULL,
  `creatorId` int(11) NOT NULL,
  `siteId` int(11) NOT NULL,
  `name` varchar(255) NOT NULL,
  `notes` text,
  `data` mediumtext NOT NULL,
  `dateCreated` datetime NOT NULL,
  `dateUpdated` datetime NOT NULL,
  `uid` char(36) NOT NULL DEFAULT '0',
  PRIMARY KEY (`id`),
  KEY `entrydrafts_sectionId_idx` (`sectionId`),
  KEY `entrydrafts_entryId_siteId_idx` (`entryId`,`siteId`),
  KEY `entrydrafts_siteId_idx` (`siteId`),
  KEY `entrydrafts_creatorId_idx` (`creatorId`),
  CONSTRAINT `entrydrafts_creatorId_fk` FOREIGN KEY (`creatorId`) REFERENCES `users` (`id`) ON DELETE CASCADE,
  CONSTRAINT `entrydrafts_entryId_fk` FOREIGN KEY (`entryId`) REFERENCES `entries` (`id`) ON DELETE CASCADE,
  CONSTRAINT `entrydrafts_sectionId_fk` FOREIGN KEY (`sectionId`) REFERENCES `sections` (`id`) ON DELETE CASCADE,
  CONSTRAINT `entrydrafts_siteId_fk` FOREIGN KEY (`siteId`) REFERENCES `sites` (`id`) ON DELETE CASCADE ON UPDATE CASCADE
) ENGINE=InnoDB DEFAULT CHARSET=utf8;



# Dump of table entrytypes
# ------------------------------------------------------------

DROP TABLE IF EXISTS `entrytypes`;

CREATE TABLE `entrytypes` (
  `id` int(11) NOT NULL AUTO_INCREMENT,
  `sectionId` int(11) NOT NULL,
  `fieldLayoutId` int(11) DEFAULT NULL,
  `name` varchar(255) NOT NULL,
  `handle` varchar(255) NOT NULL,
  `hasTitleField` tinyint(1) NOT NULL DEFAULT '1',
  `titleLabel` varchar(255) DEFAULT 'Title',
  `titleFormat` varchar(255) DEFAULT NULL,
  `sortOrder` smallint(6) unsigned DEFAULT NULL,
  `dateCreated` datetime NOT NULL,
  `dateUpdated` datetime NOT NULL,
  `uid` char(36) NOT NULL DEFAULT '0',
  PRIMARY KEY (`id`),
  UNIQUE KEY `entrytypes_name_sectionId_unq_idx` (`name`,`sectionId`),
  UNIQUE KEY `entrytypes_handle_sectionId_unq_idx` (`handle`,`sectionId`),
  KEY `entrytypes_sectionId_idx` (`sectionId`),
  KEY `entrytypes_fieldLayoutId_idx` (`fieldLayoutId`),
  CONSTRAINT `entrytypes_fieldLayoutId_fk` FOREIGN KEY (`fieldLayoutId`) REFERENCES `fieldlayouts` (`id`) ON DELETE SET NULL,
  CONSTRAINT `entrytypes_sectionId_fk` FOREIGN KEY (`sectionId`) REFERENCES `sections` (`id`) ON DELETE CASCADE
) ENGINE=InnoDB DEFAULT CHARSET=utf8;

LOCK TABLES `entrytypes` WRITE;
/*!40000 ALTER TABLE `entrytypes` DISABLE KEYS */;

INSERT INTO `entrytypes` (`id`, `sectionId`, `fieldLayoutId`, `name`, `handle`, `hasTitleField`, `titleLabel`, `titleFormat`, `sortOrder`, `dateCreated`, `dateUpdated`, `uid`)
VALUES
	(1,1,1,'Information','information',0,NULL,'{section.name|raw}',1,'2018-10-14 05:02:11','2018-10-14 06:25:20','71355b42-98ff-4b6d-94c9-6eeebd287665'),
	(2,2,2,'Work','work',1,'Title',NULL,1,'2018-10-14 05:03:54','2018-11-10 04:11:14','0bcc6286-a9e6-4d2e-b27f-9daef07785a0'),
	(3,3,7,'Homepage','homepage',0,NULL,'{section.name|raw}',1,'2018-10-14 06:23:10','2018-10-14 06:25:04','e0bf6d25-b2a8-41a9-8d07-a31b3a99c304'),
	(4,4,8,'Unlocked','unlocked',0,NULL,'{section.name|raw}',1,'2018-11-17 06:05:16','2018-11-17 06:05:29','42926340-23fa-46dc-a245-888d8f7ae024');

/*!40000 ALTER TABLE `entrytypes` ENABLE KEYS */;
UNLOCK TABLES;


# Dump of table entryversions
# ------------------------------------------------------------

DROP TABLE IF EXISTS `entryversions`;

CREATE TABLE `entryversions` (
  `id` int(11) NOT NULL AUTO_INCREMENT,
  `entryId` int(11) NOT NULL,
  `sectionId` int(11) NOT NULL,
  `creatorId` int(11) DEFAULT NULL,
  `siteId` int(11) NOT NULL,
  `num` smallint(6) unsigned NOT NULL,
  `notes` text,
  `data` mediumtext NOT NULL,
  `dateCreated` datetime NOT NULL,
  `dateUpdated` datetime NOT NULL,
  `uid` char(36) NOT NULL DEFAULT '0',
  PRIMARY KEY (`id`),
  KEY `entryversions_sectionId_idx` (`sectionId`),
  KEY `entryversions_entryId_siteId_idx` (`entryId`,`siteId`),
  KEY `entryversions_siteId_idx` (`siteId`),
  KEY `entryversions_creatorId_idx` (`creatorId`),
  CONSTRAINT `entryversions_creatorId_fk` FOREIGN KEY (`creatorId`) REFERENCES `users` (`id`) ON DELETE SET NULL,
  CONSTRAINT `entryversions_entryId_fk` FOREIGN KEY (`entryId`) REFERENCES `entries` (`id`) ON DELETE CASCADE,
  CONSTRAINT `entryversions_sectionId_fk` FOREIGN KEY (`sectionId`) REFERENCES `sections` (`id`) ON DELETE CASCADE,
  CONSTRAINT `entryversions_siteId_fk` FOREIGN KEY (`siteId`) REFERENCES `sites` (`id`) ON DELETE CASCADE ON UPDATE CASCADE
) ENGINE=InnoDB DEFAULT CHARSET=utf8;

LOCK TABLES `entryversions` WRITE;
/*!40000 ALTER TABLE `entryversions` DISABLE KEYS */;

INSERT INTO `entryversions` (`id`, `entryId`, `sectionId`, `creatorId`, `siteId`, `num`, `notes`, `data`, `dateCreated`, `dateUpdated`, `uid`)
VALUES
	(1,3,2,1,1,1,'','{\"typeId\":\"2\",\"authorId\":\"1\",\"title\":\"This is a test\",\"slug\":\"d\",\"postDate\":1539496200,\"expiryDate\":null,\"enabled\":true,\"newParentId\":null,\"fields\":{\"1\":\"The Alliance Graphique Internationale [AGI] was established in 1951 as a means of uniting the worlds leading creative talents in design, advertising, and illustration.\\nBass, Calvert, Crouwel, Saville, Scherthe AGI is a whos who \\nof design. Membership is prestigious. Prospective members are invited to present work to the jury on the basis of quality and reputation. Members range from single practitioners to partners in global agencies.\\nThe first phase of strategic implementation sees the AGI site positioned as a source of design inspiration and education for professionals and students alike.\",\"2\":{\"4\":{\"type\":\"1\",\"fields\":{\"projectYear\":\"2000\",\"projectOwner\":\"form\",\"projectType\":[\"identity\"],\"projectCollaborators\":[{\"col1\":\"Name\",\"col2\":\"websiteasa.com\"}],\"designers\":[{\"col1\":\"\",\"col2\":\"\"}],\"developers\":[{\"col1\":\"\",\"col2\":\"\"}],\"strategists\":[{\"col1\":\"\",\"col2\":\"\"}],\"discipline\":[]}}},\"13\":\"http://www.website.com\"}}','2018-10-14 05:52:43','2018-10-14 05:52:43','547a465c-3669-4c67-a162-eddc938f0e38'),
	(2,3,2,1,1,2,'','{\"typeId\":\"2\",\"authorId\":\"1\",\"title\":\"This is a test\",\"slug\":\"d\",\"postDate\":1539496200,\"expiryDate\":null,\"enabled\":true,\"newParentId\":null,\"fields\":{\"1\":\"The Alliance Graphique Internationale [AGI] was established in 1951 as a means of uniting the worlds leading creative talents in design, advertising, and illustration.\\nBass, Calvert, Crouwel, Saville, Scherthe AGI is a whos who \\nof design. Membership is prestigious. Prospective members are invited to present work to the jury on the basis of quality and reputation. Members range from single practitioners to partners in global agencies.\\nThe first phase of strategic implementation sees the AGI site positioned as a source of design inspiration and education for professionals and students alike.\",\"2\":{\"4\":{\"type\":\"1\",\"fields\":{\"projectYear\":\"2000\",\"projectOwner\":\"form\",\"projectType\":[\"identity\",\"product\",\"portfolio\"],\"projectCollaborators\":[{\"col1\":\"\",\"col2\":\"\"}],\"designers\":[{\"col1\":\"\",\"col2\":\"\"}],\"developers\":[{\"col1\":\"\",\"col2\":\"\"}],\"strategists\":[{\"col1\":\"\",\"col2\":\"\"}],\"discipline\":[\"identity\",\"digital\",\"development\",\"motion\",\"strategy\"]}}}}}','2018-10-14 05:53:48','2018-10-14 05:53:48','1d37aa8f-a04c-4483-8ba2-dc35e8107e94'),
	(3,3,2,1,1,3,'','{\"typeId\":\"2\",\"authorId\":\"1\",\"title\":\"This is a test\",\"slug\":\"d\",\"postDate\":1539496200,\"expiryDate\":null,\"enabled\":true,\"newParentId\":null,\"fields\":{\"1\":\"The Alliance Graphique Internationale [AGI] was established in 1951 as a means of uniting the worlds leading creative talents in design, advertising, and illustration.\\nBass, Calvert, Crouwel, Saville, Scherthe AGI is a whos who \\nof design. Membership is prestigious. Prospective members are invited to present work to the jury on the basis of quality and reputation. Members range from single practitioners to partners in global agencies.\\nThe first phase of strategic implementation sees the AGI site positioned as a source of design inspiration and education for professionals and students alike.\",\"2\":{\"4\":{\"type\":\"1\",\"fields\":{\"projectYear\":\"2000\",\"projectOwner\":\"form\",\"projectType\":[\"identity\",\"product\",\"portfolio\"],\"projectCollaborators\":[{\"col1\":\"\",\"col2\":\"\"}],\"designers\":[{\"col1\":\"\",\"col2\":\"\"}],\"developers\":[{\"col1\":\"\",\"col2\":\"\"}],\"strategists\":[{\"col1\":\"\",\"col2\":\"\"}],\"discipline\":[\"identity\",\"digital\",\"development\",\"motion\",\"strategy\"]}}},\"15\":{\"7\":{\"type\":\"2\",\"fields\":{\"heroImage\":[\"5\"],\"projectImages\":[\"5\",\"6\"]}}}}}','2018-10-14 05:57:07','2018-10-14 05:57:07','3b28ff3a-d169-441e-9589-891625c9bc68'),
	(4,3,2,1,1,4,'','{\"typeId\":\"2\",\"authorId\":\"1\",\"title\":\"This is a test\",\"slug\":\"this-is-a-test\",\"postDate\":1539496200,\"expiryDate\":null,\"enabled\":true,\"newParentId\":null,\"fields\":{\"1\":\"The Alliance Graphique Internationale [AGI] was established in 1951 as a means of uniting the worlds leading creative talents in design, advertising, and illustration.\\nBass, Calvert, Crouwel, Saville, Scherthe AGI is a whos who \\nof design. Membership is prestigious. Prospective members are invited to present work to the jury on the basis of quality and reputation. Members range from single practitioners to partners in global agencies.\\nThe first phase of strategic implementation sees the AGI site positioned as a source of design inspiration and education for professionals and students alike.\",\"2\":{\"4\":{\"type\":\"1\",\"fields\":{\"projectYear\":\"2000\",\"projectOwner\":\"form\",\"projectType\":[\"identity\",\"product\",\"portfolio\"],\"projectCollaborators\":[{\"col1\":\"\",\"col2\":\"\"}],\"designers\":[{\"col1\":\"\",\"col2\":\"\"}],\"developers\":[{\"col1\":\"\",\"col2\":\"\"}],\"strategists\":[{\"col1\":\"\",\"col2\":\"\"}],\"discipline\":[\"identity\",\"digital\",\"development\",\"motion\",\"strategy\"]}}},\"18\":[\"5\"],\"15\":{\"7\":{\"type\":\"2\",\"fields\":{\"Image\":[\"5\"],\"digital\":false}},\"8\":{\"type\":\"2\",\"fields\":{\"Image\":[\"6\"],\"digital\":true}},\"9\":{\"type\":\"2\",\"fields\":{\"Image\":[\"5\"],\"digital\":false}}}}}','2018-10-14 06:02:29','2018-10-14 06:02:29','a3cea551-e800-4493-ac06-b0a3d55d1a6f'),
	(5,2,1,1,1,1,'Revision from 13Oct.,2018, 11:19:33 pm','{\"typeId\":\"1\",\"authorId\":null,\"title\":\"Information\",\"slug\":\"information\",\"postDate\":1539493320,\"expiryDate\":null,\"enabled\":\"1\",\"newParentId\":null,\"fields\":[]}','2018-10-14 06:20:16','2018-10-14 06:20:16','99c75d72-dcdf-4f47-9811-73cedad7eb4d'),
	(6,2,1,1,1,2,'','{\"typeId\":\"1\",\"authorId\":null,\"title\":\"Information\",\"slug\":\"information\",\"postDate\":1539493320,\"expiryDate\":null,\"enabled\":true,\"newParentId\":null,\"fields\":{\"22\":\"<p></p>\",\"25\":[{\"col1\":\"\",\"col2\":\"\",\"col3\":\"\",\"col4\":\"\",\"col5\":\"\"}],\"24\":\"<p></p>\",\"21\":\"<p></p>\"}}','2018-10-14 06:20:16','2018-10-14 06:20:16','2c2fe3a7-603a-46b9-939e-8c8ebbb7f840'),
	(7,2,1,1,1,3,'','{\"typeId\":\"1\",\"authorId\":null,\"title\":\"Information\",\"slug\":\"information\",\"postDate\":1539493320,\"expiryDate\":null,\"enabled\":true,\"newParentId\":null,\"fields\":{\"22\":\"<p></p>\",\"25\":{\"10\":{\"type\":\"3\",\"fields\":{\"email\":null,\"phone\":null,\"twitter\":null,\"insta\":null,\"address\":null}}},\"24\":\"<p></p>\",\"21\":\"<p></p>\"}}','2018-10-14 06:22:02','2018-10-14 06:22:02','614be1ea-d6ca-4407-aa4a-8193da1aab27'),
	(8,3,2,1,1,5,'','{\"typeId\":\"2\",\"authorId\":\"1\",\"title\":\"This is a test\",\"slug\":\"this-is-a-test\",\"postDate\":1539496200,\"expiryDate\":null,\"enabled\":true,\"newParentId\":null,\"fields\":{\"1\":\"<p>The Alliance Graphique Internationale [AGI] was established in 1951 as a means of uniting the worlds leading creative talents in design, advertising, and illustration. Bass, Calvert, Crouwel, Saville, Scherthe AGI is a whos who of design. Membership is prestigious. Prospective members are invited to present work to the jury on the basis of quality and reputation. Members range from single practitioners to partners in global agencies. The first phase of strategic implementation sees the AGI site positioned as a source of design inspiration and education for professionals and students alike.</p>\",\"2\":{\"4\":{\"type\":\"1\",\"fields\":{\"projectYear\":\"2000\",\"projectOwner\":\"form\",\"projectType\":[\"identity\",\"product\",\"portfolio\"],\"projectCollaborators\":[{\"col1\":\"\",\"col2\":\"\"}],\"designers\":[{\"col1\":\"\",\"col2\":\"\"}],\"developers\":[{\"col1\":\"\",\"col2\":\"\"}],\"strategists\":[{\"col1\":\"\",\"col2\":\"\"}],\"discipline\":[\"identity\",\"digital\",\"development\",\"motion\",\"strategy\"]}}},\"18\":[\"5\"],\"15\":{\"7\":{\"type\":\"2\",\"fields\":{\"Image\":[\"5\"],\"digital\":false}},\"8\":{\"type\":\"2\",\"fields\":{\"Image\":[\"6\"],\"digital\":true}},\"9\":{\"type\":\"2\",\"fields\":{\"Image\":[\"5\"],\"digital\":false}}}}}','2018-10-14 06:39:05','2018-10-14 06:39:05','dbdc55bc-6aa0-4c7c-bb93-2c6b07607420'),
	(9,2,1,1,1,4,'','{\"typeId\":\"1\",\"authorId\":null,\"title\":\"Information\",\"slug\":\"information\",\"postDate\":1539493320,\"expiryDate\":null,\"enabled\":true,\"newParentId\":null,\"fields\":{\"22\":\"<p>Dan Flynn was born in Cork, Ireland and studied Visual Communication at IADT, Dublin (BA Hons, First Class). Upon graduating Dan spent time working at three renowned Irish studios Atelier, Detail and Zero-G, before moving to London to begin a four-year stint at internationally acclaimed studio Spin.</p><p>Under the mentorship of Tony Brook, Dan worked in an elite team on a diverse range of projects, earning a nomination for Designs of the Year, 2012 at the Design Museum, London.</p><p>In late 2014 Dan emigrated to Australia. Here joined Maud, Sydney in 2015 to begin work on a number of high profile jobs. As Creative Director from 201518, Dan lead some of the countries most complex identity projects for clients including UBank, BPay, Suncorp, Google and Australia Post. During this time Dan also helped establish a second office in Melbourne before starting a freelance practice in 2019.</p><p>Dan now provides design, development, strategy and consultancy services for cultural and commercial clients and has recently completed projects for the Alliance Graphique Internationale and Melbourne based start-up ShiftCo.</p>\",\"25\":{\"10\":{\"type\":\"3\",\"fields\":{\"email\":null,\"phone\":null,\"twitter\":null,\"insta\":null,\"address\":null}}},\"24\":\"<p>To discuss a project, local or remote, get in contact below.</p>\",\"21\":\"<p>Dan works with cultural and commercial clients, from large design institutions to tiny start-ups. Dan is also available on a project basis to help lead or support design teams remotely, in-house or in-studio.</p>\"}}','2018-10-14 06:53:32','2018-10-14 06:53:32','b45db857-fc7e-4511-ba0c-5fbdb8affd65'),
	(10,11,3,1,1,1,'Revision from 13Oct.,2018, 11:25:06 pm','{\"typeId\":\"3\",\"authorId\":null,\"title\":\"Homepage\",\"slug\":\"index\",\"postDate\":1539498180,\"expiryDate\":null,\"enabled\":\"1\",\"newParentId\":null,\"fields\":[]}','2018-10-14 06:56:12','2018-10-14 06:56:12','4d03ec8d-e6fc-484f-b96f-aa181bac1a8a'),
	(11,11,3,1,1,2,'','{\"typeId\":\"3\",\"authorId\":null,\"title\":\"Homepage\",\"slug\":\"index\",\"postDate\":1539498180,\"expiryDate\":null,\"enabled\":true,\"newParentId\":null,\"fields\":{\"20\":\"<p>design.byform is the portfolio of Dan Flynn, a freelance designer, developer and creative director, working out of Melbourne, Australia. Dan specializes in finding simple solutions to complex problems. His wide-ranging expertise encompasses strategy, design and development of visual identities, products and portfolios.</p>\"}}','2018-10-14 06:56:13','2018-10-14 06:56:13','e6da99a7-681a-4ff5-ad36-213195d27a13'),
	(12,11,3,1,1,3,'','{\"typeId\":\"3\",\"authorId\":null,\"title\":\"Homepage\",\"slug\":\"index\",\"postDate\":1539498180,\"expiryDate\":null,\"enabled\":true,\"newParentId\":null,\"fields\":{\"20\":\"<p>design.byform is the portfolio of Dan Flynn, a freelance designer, developer and creative director, working out of Melbourne, Australia.</p><p>Dan specializes in finding simple solutions to complex problems. His wide-ranging expertise encompasses strategy, design and development of visual identities, products and portfolios.</p>\"}}','2018-10-14 06:56:24','2018-10-14 06:56:24','0c23d59c-7112-45cd-b103-aee97155f40d'),
	(13,2,1,1,1,5,'','{\"typeId\":\"1\",\"authorId\":null,\"title\":\"Information\",\"slug\":\"information\",\"postDate\":1539493320,\"expiryDate\":null,\"enabled\":true,\"newParentId\":null,\"fields\":{\"22\":\"<p>Dan Flynn was born in Cork, Ireland and studied Visual Communication at IADT, Dublin (BA Hons, First Class). Upon graduating Dan spent time working at three renowned Irish studios Atelier, Detail and Zero-G, before moving to London to begin a four-year stint at internationally acclaimed studio Spin.</p><p>Under the mentorship of Tony Brook, Dan worked in an elite team on a diverse range of projects, earning a nomination for Designs of the Year, 2012 at the Design Museum, London.</p><p>In late 2014 Dan emigrated to Australia. Here joined Maud, Sydney in 2015 to begin work on a number of high profile jobs. As Creative Director from 201518, Dan lead some of the countries most complex identity projects for clients including UBank, BPay, Suncorp, Google and Australia Post. During this time Dan also helped establish a second office in Melbourne before starting a freelance practice in 2019.</p><p>Dan now provides design, development, strategy and consultancy services for cultural and commercial clients and has recently completed projects for the Alliance Graphique Internationale and Melbourne based start-up ShiftCo.</p>\",\"25\":{\"10\":{\"type\":\"3\",\"fields\":{\"email\":\"dan@byform.co\",\"phone\":\"+61.439.849.717\",\"twitter\":\"@function_form\",\"insta\":\"@function_form\",\"address\":\"353 Napier Street,\\nFitzroy, Melbourne\\nVIC 3065, Australia\"}}},\"24\":\"<p>To discuss a project, local or remote, get in contact below.</p>\",\"21\":\"<p>Dan works with cultural and commercial clients, from large design institutions to tiny start-ups. Dan is also available on a project basis to help lead or support design teams remotely, in-house or in-studio.</p>\"}}','2018-10-14 07:01:08','2018-10-14 07:01:08','b9ce0b95-34b7-48df-8350-6501702dbbe7'),
	(14,12,2,1,1,1,'','{\"typeId\":\"2\",\"authorId\":\"1\",\"title\":\"Another test\",\"slug\":\"another-test\",\"postDate\":1539500700,\"expiryDate\":null,\"enabled\":true,\"newParentId\":null,\"fields\":{\"1\":\"<p>Yup</p>\",\"2\":{\"13\":{\"type\":\"1\",\"fields\":{\"projectYear\":\"2000\",\"projectOwner\":\"spin\",\"projectType\":[\"identity\",\"product\"],\"projectCollaborators\":[{\"col1\":\"\",\"col2\":\"\"}],\"designers\":[{\"col1\":\"\",\"col2\":\"\"}],\"developers\":[{\"col1\":\"\",\"col2\":\"\"}],\"strategists\":[{\"col1\":\"\",\"col2\":\"\"}],\"discipline\":[]}}},\"18\":[],\"15\":[]}}','2018-10-14 07:05:46','2018-10-14 07:05:46','5916b274-6f0a-495e-a526-28eba6173f04'),
	(15,11,3,1,1,4,'','{\"typeId\":\"3\",\"authorId\":null,\"title\":\"Homepage\",\"slug\":\"index\",\"postDate\":1539498180,\"expiryDate\":null,\"enabled\":true,\"newParentId\":null,\"fields\":{\"20\":\"design.byform is the portfolio of Dan Flynn, a freelance designer, developer and creative director, working out of Melbourne, Australia.</p><p>Dan specializes in finding simple solutions to complex problems. His wide-ranging expertise encompasses strategy, design and development of visual identities, products and portfolios.\"}}','2018-10-14 07:42:00','2018-10-14 07:42:00','dac64774-38c9-4f95-9eda-6b2ceebd2625'),
	(16,11,3,1,1,5,'','{\"typeId\":\"3\",\"authorId\":null,\"title\":\"Homepage\",\"slug\":\"index\",\"postDate\":1539498180,\"expiryDate\":null,\"enabled\":true,\"newParentId\":null,\"fields\":{\"20\":\"design.byform is the portfolio of Dan Flynn, a freelance designer, developer and creative director, working out of Melbourne, Australia.\\nDan specializes in finding simple solutions to complex problems. His wide-ranging expertise encompasses strategy, design and development of visual identities, products and portfolios.\"}}','2018-10-14 07:42:21','2018-10-14 07:42:21','7430938a-2d42-485f-98a7-fdea5a62b291'),
	(17,11,3,1,1,6,'','{\"typeId\":\"3\",\"authorId\":null,\"title\":\"Homepage\",\"slug\":\"index\",\"postDate\":1539498180,\"expiryDate\":null,\"enabled\":true,\"newParentId\":null,\"fields\":{\"20\":\"design.byform is the portfolio of Dan Flynn, a freelance designer, developer and creative director, working out of Melbourne, Australia.\\n\\nDan specializes in finding simple solutions to complex problems. His wide-ranging expertise encompasses strategy, design and development of visual identities, products and portfolios.\"}}','2018-10-14 07:42:46','2018-10-14 07:42:46','a2520ecf-dacb-4d40-8436-09bc6c86ace8'),
	(18,11,3,1,1,7,'','{\"typeId\":\"3\",\"authorId\":null,\"title\":\"Homepage\",\"slug\":\"index\",\"postDate\":1539498180,\"expiryDate\":null,\"enabled\":true,\"newParentId\":null,\"fields\":{\"20\":\"<h2>design.byform is the portfolio of Dan Flynn, a freelance designer, developer and creative director, working out of Melbourne, Australia.</h2><h2>Dan specializes in finding simple solutions to complex problems. His wide-ranging expertise encompasses strategy, design and development of visual identities, products and portfolios.</h2>\"}}','2018-10-14 07:43:15','2018-10-14 07:43:15','fec9fc9d-0c73-46e9-ad84-3adb643c2b9d'),
	(19,11,3,1,1,8,'','{\"typeId\":\"3\",\"authorId\":null,\"title\":\"Homepage\",\"slug\":\"index\",\"postDate\":1539498180,\"expiryDate\":null,\"enabled\":true,\"newParentId\":null,\"fields\":{\"20\":\"<h2>design.byform is the portfolio of Dan Flynn, a freelance designer, developer and creative director, working out of Melbourne, Australia.</h2><h2>Dan specializes in finding simple solutions to complex problems. His wide-ranging expertise encompasses strategy, design and development of visual identities, products and portfolios.</h2>\"}}','2018-10-14 07:43:49','2018-10-14 07:43:49','f4d2d560-eb48-40da-a393-2c1e6beeec73'),
	(20,11,3,1,1,9,'','{\"typeId\":\"3\",\"authorId\":null,\"title\":\"Homepage\",\"slug\":\"index\",\"postDate\":1539498180,\"expiryDate\":null,\"enabled\":true,\"newParentId\":null,\"fields\":{\"20\":\"<p>design.byform is the portfolio of Dan Flynn, a freelance designer, developer and creative director, working out of Melbourne, Australia.</p><p>Dan specializes in finding simple solutions to complex problems. His wide-ranging expertise encompasses strategy, design and development of visual identities, products and portfolios.</p>\"}}','2018-10-14 07:44:54','2018-10-14 07:44:54','3f40e8ef-f237-4ea5-9805-86c41258c20e'),
	(21,11,3,1,1,10,'','{\"typeId\":\"3\",\"authorId\":null,\"title\":\"Homepage\",\"slug\":\"index\",\"postDate\":1539498180,\"expiryDate\":null,\"enabled\":true,\"newParentId\":null,\"fields\":{\"20\":\"<h2>design.byform is the portfolio of Dan Flynn, a freelance designer, developer and creative director, working out of Melbourne, Australia.</h2><h2>Dan specializes in finding simple solutions to complex problems. His wide-ranging expertise encompasses strategy, design and development of visual identities, products and portfolios.</h2>\"}}','2018-10-14 07:45:14','2018-10-14 07:45:14','3b0b9f0a-d237-4635-b2c8-2afd7ed6a065'),
	(22,2,1,1,1,6,'','{\"typeId\":\"1\",\"authorId\":null,\"title\":\"Information\",\"slug\":\"information\",\"postDate\":1539493320,\"expiryDate\":null,\"enabled\":true,\"newParentId\":null,\"fields\":{\"22\":\"<p>Dan Flynn was born in Cork, Ireland and studied Visual Communication at IADT, Dublin (BA Hons, First Class). Upon graduating Dan spent time working at three renowned Irish studios Atelier, Detail and Zero-G, before moving to London to begin a four-year stint at internationally acclaimed studio Spin.</p><p>Under the mentorship of Tony Brook, Dan worked in an elite team on a diverse range of projects, earning a nomination for Designs of the Year, 2012 at the Design Museum, London.</p><p>In late 2014 Dan emigrated to Australia. Here joined Maud, Sydney in 2015 to begin work on a number of high profile jobs. As Creative Director from 201518, Dan lead some of the countries most complex identity projects for clients including UBank, BPay, Suncorp, Google and Australia Post. During this time Dan also helped establish a second office in Melbourne before starting a freelance practice in 2019.</p><p>Dan now provides design, development, strategy and consultancy services for cultural and commercial clients and has recently completed projects for the Alliance Graphique Internationale and Melbourne based start-up ShiftCo.</p>\",\"25\":{\"10\":{\"type\":\"3\",\"fields\":{\"email\":\"dan@byform.co\",\"phone\":\"+61.439.849.717\",\"twitter\":\"@function_form\",\"insta\":\"@function_form\",\"address\":\"353 Napier Street,\\nFitzroy, Melbourne\\nVIC 3065, Australia\"}}},\"24\":\"<p>To discuss a project, local or remote, get in contact below.</p>\",\"21\":\"<h2>Dan works with cultural and commercial clients, from large design institutions to tiny start-ups. Dan is also available on a project basis to help lead or support design teams remotely, in-house or in-studio.</h2>\"}}','2018-10-14 07:57:24','2018-10-14 07:57:24','6df17efc-3f7a-4b30-af16-0ff6c93a2271'),
	(23,2,1,1,1,7,'','{\"typeId\":\"1\",\"authorId\":null,\"title\":\"Information\",\"slug\":\"information\",\"postDate\":1539493320,\"expiryDate\":null,\"enabled\":true,\"newParentId\":null,\"fields\":{\"22\":\"<p>Dan Flynn was born in Cork, Ireland and studied Visual Communication at IADT, Dublin (BA Hons, First Class). Upon graduating Dan spent time working at three renowned Irish studios Atelier, Detail and Zero-G, before moving to London to begin a four-year stint at internationally acclaimed studio Spin.</p><p>Under the mentorship of Tony Brook, Dan worked in an elite team on a diverse range of projects, earning a nomination for Designs of the Year, 2012 at the Design Museum, London.</p><p>In late 2014 Dan emigrated to Australia. Here joined Maud, Sydney in 2015 to begin work on a number of high profile jobs. As Creative Director from 201518, Dan lead some of the countries most complex identity projects for clients including UBank, BPay, Suncorp, Google and Australia Post. During this time Dan also helped establish a second office in Melbourne before starting a freelance practice in 2019.</p><p>Dan now provides design, development, strategy and consultancy services for cultural and commercial clients and has recently completed projects for the Alliance Graphique Internationale and Melbourne based start-up ShiftCo.</p>\",\"25\":{\"10\":{\"type\":\"3\",\"fields\":{\"email\":\"dan@byform.co\",\"phone\":\"+61.439.849.717\",\"twitter\":\"@function_form\",\"insta\":\"@function_form\",\"address\":\"353 Napier Street,\\nFitzroy, Melbourne\\nVIC 3065, Australia\"}}},\"24\":\"To discuss a project, local or remote, get in contact below.\",\"21\":\"<h2>Dan works with cultural and commercial clients, from large design institutions to tiny start-ups. Dan is also available on a project basis to help lead or support design teams remotely, in-house or in-studio.</h2>\"}}','2018-10-14 08:04:33','2018-10-14 08:04:33','7c6f5a76-02e0-40d5-a965-9c6dbd6b0268'),
	(24,3,2,1,1,6,'','{\"typeId\":\"2\",\"authorId\":\"1\",\"title\":\"AGI\",\"slug\":\"agi\",\"postDate\":1539496200,\"expiryDate\":null,\"enabled\":true,\"newParentId\":null,\"fields\":{\"1\":\"<p>The Alliance Graphique Internationale [AGI] was established in 1951 as a means of uniting the worlds leading creative talents in design, advertising, and illustration. Bass, Calvert, Crouwel, Saville, Scherthe AGI is a whos who of design. Membership is prestigious. Prospective members are invited to present work to the jury on the basis of quality and reputation. Members range from single practitioners to partners in global agencies. The first phase of strategic implementation sees the AGI site positioned as a source of design inspiration and education for professionals and students alike.</p>\",\"2\":{\"4\":{\"type\":\"1\",\"fields\":{\"projectYear\":\"2017\",\"projectOwner\":\"form\",\"projectType\":[\"product\"],\"projectCollaborators\":[{\"col1\":\"Atelier David Smith\",\"col2\":\"atelier.ie\"}],\"designers\":[{\"col1\":\"Dan Flynn\",\"col2\":\"byform.co\"},{\"col1\":\"David Smith \",\"col2\":\"atelier.ie\"}],\"developers\":[{\"col1\":\"Archive Studio\",\"col2\":\"archive.studio\"}],\"strategists\":[{\"col1\":\"\",\"col2\":\"\"}],\"discipline\":[\"digital\"]}}},\"18\":[\"5\"],\"15\":{\"7\":{\"type\":\"2\",\"fields\":{\"Image\":[\"5\"],\"digital\":false}},\"8\":{\"type\":\"2\",\"fields\":{\"Image\":[\"6\"],\"digital\":true}},\"9\":{\"type\":\"2\",\"fields\":{\"Image\":[\"5\"],\"digital\":false}},\"14\":{\"type\":\"2\",\"fields\":{\"Image\":[\"6\"],\"digital\":false}}},\"13\":\"http://a-g-i.org\"}}','2018-10-20 04:30:42','2018-10-20 04:30:42','783489e4-5275-4099-89e9-52d6308353eb'),
	(25,12,2,1,1,2,'','{\"typeId\":\"2\",\"authorId\":\"1\",\"title\":\"Adam Clarke Colour\",\"slug\":\"adam-clarke-colour\",\"postDate\":1539500700,\"expiryDate\":null,\"enabled\":true,\"newParentId\":null,\"fields\":{\"1\":\"<p>Adam Clarke Colour</p>\",\"2\":{\"13\":{\"type\":\"1\",\"fields\":{\"projectYear\":\"2018\",\"projectOwner\":\"form\",\"projectType\":[\"identity\",\"portfolio\"],\"projectCollaborators\":[{\"col1\":\"\",\"col2\":\"\"}],\"designers\":[{\"col1\":\"Form\",\"col2\":\"\"}],\"developers\":[{\"col1\":\"Form\",\"col2\":\"\"}],\"strategists\":[{\"col1\":\"\",\"col2\":\"\"}],\"discipline\":[\"identity\",\"digital\",\"development\"]}}},\"18\":[],\"15\":[],\"13\":\"Adamclarkecolour.com\"}}','2018-10-20 04:31:44','2018-10-20 04:31:44','69f47800-ddda-4840-b8de-4d0c9ebd6413'),
	(26,15,2,1,1,1,'','{\"typeId\":\"2\",\"authorId\":\"1\",\"title\":\"Osko\",\"slug\":\"osko\",\"postDate\":1540009920,\"expiryDate\":null,\"enabled\":true,\"newParentId\":null,\"fields\":{\"1\":\"<p></p>\",\"2\":{\"16\":{\"type\":\"1\",\"fields\":{\"projectYear\":\"2018\",\"projectOwner\":\"maud\",\"projectType\":[\"identity\"],\"projectCollaborators\":[{\"col1\":\"\",\"col2\":\"\"}],\"designers\":[{\"col1\":\"\",\"col2\":\"\"}],\"developers\":[{\"col1\":\"\",\"col2\":\"\"}],\"strategists\":[{\"col1\":\"\",\"col2\":\"\"}],\"discipline\":[\"identity\",\"motion\",\"strategy\"]}}},\"18\":[\"6\"],\"15\":{\"17\":{\"type\":\"2\",\"fields\":{\"Image\":[\"5\"],\"digital\":false}}},\"13\":\"osko.com.au\"}}','2018-10-20 04:32:36','2018-10-20 04:32:36','f8068d12-9506-4e43-b478-57d8d9a57d8e'),
	(27,3,2,1,1,7,'','{\"typeId\":\"2\",\"authorId\":\"1\",\"title\":\"AGI\",\"slug\":\"agi\",\"postDate\":1539496200,\"expiryDate\":null,\"enabled\":true,\"newParentId\":null,\"fields\":{\"1\":\"<p>The Alliance Graphique Internationale [AGI] was established in 1951 as a means of uniting the worlds leading creative talents in design, advertising, and illustration. Bass, Calvert, Crouwel, Saville, Scherthe AGI is a whos who of design. Membership is prestigious. Prospective members are invited to present work to the jury on the basis of quality and reputation. Members range from single practitioners to partners in global agencies. The first phase of strategic implementation sees the AGI site positioned as a source of design inspiration and education for professionals and students alike.</p>\",\"2\":{\"4\":{\"type\":\"1\",\"fields\":{\"projectYear\":\"2017\",\"projectOwner\":\"form\",\"projectType\":[\"product\"],\"projectCollaborators\":[{\"col1\":\"Atelier David Smith\",\"col2\":\"atelier.ie\"}],\"designers\":[{\"col1\":\"Dan Flynn\",\"col2\":\"byform.co\"},{\"col1\":\"David Smith \",\"col2\":\"atelier.ie\"}],\"developers\":[{\"col1\":\"Archive Studio\",\"col2\":\"archive.studio\"}],\"strategists\":[{\"col1\":\"\",\"col2\":\"\"}],\"discipline\":[\"digital\"]}}},\"18\":[\"5\"],\"15\":{\"7\":{\"type\":\"2\",\"fields\":{\"picture\":[\"5\"],\"digital\":false}},\"8\":{\"type\":\"2\",\"fields\":{\"picture\":[\"6\"],\"digital\":true}},\"9\":{\"type\":\"2\",\"fields\":{\"picture\":[\"5\"],\"digital\":false}},\"14\":{\"type\":\"2\",\"fields\":{\"picture\":[\"6\"],\"digital\":true}}},\"13\":\"http://a-g-i.org\"}}','2018-10-20 05:19:41','2018-10-20 05:19:41','48a9f049-b7c4-4b8f-857c-894f414ede1a'),
	(28,3,2,1,1,8,'','{\"typeId\":\"2\",\"authorId\":\"1\",\"title\":\"AGI\",\"slug\":\"agi\",\"postDate\":1539496200,\"expiryDate\":null,\"enabled\":true,\"newParentId\":null,\"fields\":{\"1\":\"<p>The Alliance Graphique Internationale [AGI] was established in 1951 as a means of uniting the worlds leading creative talents in design, advertising, and illustration. Bass, Calvert, Crouwel, Saville, Scherthe AGI is a whos who of design. Membership is prestigious. Prospective members are invited to present work to the jury on the basis of quality and reputation. Members range from single practitioners to partners in global agencies. The first phase of strategic implementation sees the AGI site positioned as a source of design inspiration and education for professionals and students alike.</p>\",\"2\":{\"4\":{\"type\":\"1\",\"fields\":{\"projectYear\":\"2017\",\"projectOwner\":\"form\",\"projectType\":[\"product\"],\"projectCollaborators\":[{\"col1\":\"Atelier David Smith\",\"col2\":\"atelier.ie\"}],\"designers\":[{\"col1\":\"Dan Flynn\",\"col2\":\"byform.co\"},{\"col1\":\"David Smith \",\"col2\":\"atelier.ie\"}],\"developers\":[{\"col1\":\"Archive Studio\",\"col2\":\"archive.studio\"}],\"strategists\":null,\"discipline\":[\"digital\"]}}},\"18\":[\"5\"],\"15\":{\"7\":{\"type\":\"2\",\"fields\":{\"picture\":[\"5\"],\"digital\":false}},\"8\":{\"type\":\"2\",\"fields\":{\"picture\":[\"6\"],\"digital\":true}},\"9\":{\"type\":\"2\",\"fields\":{\"picture\":[\"5\"],\"digital\":false}},\"14\":{\"type\":\"2\",\"fields\":{\"picture\":[\"6\"],\"digital\":true}}},\"13\":\"http://a-g-i.org\"}}','2018-10-20 05:48:39','2018-10-20 05:48:39','13708fc9-06d8-448a-b9f0-2175830dfb08'),
	(29,3,2,1,1,9,'','{\"typeId\":\"2\",\"authorId\":\"1\",\"title\":\"AGI\",\"slug\":\"agi\",\"postDate\":1539496200,\"expiryDate\":null,\"enabled\":true,\"newParentId\":null,\"fields\":{\"1\":\"<p>The Alliance Graphique Internationale [AGI] was established in 1951 as a means of uniting the worlds leading creative talents in design, advertising, and illustration. Bass, Calvert, Crouwel, Saville, Scherthe AGI is a whos who of design. Membership is prestigious. Prospective members are invited to present work to the jury on the basis of quality and reputation. Members range from single practitioners to partners in global agencies. The first phase of strategic implementation sees the AGI site positioned as a source of design inspiration and education for professionals and students alike.</p>\",\"2\":{\"4\":{\"type\":\"1\",\"fields\":{\"projectYear\":\"2017\",\"projectOwner\":\"form\",\"projectType\":[\"product\"],\"projectCollaborators\":[{\"col1\":\"Atelier David Smith\",\"col2\":\"atelier.ie\"}],\"designers\":[{\"col1\":\"Dan Flynn\",\"col2\":\"byform.co\"},{\"col1\":\"David Smith \",\"col2\":\"atelier.ie\"}],\"developers\":[{\"col1\":\"Archive Studio\",\"col2\":\"archive.studio\"}],\"strategists\":[{\"col1\":\"\",\"col2\":\"\"}],\"discipline\":[\"digital\"]}}},\"18\":[\"5\"],\"15\":{\"7\":{\"type\":\"2\",\"fields\":{\"picture\":[\"5\"],\"digital\":false}},\"8\":{\"type\":\"2\",\"fields\":{\"picture\":[\"6\"],\"digital\":true}},\"9\":{\"type\":\"2\",\"fields\":{\"picture\":[\"5\"],\"digital\":false}},\"14\":{\"type\":\"2\",\"fields\":{\"picture\":[\"6\"],\"digital\":true}}},\"13\":\"http://a-g-i.org\"}}','2018-10-20 05:50:44','2018-10-20 05:50:44','3b0d71db-8371-4348-b324-73e6d0cbc2d1'),
	(30,3,2,1,1,10,'','{\"typeId\":\"2\",\"authorId\":\"1\",\"title\":\"AGI\",\"slug\":\"agi\",\"postDate\":1539496200,\"expiryDate\":null,\"enabled\":true,\"newParentId\":null,\"fields\":{\"1\":\"<p>The Alliance Graphique Internationale [AGI] was established in 1951 as a means of uniting the worlds leading creative talents in design, advertising, and illustration. Bass, Calvert, Crouwel, Saville, Scherthe AGI is a whos who of design. Membership is prestigious. Prospective members are invited to present work to the jury on the basis of quality and reputation. Members range from single practitioners to partners in global agencies. The first phase of strategic implementation sees the AGI site positioned as a source of design inspiration and education for professionals and students alike.</p>\",\"2\":{\"4\":{\"type\":\"1\",\"fields\":{\"projectYear\":\"2017\",\"projectOwner\":\"form\",\"projectType\":[\"product\"],\"projectCollaborators\":[{\"col1\":\"Atelier David Smith\",\"col2\":\"atelier.ie\"},{\"col1\":\"Dan Flynn\",\"col2\":\"byform.com\"}],\"designers\":[{\"col1\":\"Dan Flynn\",\"col2\":\"byform.co\"},{\"col1\":\"David Smith \",\"col2\":\"atelier.ie\"}],\"developers\":[{\"col1\":\"Archive Studio\",\"col2\":\"archive.studio\"}],\"strategists\":[{\"col1\":\"\",\"col2\":\"\"}],\"discipline\":[\"digital\"]}}},\"18\":[\"5\"],\"15\":{\"7\":{\"type\":\"2\",\"fields\":{\"picture\":[\"5\"],\"digital\":false}},\"8\":{\"type\":\"2\",\"fields\":{\"picture\":[\"6\"],\"digital\":true}},\"9\":{\"type\":\"2\",\"fields\":{\"picture\":[\"5\"],\"digital\":false}},\"14\":{\"type\":\"2\",\"fields\":{\"picture\":[\"6\"],\"digital\":true}}},\"13\":\"http://a-g-i.org\"}}','2018-10-20 05:53:46','2018-10-20 05:53:46','aac22c64-dd53-4371-97a4-1751da6655a9'),
	(31,3,2,1,1,11,'','{\"typeId\":\"2\",\"authorId\":\"1\",\"title\":\"AGI\",\"slug\":\"agi\",\"postDate\":1539496200,\"expiryDate\":null,\"enabled\":true,\"newParentId\":null,\"fields\":{\"1\":\"<p>The Alliance Graphique Internationale [AGI] was established in 1951 as a means of uniting the worlds leading creative talents in design, advertising, and illustration. Bass, Calvert, Crouwel, Saville, Scherthe AGI is a whos who of design. Membership is prestigious. Prospective members are invited to present work to the jury on the basis of quality and reputation. Members range from single practitioners to partners in global agencies. The first phase of strategic implementation sees the AGI site positioned as a source of design inspiration and education for professionals and students alike.</p>\",\"2\":{\"4\":{\"type\":\"1\",\"fields\":{\"projectYear\":\"2017\",\"projectOwner\":\"form\",\"projectType\":[\"product\"],\"projectCollaborators\":[{\"col1\":\"Atelier David Smith\",\"col2\":\"atelier.ie\"},{\"col1\":\"Dan Flynn\",\"col2\":\"byform.com\"}],\"designers\":[{\"col1\":\"Dan Flynn\",\"col2\":\"byform.co\"},{\"col1\":\"David Smith \",\"col2\":\"atelier.ie\"}],\"developers\":[{\"col1\":\"Archive Studio\",\"col2\":\"archive.studio\"}],\"strategists\":[{\"col1\":\"\",\"col2\":\"\"}],\"discipline\":[\"digital\"]}}},\"18\":[\"18\"],\"15\":{\"27\":{\"type\":\"2\",\"fields\":{\"picture\":[\"24\"],\"digital\":true}},\"28\":{\"type\":\"2\",\"fields\":{\"picture\":[\"25\"],\"digital\":true}},\"29\":{\"type\":\"2\",\"fields\":{\"picture\":[\"19\"],\"digital\":true}},\"30\":{\"type\":\"2\",\"fields\":{\"picture\":[\"21\"],\"digital\":true}},\"31\":{\"type\":\"2\",\"fields\":{\"picture\":[\"23\"],\"digital\":true}},\"32\":{\"type\":\"2\",\"fields\":{\"picture\":[\"26\"],\"digital\":true}}},\"13\":\"http://a-g-i.org\"}}','2018-10-20 23:42:21','2018-10-20 23:42:21','421f3470-afab-43ba-b969-0cdf22664705'),
	(32,15,2,1,1,2,'','{\"typeId\":\"2\",\"authorId\":\"1\",\"title\":\"Osko\",\"slug\":\"osko\",\"postDate\":1540009920,\"expiryDate\":null,\"enabled\":true,\"newParentId\":null,\"fields\":{\"1\":\"<p>Several years in the making and involving contribution from every major financial institution, Osko brings instant payments to all of Australia.</p><p>Osko brings 24/7 nationwide payments to Australia, all in under 60 seconds. Other features include 280 character payment descriptions, PayID, the ability to request money and the option of adding attachments. Osko is set to become synonymous with these features as Australia beings to see the Osko marque appear in apps, statements and transaction records.</p>\",\"2\":{\"16\":{\"type\":\"1\",\"fields\":{\"projectYear\":\"2018\",\"projectOwner\":\"maud\",\"projectType\":[\"identity\"],\"projectCollaborators\":[{\"col1\":\"\",\"col2\":\"\"}],\"designers\":[{\"col1\":\"Dan Flynn\",\"col2\":\"byform.co\"},{\"col1\":\"Sam Turner\",\"col2\":\"https://studiolathe.com\"}],\"developers\":[{\"col1\":\"\",\"col2\":\"\"}],\"strategists\":[{\"col1\":\"\",\"col2\":\"\"}],\"discipline\":[\"identity\",\"motion\",\"strategy\"]}}},\"18\":[\"39\"],\"15\":{\"17\":{\"type\":\"2\",\"fields\":{\"picture\":[\"34\"],\"digital\":false}},\"40\":{\"type\":\"2\",\"fields\":{\"picture\":[\"35\"],\"digital\":false}},\"41\":{\"type\":\"2\",\"fields\":{\"picture\":[\"37\"],\"digital\":false}},\"42\":{\"type\":\"2\",\"fields\":{\"picture\":[\"36\"],\"digital\":false}},\"43\":{\"type\":\"2\",\"fields\":{\"picture\":[\"33\"],\"digital\":false}}},\"13\":\"osko.com.au\"}}','2018-10-21 03:27:16','2018-10-21 03:27:16','23686e5c-4b2c-442e-8409-3805d47461b3'),
	(33,15,2,1,1,3,'','{\"typeId\":\"2\",\"authorId\":\"1\",\"title\":\"Osko\",\"slug\":\"osko\",\"postDate\":1540009920,\"expiryDate\":null,\"enabled\":true,\"newParentId\":null,\"fields\":{\"1\":\"<p>Several years in the making and involving contribution from every major financial institution, Osko brings instant payments to all of Australia.</p><p>Osko brings 24/7 nationwide payments to Australia, all in under 60 seconds. Other features include 280 character payment descriptions, PayID, the ability to request money and the option of adding attachments. Osko is set to become synonymous with these features as Australia beings to see the Osko marque appear in apps, statements and transaction records.</p>\",\"2\":{\"16\":{\"type\":\"1\",\"fields\":{\"projectYear\":\"2018\",\"projectOwner\":\"maud\",\"projectType\":[\"identity\"],\"projectCollaborators\":[{\"col1\":\"\",\"col2\":\"\"}],\"designers\":[{\"col1\":\"Dan Flynn\",\"col2\":\"byform.co\"},{\"col1\":\"Sam Turner\",\"col2\":\"https://studiolathe.com\"}],\"developers\":[{\"col1\":\"\",\"col2\":\"\"}],\"strategists\":[{\"col1\":\"\",\"col2\":\"\"}],\"discipline\":[\"identity\",\"motion\",\"strategy\"]}}},\"18\":[\"39\"],\"15\":{\"17\":{\"type\":\"2\",\"fields\":{\"picture\":[\"34\"],\"digital\":false}},\"40\":{\"type\":\"2\",\"fields\":{\"picture\":[\"35\"],\"digital\":false}},\"41\":{\"type\":\"2\",\"fields\":{\"picture\":[\"37\"],\"digital\":false}},\"42\":{\"type\":\"2\",\"fields\":{\"picture\":[\"36\"],\"digital\":false}},\"43\":{\"type\":\"2\",\"fields\":{\"picture\":[\"33\"],\"digital\":false}}},\"13\":\"http://osko.com.au\"}}','2018-10-21 03:28:48','2018-10-21 03:28:48','d5eb1690-9c3c-451c-8dc6-d0c8324ad73b'),
	(34,15,2,1,1,4,'','{\"typeId\":\"2\",\"authorId\":\"1\",\"title\":\"Osko\",\"slug\":\"osko\",\"postDate\":1540009920,\"expiryDate\":null,\"enabled\":true,\"newParentId\":null,\"fields\":{\"1\":\"<p>Several years in the making and involving contribution from every major financial institution, Osko brings instant payments to all of Australia.</p><p>Osko brings 24/7 nationwide payments to Australia, all in under 60 seconds. Other features include 280 character payment descriptions, PayID, the ability to request money and the option of adding attachments. Osko is set to become synonymous with these features as Australia beings to see the Osko marque appear in apps, statements and transaction records.</p>\",\"2\":{\"16\":{\"type\":\"1\",\"fields\":{\"projectYear\":\"2018\",\"projectOwner\":\"maud\",\"projectType\":[\"identity\"],\"projectCollaborators\":[{\"col1\":\"\",\"col2\":\"\"}],\"designers\":[{\"col1\":\"Dan Flynn\",\"col2\":\"byform.co\"},{\"col1\":\"Sam Turner\",\"col2\":\"https://studiolathe.com\"}],\"developers\":[{\"col1\":\"\",\"col2\":\"\"}],\"strategists\":[{\"col1\":\"\",\"col2\":\"\"}],\"discipline\":[\"identity\",\"motion\",\"strategy\"]}}},\"18\":[\"39\"],\"15\":{\"17\":{\"type\":\"2\",\"fields\":{\"picture\":[\"34\"],\"digital\":false}},\"40\":{\"type\":\"2\",\"fields\":{\"picture\":[\"35\"],\"digital\":false}},\"41\":{\"type\":\"2\",\"fields\":{\"picture\":[\"37\"],\"digital\":false}},\"42\":{\"type\":\"2\",\"fields\":{\"picture\":[\"45\"],\"digital\":false}},\"43\":{\"type\":\"2\",\"fields\":{\"picture\":[\"44\"],\"digital\":false}}},\"13\":\"http://osko.com.au\"}}','2018-10-21 03:33:50','2018-10-21 03:33:50','0de38c88-3fe5-4ddf-8011-64ca9d15f638'),
	(35,3,2,1,1,12,'','{\"typeId\":\"2\",\"authorId\":\"1\",\"title\":\"AGI\",\"slug\":\"agi\",\"postDate\":1539496200,\"expiryDate\":null,\"enabled\":true,\"newParentId\":null,\"fields\":{\"1\":\"<p>The Alliance Graphique Internationale [AGI] was established in 1951 as a means of uniting the worlds leading creative talents in design, advertising, and illustration. Bass, Calvert, Crouwel, Saville, Scherthe AGI is a whos who of design. Membership is prestigious. Prospective members are invited to present work to the jury on the basis of quality and reputation. Members range from single practitioners to partners in global agencies. The first phase of strategic implementation sees the AGI site positioned as a source of design inspiration and education for professionals and students alike.</p>\",\"2\":{\"4\":{\"type\":\"1\",\"fields\":{\"projectYear\":\"2017\",\"projectOwner\":\"form\",\"projectType\":[\"product\"],\"projectCollaborators\":[{\"col1\":\"Atelier David Smith\",\"col2\":\"http://atelier.ie\"},{\"col1\":\"Dan Flynn\",\"col2\":\"http://byform.com\"}],\"designers\":[{\"col1\":\"Dan Flynn\",\"col2\":\"http://byform.co\"},{\"col1\":\"David Smith \",\"col2\":\"http://atelier.ie\"}],\"developers\":[{\"col1\":\"Archive Studio\",\"col2\":\"http://archive.studio\"}],\"strategists\":[{\"col1\":\"\",\"col2\":\"\"}],\"discipline\":[\"digital\"]}}},\"18\":[\"18\"],\"15\":{\"27\":{\"type\":\"2\",\"fields\":{\"picture\":[\"24\"],\"digital\":true}},\"28\":{\"type\":\"2\",\"fields\":{\"picture\":[\"25\"],\"digital\":true}},\"29\":{\"type\":\"2\",\"fields\":{\"picture\":[\"19\"],\"digital\":true}},\"30\":{\"type\":\"2\",\"fields\":{\"picture\":[\"21\"],\"digital\":true}},\"31\":{\"type\":\"2\",\"fields\":{\"picture\":[\"23\"],\"digital\":true}},\"32\":{\"type\":\"2\",\"fields\":{\"picture\":[\"26\"],\"digital\":true}}},\"13\":\"http://a-g-i.org\"}}','2018-10-21 03:47:41','2018-10-21 03:47:41','0dbd1267-966f-4102-818e-4e7e5cb642ac'),
	(36,15,2,1,1,5,'','{\"typeId\":\"2\",\"authorId\":\"1\",\"title\":\"Osko\",\"slug\":\"osko\",\"postDate\":1540009920,\"expiryDate\":null,\"enabled\":true,\"newParentId\":null,\"fields\":{\"1\":\"<p>Several years in the making and involving contribution from every major financial institution, Osko brings instant payments to all of Australia.</p><p>Osko brings 24/7 nationwide payments to Australia, all in under 60 seconds. Other features include 280 character payment descriptions, PayID, the ability to request money and the option of adding attachments. Osko is set to become synonymous with these features as Australia beings to see the Osko marque appear in apps, statements and transaction records.</p>\",\"2\":{\"16\":{\"type\":\"1\",\"fields\":{\"projectYear\":\"2018\",\"projectOwner\":\"maud\",\"projectType\":[\"identity\"],\"projectCollaborators\":null,\"designers\":[{\"col1\":\"Dan Flynn\",\"col2\":\"http://byform.co\"},{\"col1\":\"Sam Turner\",\"col2\":\"https://studiolathe.com\"}],\"developers\":null,\"strategists\":null,\"discipline\":[\"identity\",\"motion\",\"strategy\"]}}},\"18\":[\"39\"],\"15\":{\"17\":{\"type\":\"2\",\"fields\":{\"picture\":[\"34\"],\"digital\":false}},\"40\":{\"type\":\"2\",\"fields\":{\"picture\":[\"35\"],\"digital\":false}},\"41\":{\"type\":\"2\",\"fields\":{\"picture\":[\"37\"],\"digital\":false}},\"42\":{\"type\":\"2\",\"fields\":{\"picture\":[\"45\"],\"digital\":false}},\"43\":{\"type\":\"2\",\"fields\":{\"picture\":[\"44\"],\"digital\":false}}},\"13\":\"http://osko.com.au\"}}','2018-10-21 03:48:49','2018-10-21 03:48:49','0718fbf2-6fb6-4d50-850f-743f1f754af6'),
	(37,15,2,1,1,6,'','{\"typeId\":\"2\",\"authorId\":\"1\",\"title\":\"Osko\",\"slug\":\"osko\",\"postDate\":1540009920,\"expiryDate\":null,\"enabled\":true,\"newParentId\":null,\"fields\":{\"1\":\"<p>Several years in the making and involving contribution from every major financial institution, Osko brings instant payments to all of Australia.</p><p>Osko brings 24/7 nationwide payments to Australia, all in under 60 seconds. Other features include 280 character payment descriptions, PayID, the ability to request money and the option of adding attachments. Osko is set to become synonymous with these features as Australia beings to see the Osko marque appear in apps, statements and transaction records.</p>\",\"2\":{\"16\":{\"type\":\"1\",\"fields\":{\"projectYear\":\"2018\",\"projectOwner\":\"maud\",\"projectType\":[\"identity\"],\"projectCollaborators\":[{\"col1\":\"Maud\",\"col2\":\"http://maud.com.au\"}],\"designers\":[{\"col1\":\"Dan Flynn\",\"col2\":\"http://byform.co\"},{\"col1\":\"Sam Turner\",\"col2\":\"https://studiolathe.com\"}],\"developers\":null,\"strategists\":null,\"discipline\":[\"identity\",\"motion\",\"strategy\"]}}},\"18\":[\"39\"],\"15\":{\"17\":{\"type\":\"2\",\"fields\":{\"picture\":[\"34\"],\"digital\":false}},\"40\":{\"type\":\"2\",\"fields\":{\"picture\":[\"35\"],\"digital\":false}},\"41\":{\"type\":\"2\",\"fields\":{\"picture\":[\"37\"],\"digital\":false}},\"42\":{\"type\":\"2\",\"fields\":{\"picture\":[\"45\"],\"digital\":false}},\"43\":{\"type\":\"2\",\"fields\":{\"picture\":[\"44\"],\"digital\":false}}},\"13\":\"http://osko.com.au\"}}','2018-10-21 03:56:40','2018-10-21 03:56:40','38e85f58-df72-4499-81ae-d85b6191c0fd'),
	(38,15,2,1,1,7,'','{\"typeId\":\"2\",\"authorId\":\"1\",\"title\":\"Osko\",\"slug\":\"osko\",\"postDate\":1540009920,\"expiryDate\":null,\"enabled\":true,\"newParentId\":null,\"fields\":{\"1\":\"<p>Several years in the making and involving contribution from every major financial institution, Osko brings instant payments to all of Australia.</p><p>Osko brings 24/7 nationwide payments to Australia, all in under 60 seconds. Other features include 280 character payment descriptions, PayID, the ability to request money and the option of adding attachments. Osko is set to become synonymous with these features as Australia beings to see the Osko marque appear in apps, statements and transaction records.</p>\",\"2\":{\"16\":{\"type\":\"1\",\"fields\":{\"projectYear\":\"2018\",\"projectOwner\":\"maud\",\"projectType\":[\"identity\"],\"projectCollaborators\":null,\"designers\":[{\"col1\":\"Dan Flynn\",\"col2\":\"http://byform.co\"},{\"col1\":\"Sam Turner\",\"col2\":\"https://studiolathe.com\"}],\"developers\":null,\"strategists\":null,\"discipline\":[\"identity\",\"motion\",\"strategy\"]}}},\"18\":[\"39\"],\"15\":{\"17\":{\"type\":\"2\",\"fields\":{\"picture\":[\"34\"],\"digital\":false}},\"40\":{\"type\":\"2\",\"fields\":{\"picture\":[\"35\"],\"digital\":false}},\"41\":{\"type\":\"2\",\"fields\":{\"picture\":[\"37\"],\"digital\":false}},\"42\":{\"type\":\"2\",\"fields\":{\"picture\":[\"45\"],\"digital\":false}},\"43\":{\"type\":\"2\",\"fields\":{\"picture\":[\"44\"],\"digital\":false}}},\"13\":\"http://osko.com.au\"}}','2018-10-21 03:59:44','2018-10-21 03:59:44','d99b9a61-010c-4eee-8b4d-17bf2132df3d'),
	(39,12,2,1,1,3,'','{\"typeId\":\"2\",\"authorId\":\"1\",\"title\":\"Adam Clarke Colour\",\"slug\":\"adam-clarke-colour\",\"postDate\":1539500700,\"expiryDate\":null,\"enabled\":true,\"newParentId\":null,\"fields\":{\"1\":\"<p>Adam Clarke Colour</p>\",\"2\":{\"13\":{\"type\":\"1\",\"fields\":{\"projectYear\":\"2018\",\"projectOwner\":\"form\",\"projectType\":[\"identity\",\"portfolio\"],\"projectCollaborators\":[{\"col1\":\"\",\"col2\":\"\"}],\"designers\":[{\"col1\":\"Form\",\"col2\":\"\"}],\"developers\":[{\"col1\":\"Form\",\"col2\":\"\"}],\"strategists\":[{\"col1\":\"\",\"col2\":\"\"}],\"discipline\":[\"identity\",\"digital\",\"development\"]}}},\"18\":[\"5\"],\"15\":[],\"13\":\"Adamclarkecolour.com\"}}','2018-10-21 04:05:04','2018-10-21 04:05:04','973361e0-bc07-4458-9cde-a180fce4b681'),
	(40,46,2,1,1,1,'','{\"typeId\":\"2\",\"authorId\":\"1\",\"title\":\"ShiftCo\",\"slug\":\"shiftco\",\"postDate\":1540094700,\"expiryDate\":null,\"enabled\":true,\"newParentId\":null,\"fields\":{\"1\":\"<p></p>\",\"2\":{\"47\":{\"type\":\"1\",\"fields\":{\"projectYear\":\"2000\",\"projectOwner\":\"form\",\"projectType\":[\"identity\"],\"projectCollaborators\":[{\"col1\":\"\",\"col2\":\"\"}],\"designers\":[{\"col1\":\"\",\"col2\":\"\"}],\"developers\":[{\"col1\":\"\",\"col2\":\"\"}],\"strategists\":[{\"col1\":\"\",\"col2\":\"\"}],\"discipline\":[]}}},\"18\":[\"5\"],\"15\":[],\"13\":\"http://shiftco.com.au\"}}','2018-10-21 04:05:25','2018-10-21 04:05:25','95b394e0-b6ce-47aa-9250-0639f1e0ee73'),
	(41,46,2,1,1,2,'','{\"typeId\":\"2\",\"authorId\":\"1\",\"title\":\"ShiftCo\",\"slug\":\"shiftco\",\"postDate\":1540094700,\"expiryDate\":null,\"enabled\":true,\"newParentId\":null,\"fields\":{\"1\":\"<p></p>\",\"2\":{\"47\":{\"type\":\"1\",\"fields\":{\"projectYear\":\"2019\",\"projectOwner\":\"form\",\"projectType\":[\"identity\"],\"projectCollaborators\":[{\"col1\":\"\",\"col2\":\"\"}],\"designers\":[{\"col1\":\"\",\"col2\":\"\"}],\"developers\":[{\"col1\":\"\",\"col2\":\"\"}],\"strategists\":[{\"col1\":\"\",\"col2\":\"\"}],\"discipline\":[]}}},\"18\":[\"5\"],\"15\":[],\"13\":\"http://shiftco.com.au\"}}','2018-10-21 04:05:37','2018-10-21 04:05:37','75cd851e-8430-490f-9787-4ccef5f8535e'),
	(42,12,2,1,1,4,'','{\"typeId\":\"2\",\"authorId\":\"1\",\"title\":\"Adam Clarke Colour\",\"slug\":\"adam-clarke-colour\",\"postDate\":1539500700,\"expiryDate\":null,\"enabled\":true,\"newParentId\":null,\"fields\":{\"1\":\"<p>Adam Clarke Colour</p>\",\"2\":{\"13\":{\"type\":\"1\",\"fields\":{\"projectYear\":\"2019\",\"projectOwner\":\"form\",\"projectType\":[\"identity\",\"portfolio\"],\"projectCollaborators\":[{\"col1\":\"\",\"col2\":\"\"}],\"designers\":[{\"col1\":\"Form\",\"col2\":\"\"}],\"developers\":[{\"col1\":\"Form\",\"col2\":\"\"}],\"strategists\":[{\"col1\":\"\",\"col2\":\"\"}],\"discipline\":[\"identity\",\"digital\",\"development\"]}}},\"18\":[\"5\"],\"15\":[],\"13\":\"Adamclarkecolour.com\"}}','2018-10-21 04:05:46','2018-10-21 04:05:46','c55caa72-024f-4a6f-a849-6a0a51942f1a'),
	(43,48,2,1,1,1,'','{\"typeId\":\"2\",\"authorId\":\"1\",\"title\":\"Suncorp\",\"slug\":\"suncorp\",\"postDate\":1540094760,\"expiryDate\":null,\"enabled\":true,\"newParentId\":null,\"fields\":{\"1\":\"<p></p>\",\"2\":{\"49\":{\"type\":\"1\",\"fields\":{\"projectYear\":\"2017\",\"projectOwner\":\"maud\",\"projectType\":[\"identity\"],\"projectCollaborators\":[{\"col1\":\"\",\"col2\":\"\"}],\"designers\":[{\"col1\":\"\",\"col2\":\"\"}],\"developers\":[{\"col1\":\"\",\"col2\":\"\"}],\"strategists\":[{\"col1\":\"\",\"col2\":\"\"}],\"discipline\":[]}}},\"18\":[\"5\"],\"15\":[]}}','2018-10-21 04:06:35','2018-10-21 04:06:35','85333081-e000-41c0-b8a8-833d0cd91a22'),
	(44,50,2,1,1,1,'','{\"typeId\":\"2\",\"authorId\":\"1\",\"title\":\"Foxtel\",\"slug\":\"foxtel\",\"postDate\":1540094760,\"expiryDate\":null,\"enabled\":true,\"newParentId\":null,\"fields\":{\"1\":\"<p></p>\",\"2\":{\"51\":{\"type\":\"1\",\"fields\":{\"projectYear\":\"2018\",\"projectOwner\":\"maud\",\"projectType\":[\"identity\"],\"projectCollaborators\":[{\"col1\":\"\",\"col2\":\"\"}],\"designers\":[{\"col1\":\"\",\"col2\":\"\"}],\"developers\":[{\"col1\":\"\",\"col2\":\"\"}],\"strategists\":[{\"col1\":\"\",\"col2\":\"\"}],\"discipline\":[]}}},\"18\":[],\"15\":[]}}','2018-10-21 04:06:58','2018-10-21 04:06:58','47f71cd9-1dd1-4514-9d4c-e2d987243f49'),
	(45,52,2,1,1,1,'','{\"typeId\":\"2\",\"authorId\":\"1\",\"title\":\"U Bank\",\"slug\":\"u-bank\",\"postDate\":1540094820,\"expiryDate\":null,\"enabled\":true,\"newParentId\":null,\"fields\":{\"1\":\"<p></p>\",\"2\":{\"53\":{\"type\":\"1\",\"fields\":{\"projectYear\":\"2016\",\"projectOwner\":\"maud\",\"projectType\":[\"identity\"],\"projectCollaborators\":[{\"col1\":\"\",\"col2\":\"\"}],\"designers\":[{\"col1\":\"\",\"col2\":\"\"}],\"developers\":[{\"col1\":\"\",\"col2\":\"\"}],\"strategists\":[{\"col1\":\"\",\"col2\":\"\"}],\"discipline\":[]}}},\"18\":[\"5\"],\"15\":[]}}','2018-10-21 04:07:29','2018-10-21 04:07:29','fcf167a4-e233-4e6a-84cf-f9659a097421'),
	(46,54,2,1,1,1,'','{\"typeId\":\"2\",\"authorId\":\"1\",\"title\":\"Australia Post\",\"slug\":\"australia-post\",\"postDate\":1540095120,\"expiryDate\":null,\"enabled\":true,\"newParentId\":null,\"fields\":{\"1\":\"<p></p>\",\"2\":{\"55\":{\"type\":\"1\",\"fields\":{\"projectYear\":\"2019\",\"projectOwner\":\"maud\",\"projectType\":[\"identity\"],\"projectCollaborators\":[{\"col1\":\"\",\"col2\":\"\"}],\"designers\":[{\"col1\":\"\",\"col2\":\"\"}],\"developers\":[{\"col1\":\"\",\"col2\":\"\"}],\"strategists\":[{\"col1\":\"\",\"col2\":\"\"}],\"discipline\":[]}}},\"18\":[\"5\"],\"15\":[]}}','2018-10-21 04:12:12','2018-10-21 04:12:12','f2706de0-a37b-41fd-b916-9fcf4e0bf705'),
	(47,56,2,1,1,1,'','{\"typeId\":\"2\",\"authorId\":\"1\",\"title\":\"Google Zoo\",\"slug\":\"google-zoo\",\"postDate\":1540095300,\"expiryDate\":null,\"enabled\":true,\"newParentId\":null,\"fields\":{\"1\":\"<p></p>\",\"2\":{\"57\":{\"type\":\"1\",\"fields\":{\"projectYear\":\"2016\",\"projectOwner\":\"maud\",\"projectType\":[\"identity\"],\"projectCollaborators\":[{\"col1\":\"\",\"col2\":\"\"}],\"designers\":[{\"col1\":\"\",\"col2\":\"\"}],\"developers\":[{\"col1\":\"\",\"col2\":\"\"}],\"strategists\":[{\"col1\":\"\",\"col2\":\"\"}],\"discipline\":[]}}},\"18\":[\"5\"],\"15\":[]}}','2018-10-21 04:15:26','2018-10-21 04:15:26','de3439c0-d0c5-4287-9fab-310c3a32ac00'),
	(48,58,2,1,1,1,'','{\"typeId\":\"2\",\"authorId\":\"1\",\"title\":\"Google Zoo\",\"slug\":\"google-zoo-1\",\"postDate\":1540095300,\"expiryDate\":null,\"enabled\":true,\"newParentId\":null,\"fields\":{\"1\":\"<p></p>\",\"2\":{\"59\":{\"type\":\"1\",\"fields\":{\"projectYear\":\"2016\",\"projectOwner\":\"maud\",\"projectType\":[\"identity\"],\"projectCollaborators\":[{\"col1\":\"\",\"col2\":\"\"}],\"designers\":[{\"col1\":\"\",\"col2\":\"\"}],\"developers\":[{\"col1\":\"\",\"col2\":\"\"}],\"strategists\":[{\"col1\":\"\",\"col2\":\"\"}],\"discipline\":[]}}},\"18\":[\"5\"],\"15\":[]}}','2018-10-21 04:15:26','2018-10-21 04:15:26','e2ab0983-670c-4647-adfb-532e98c52677'),
	(49,58,2,1,1,2,'','{\"typeId\":\"2\",\"authorId\":\"1\",\"title\":\"Matter\",\"slug\":\"google-zoo-1\",\"postDate\":1540095300,\"expiryDate\":null,\"enabled\":true,\"newParentId\":null,\"fields\":{\"1\":\"<p></p>\",\"2\":{\"59\":{\"type\":\"1\",\"fields\":{\"projectYear\":\"2015\",\"projectOwner\":\"maud\",\"projectType\":[\"identity\"],\"projectCollaborators\":[{\"col1\":\"\",\"col2\":\"\"}],\"designers\":[{\"col1\":\"\",\"col2\":\"\"}],\"developers\":[{\"col1\":\"\",\"col2\":\"\"}],\"strategists\":[{\"col1\":\"\",\"col2\":\"\"}],\"discipline\":[]}}},\"18\":[\"5\"],\"15\":[]}}','2018-10-21 04:15:39','2018-10-21 04:15:39','ddcee73c-c0fa-4179-9db3-be3f54710329'),
	(50,58,2,1,1,3,'','{\"typeId\":\"2\",\"authorId\":\"1\",\"title\":\"Matter\",\"slug\":\"google-zoo-1\",\"postDate\":1540095300,\"expiryDate\":null,\"enabled\":true,\"newParentId\":null,\"fields\":{\"1\":\"<p></p>\",\"2\":{\"59\":{\"type\":\"1\",\"fields\":{\"projectYear\":\"2015\",\"projectOwner\":\"maud\",\"projectType\":[\"identity\"],\"projectCollaborators\":[{\"col1\":\"\",\"col2\":\"\"}],\"designers\":[{\"col1\":\"\",\"col2\":\"\"}],\"developers\":[{\"col1\":\"\",\"col2\":\"\"}],\"strategists\":[{\"col1\":\"\",\"col2\":\"\"}],\"discipline\":[]}}},\"18\":[\"64\"],\"15\":[]}}','2018-10-21 09:59:48','2018-10-21 09:59:48','14be5b8d-6753-4bd8-834c-3513563149ba'),
	(51,56,2,1,1,2,'','{\"typeId\":\"2\",\"authorId\":\"1\",\"title\":\"Google Zoo\",\"slug\":\"google-zoo\",\"postDate\":1540095300,\"expiryDate\":null,\"enabled\":true,\"newParentId\":null,\"fields\":{\"1\":\"<p></p>\",\"2\":{\"57\":{\"type\":\"1\",\"fields\":{\"projectYear\":\"2016\",\"projectOwner\":\"maud\",\"projectType\":[\"identity\"],\"projectCollaborators\":[{\"col1\":\"\",\"col2\":\"\"}],\"designers\":[{\"col1\":\"\",\"col2\":\"\"}],\"developers\":[{\"col1\":\"\",\"col2\":\"\"}],\"strategists\":[{\"col1\":\"\",\"col2\":\"\"}],\"discipline\":[]}}},\"18\":[\"60\"],\"15\":[]}}','2018-10-21 10:00:01','2018-10-21 10:00:01','7da06486-3880-42bf-936c-83b70be55c48'),
	(52,52,2,1,1,2,'','{\"typeId\":\"2\",\"authorId\":\"1\",\"title\":\"U Bank\",\"slug\":\"u-bank\",\"postDate\":1540094820,\"expiryDate\":null,\"enabled\":true,\"newParentId\":null,\"fields\":{\"1\":\"<p></p>\",\"2\":{\"53\":{\"type\":\"1\",\"fields\":{\"projectYear\":\"2016\",\"projectOwner\":\"maud\",\"projectType\":[\"identity\"],\"projectCollaborators\":[{\"col1\":\"\",\"col2\":\"\"}],\"designers\":[{\"col1\":\"\",\"col2\":\"\"}],\"developers\":[{\"col1\":\"\",\"col2\":\"\"}],\"strategists\":[{\"col1\":\"\",\"col2\":\"\"}],\"discipline\":[]}}},\"18\":[\"61\"],\"15\":[]}}','2018-10-21 10:00:50','2018-10-21 10:00:50','50f1e386-fab5-4f29-b805-3a0473cc5098'),
	(53,15,2,1,1,8,'','{\"typeId\":\"2\",\"authorId\":\"1\",\"title\":\"Osko\",\"slug\":\"osko\",\"postDate\":1540009920,\"expiryDate\":null,\"enabled\":true,\"newParentId\":null,\"fields\":{\"1\":\"<p>Several years in the making and involving contribution from every major financial institution, Osko brings instant payments to all of Australia.</p><p>Osko brings 24/7 nationwide payments to Australia, all in under 60 seconds. Other features include 280 character payment descriptions, PayID, the ability to request money and the option of adding attachments. Osko is set to become synonymous with these features as Australia beings to see the Osko marque appear in apps, statements and transaction records.</p>\",\"2\":{\"16\":{\"type\":\"1\",\"fields\":{\"projectYear\":\"2018\",\"projectOwner\":\"maud\",\"projectType\":[\"identity\"],\"projectCollaborators\":null,\"designers\":[{\"col1\":\"Dan Flynn\",\"col2\":\"http://byform.co\"},{\"col1\":\"Sam Turner\",\"col2\":\"https://studiolathe.com\"}],\"developers\":null,\"strategists\":null,\"discipline\":[\"identity\",\"motion\",\"strategy\"]}}},\"18\":[\"45\"],\"15\":{\"41\":{\"type\":\"2\",\"fields\":{\"picture\":[\"37\"],\"digital\":false}},\"67\":{\"type\":\"2\",\"fields\":{\"picture\":[\"66\"],\"digital\":false}},\"68\":{\"type\":\"2\",\"fields\":{\"picture\":[\"65\"],\"digital\":false}},\"43\":{\"type\":\"2\",\"fields\":{\"picture\":[\"44\"],\"digital\":false}},\"17\":{\"type\":\"2\",\"fields\":{\"picture\":[\"34\"],\"digital\":false}},\"40\":{\"type\":\"2\",\"fields\":{\"picture\":[\"35\"],\"digital\":false}},\"42\":{\"type\":\"2\",\"fields\":{\"picture\":[\"45\"],\"digital\":false}}},\"13\":\"http://osko.com.au\"}}','2018-10-21 10:05:54','2018-10-21 10:05:54','e4b00490-c24d-43a4-9df9-64e67e25bcec'),
	(54,2,1,1,1,8,'','{\"typeId\":\"1\",\"authorId\":null,\"title\":\"Information\",\"slug\":\"information\",\"postDate\":1539493320,\"expiryDate\":null,\"enabled\":true,\"newParentId\":null,\"fields\":{\"22\":\"<p>Dan Flynn was born in Cork, Ireland and studied Visual Communication at IADT, Dublin (BA Hons, First Class). Upon graduating Dan spent time working at three renowned Irish studios Atelier, Detail and Zero-G, before moving to London to begin a four-year stint at internationally acclaimed studio Spin.</p><p>Under the mentorship of Tony Brook, Dan worked in an elite team on a diverse range of projects, earning a nomination for Designs of the Year, 2012 at the Design Museum, London.</p><p>In late 2014 Dan emigrated to Australia. Here joined Maud, Sydney in 2015 to begin work on a number of high profile jobs. As Creative Director from 201518, Dan lead some of the countries most complex identity projects for clients including UBank, BPay, Suncorp, Google and Australia Post. During this time Dan also helped establish a second office in Melbourne before starting a freelance practice in 2019.</p><p>Dan now provides design, development, strategy and consultancy services for cultural and commercial clients and has recently completed projects for the Alliance Graphique Internationale and Melbourne based start-up ShiftCo.</p>\",\"25\":{\"10\":{\"type\":\"3\",\"fields\":{\"email\":\"dan@byform.co\",\"phone\":\"+61.439.849.717\",\"twitter\":\"@function_form\",\"insta\":\"@function_form\",\"address\":\"353 Napier Street,\\nFitzroy, Melbourne\\nVIC 3065, Australia\"}}},\"24\":\"To discuss a project, local or remote, get in contact below.\",\"21\":\"<h2>Dan\'s works spans both cultural and commercial clients, from large design institutions to tiny start-ups and he is available, on a project basis, to help lead or support design teams remotely, in-house or in-studio.</h2>\"}}','2018-10-21 10:13:13','2018-10-21 10:13:13','88b849b2-da7d-426e-8c18-07673ff69737'),
	(55,2,1,1,1,9,'','{\"typeId\":\"1\",\"authorId\":null,\"title\":\"Information\",\"slug\":\"information\",\"postDate\":1539493320,\"expiryDate\":null,\"enabled\":true,\"newParentId\":null,\"fields\":{\"22\":\"<p>Dan Flynn was born in Cork, Ireland and studied Visual Communication at IADT, Dublin (BA Hons, First Class). Upon graduating Dan spent time working at three renowned Irish studios Atelier, Detail and Zero-G, before moving to London to begin a four-year stint at internationally acclaimed studio Spin.</p><p>Under the mentorship of Tony Brook, Dan worked in an elite team on a diverse range of projects, earning a nomination for Designs of the Year, 2012 at the Design Museum, London.</p><p>In late 2014 Dan emigrated to Australia. Here joined Maud, Sydney in 2015 to begin work on a number of high profile jobs. As Creative Director from 201518, Dan lead some of the countries most complex identity projects for clients including UBank, BPay, Suncorp, Google and Australia Post. During this time Dan also helped establish a second office in Melbourne before starting a freelance practice in 2019.</p><p>Dan now provides design, development, strategy and consultancy services for cultural and commercial clients and has recently completed projects for the Alliance Graphique Internationale and Melbourne based start-up ShiftCo.</p>\",\"25\":{\"10\":{\"type\":\"3\",\"fields\":{\"email\":\"dan@byform.co\",\"phone\":\"+61.439.849.717\",\"twitter\":\"@function_form\",\"insta\":\"@function_form\",\"address\":\"353 Napier Street,\\nFitzroy, Melbourne\\nVIC 3065, Australia\"}}},\"24\":\"To discuss a project, local or remote, get in contact below.\",\"21\":\"<h2>Dan<strong></strong>s works spans both cultural and commercial clients, from large design institutions to tiny start-ups and he is available, on a project basis, to help lead or support design teams remotely, in-house or in-studio.</h2>\"}}','2018-10-21 10:19:00','2018-10-21 10:19:00','b8072844-4182-43d2-b4dd-1e44d97fc2e7'),
	(56,2,1,1,1,10,'','{\"typeId\":\"1\",\"authorId\":null,\"title\":\"Information\",\"slug\":\"information\",\"postDate\":1539493320,\"expiryDate\":null,\"enabled\":true,\"newParentId\":null,\"fields\":{\"22\":\"<p>Dan Flynn was born in Cork, Ireland and studied Visual Communication at IADT, Dublin (BA Hons, First Class). Upon graduating Dan spent time working at three renowned Irish studios Atelier, Detail and Zero-G, before moving to London to begin a four-year stint at internationally acclaimed studio Spin.</p><p>Under the mentorship of Tony Brook, Dan worked in an elite team on a diverse range of projects, earning a nomination for Designs of the Year, 2012 at the Design Museum, London.</p><p>In late 2014 Dan emigrated to Australia. Here joined Maud, Sydney in 2015 to begin work on a number of high profile jobs. As Creative Director from 201518, Dan lead some of the countries most complex identity projects for clients including UBank, BPay, Suncorp, Google and Australia Post. During this time Dan also helped establish a second office in Melbourne before starting a freelance practice in 2019.</p><p>Dan now provides design, development, strategy and consultancy services for cultural and commercial clients and has recently completed projects for the Alliance Graphique Internationale and Melbourne based start-up ShiftCo.</p>\",\"25\":{\"10\":{\"type\":\"3\",\"fields\":{\"email\":\"dan@byform.co\",\"phone\":\"+61.439.849.717\",\"twitter\":\"@function_form\",\"insta\":\"@function_form\",\"address\":\"353 Napier Street,\\nFitzroy, Melbourne\\nVIC 3065, Australia\"}}},\"24\":\"To discuss a project, local or remote, get in contact below.\",\"21\":\"<h2>Dan<strong></strong>s works spans both cultural and commercial sectors, from large design institutions to tiny start-ups and he is available, on a project basis, to help lead or support design teams remotely, in-house or in-studio.</h2>\"}}','2018-10-21 10:24:06','2018-10-21 10:24:06','eb02aac7-e00b-49aa-8352-2560a5ab483b'),
	(57,69,2,1,1,1,'','{\"typeId\":\"2\",\"authorId\":\"1\",\"title\":\"Bill Byron wines\",\"slug\":\"bill-byron-wines\",\"postDate\":1541823180,\"expiryDate\":null,\"enabled\":true,\"newParentId\":null,\"fields\":{\"31\":false,\"1\":\"<p>Named after the late William Byron; Bill Byron wines was founded to honour his larger-than-life legacy.</p><p>Their first wine, an organic blend of Shiraz, Cabernet and Merlot, contains hand selected grapes from lots 101, 102 and 105 from their New South Wales [AUS] vineyard; established by Bill Byron himself. Bills legacy and the location of these historic vines lay the foundation for the identity, website and label design; big, bold and without pretension.</p>\",\"2\":{\"70\":{\"type\":\"1\",\"fields\":{\"projectYear\":\"2014\",\"projectOwner\":\"form\",\"projectType\":[\"identity\"],\"projectCollaborators\":[{\"col1\":\"\",\"col2\":\"\"}],\"designers\":[{\"col1\":\"\",\"col2\":\"\"}],\"developers\":[{\"col1\":\"\",\"col2\":\"\"}],\"strategists\":[{\"col1\":\"\",\"col2\":\"\"}],\"discipline\":[]}}},\"18\":[],\"15\":[],\"13\":\"www.billbyronwines.com\"}}','2018-11-10 04:13:16','2018-11-10 04:13:16','75b01514-67b1-4081-bc14-26af2bb91b6f'),
	(58,69,2,1,1,2,'','{\"typeId\":\"2\",\"authorId\":\"1\",\"title\":\"Bill Byron wines\",\"slug\":\"bill-byron-wines\",\"postDate\":1541823180,\"expiryDate\":null,\"enabled\":true,\"newParentId\":null,\"fields\":{\"31\":false,\"1\":\"<p>Named after the late William Byron; Bill Byron wines was founded to honour his larger-than-life legacy.</p><p>Their first wine, an organic blend of Shiraz, Cabernet and Merlot, contains hand selected grapes from lots 101, 102 and 105 from their New South Wales [AUS] vineyard; established by Bill Byron himself. Bills legacy and the location of these historic vines lay the foundation for the identity, website and label design; big, bold and without pretension.</p>\",\"2\":{\"70\":{\"type\":\"1\",\"fields\":{\"projectYear\":\"2014\",\"projectOwner\":\"form\",\"projectType\":[\"identity\"],\"projectCollaborators\":[{\"col1\":\"\",\"col2\":\"\"}],\"designers\":[{\"col1\":\"Dan Flynn\",\"col2\":\"http://byform.co\"},{\"col1\":\"Adam Vella\",\"col2\":\"http://adamvella.com.au\"}],\"developers\":[{\"col1\":\"Sandbox\",\"col2\":\"http://sandboxdigital.com.au/\"}],\"strategists\":[{\"col1\":\"\",\"col2\":\"\"}],\"discipline\":[\"identity\",\"digital\",\"motion\",\"strategy\"]}}},\"18\":[\"6\"],\"15\":[],\"13\":\"www.billbyronwines.com\"}}','2018-11-10 04:14:34','2018-11-10 04:14:34','dac2a15b-0680-411d-871d-e4543c8f3e98'),
	(59,71,2,1,1,1,'','{\"typeId\":\"2\",\"authorId\":\"1\",\"title\":\"M&M\",\"slug\":\"m-m\",\"postDate\":1541823420,\"expiryDate\":null,\"enabled\":true,\"newParentId\":null,\"fields\":{\"31\":false,\"1\":\"<p>Every December the Monkeys and Maud host a festive lunch, to celebrate the years successes.</p><p>This year, in place of a traditional invitation,we created a series of unique screen-printed posters. With 10+ \\\"M\\\" designs, 8 paper stocks, and 4 colour variations we created a wide variety of designs, ensuring no two people received the same design.</p>\",\"2\":{\"72\":{\"type\":\"1\",\"fields\":{\"projectYear\":\"2014\",\"projectOwner\":\"form\",\"projectType\":[\"identity\"],\"projectCollaborators\":[{\"col1\":\"\",\"col2\":\"\"}],\"designers\":[{\"col1\":\"Dan Flynn\",\"col2\":\"www.byform.co\"}],\"developers\":[{\"col1\":\"\",\"col2\":\"\"}],\"strategists\":[{\"col1\":\"\",\"col2\":\"\"}],\"discipline\":[\"identity\"]}}},\"18\":[],\"15\":[]}}','2018-11-10 04:17:18','2018-11-10 04:17:18','c21ada2a-e686-4e10-bdfe-c6a090e29a6f'),
	(60,58,2,1,1,4,'','{\"typeId\":\"2\",\"authorId\":\"1\",\"title\":\"Matter\",\"slug\":\"google-zoo-1\",\"postDate\":1540095300,\"expiryDate\":null,\"enabled\":true,\"newParentId\":null,\"fields\":{\"31\":false,\"1\":\"<p>Matter are out to fix a broken energy market and bring solar to millions of tenants around the world.</p><p>Solar energy is clean energy. Its also cheaper than grid electricity, but for millions of renters solar has been out of reach, until now. Matter givestenants access tocheap, clean energy, and landlords access to a new revenue stream.</p>\",\"2\":{\"59\":{\"type\":\"1\",\"fields\":{\"projectYear\":\"2015\",\"projectOwner\":\"maud\",\"projectType\":[\"identity\",\"product\"],\"projectCollaborators\":[{\"col1\":\"\",\"col2\":\"\"}],\"designers\":[{\"col1\":\"Dan Flynn\",\"col2\":\"http://byform.co/\"},{\"col1\":\"Adam Vella\",\"col2\":\"http://adamvella.com.au/\"}],\"developers\":[{\"col1\":\"Sandbox\",\"col2\":\"http://sandbox.digital/\"}],\"strategists\":[{\"col1\":\"\",\"col2\":\"\"}],\"discipline\":[\"identity\",\"digital\",\"strategy\"]}}},\"18\":[\"64\"],\"15\":[]}}','2018-11-10 04:19:17','2018-11-10 04:19:17','3895191a-8ba8-48da-86cf-9c6435fdcfc0'),
	(61,56,2,1,1,3,'','{\"typeId\":\"2\",\"authorId\":\"1\",\"title\":\"Google Zoo\",\"slug\":\"google-zoo\",\"postDate\":1540095300,\"expiryDate\":null,\"enabled\":true,\"newParentId\":null,\"fields\":{\"31\":false,\"1\":\"<p>Described as a think tank for brands and agencies, the Zoo are Googles somewhat incognito wing of the tech giant.</p><p>Comprised of a global team of technologists, creatives, strategists and producers; Google Zoo explore how creative thinking and technology can combine to create new interaction between brands and consumers. Their analytical yet imaginative process informed a playful yet pragmatic identity design.</p>\",\"2\":{\"57\":{\"type\":\"1\",\"fields\":{\"projectYear\":\"2016\",\"projectOwner\":\"maud\",\"projectType\":[\"identity\"],\"projectCollaborators\":[{\"col1\":\"\",\"col2\":\"\"}],\"designers\":[{\"col1\":\"Dan Flynn\",\"col2\":\"www.byform.co\"}],\"developers\":[{\"col1\":\"\",\"col2\":\"\"}],\"strategists\":[{\"col1\":\"\",\"col2\":\"\"}],\"discipline\":[\"identity\",\"motion\"]}}},\"18\":[\"60\"],\"15\":[]}}','2018-11-10 04:21:22','2018-11-10 04:21:22','3be9b89f-476d-4bce-a3dd-3ee2bac6e517'),
	(62,52,2,1,1,3,'','{\"typeId\":\"2\",\"authorId\":\"1\",\"title\":\"U Bank\",\"slug\":\"u-bank\",\"postDate\":1540094820,\"expiryDate\":null,\"enabled\":true,\"newParentId\":null,\"fields\":{\"31\":false,\"1\":\"<p>Founded in 2007 as Australia\'s first online-only bank, UBANK operate under a less is more ethos</p><p>With no physical branches, a reduced portfolio of products and the lowest interest rates; UBANK operate at a lower cost than traditional banks. By removing unnecessary extras they pass savings directly to customers. This simplified, straight-forward ethos permeates ever facet of the business.No gimmicks, no tricks. Banking as it should be.</p>\",\"2\":{\"53\":{\"type\":\"1\",\"fields\":{\"projectYear\":\"2016\",\"projectOwner\":\"maud\",\"projectType\":[\"identity\"],\"projectCollaborators\":[{\"col1\":\"\",\"col2\":\"\"}],\"designers\":[{\"col1\":\"Dan Flynn\",\"col2\":\"http://byform.co\"},{\"col1\":\"Adam Vella\",\"col2\":\"http://adamvella.com.au\"}],\"developers\":[{\"col1\":\"\",\"col2\":\"\"},{\"col1\":\"\",\"col2\":\"\"}],\"strategists\":[{\"col1\":\"\",\"col2\":\"\"}],\"discipline\":[\"identity\",\"digital\",\"strategy\"]}}},\"18\":[\"61\"],\"15\":[],\"13\":\"www.ubank.com.au\"}}','2018-11-10 04:28:53','2018-11-10 04:28:53','29a20b1b-3564-47a5-bfbd-b3de1068fec6'),
	(63,15,2,1,1,9,'','{\"typeId\":\"2\",\"authorId\":\"1\",\"title\":\"Osko\",\"slug\":\"osko\",\"postDate\":1540009920,\"expiryDate\":null,\"enabled\":true,\"newParentId\":null,\"fields\":{\"31\":false,\"1\":\"<p>Several years in the making and involving contribution from every major financial institution, Osko brings instant payments to all of Australia.</p><p>Osko brings 24/7 nationwide payments to Australia, all in under 60 seconds. Other features include 280 character payment descriptions, PayID, the ability to request money and the option of adding attachments. Osko is set to become synonymous with these features as Australia begins to see Osko appear in apps, statements and transaction records.</p>\",\"2\":{\"16\":{\"type\":\"1\",\"fields\":{\"projectYear\":\"2018\",\"projectOwner\":\"maud\",\"projectType\":[\"identity\"],\"projectCollaborators\":null,\"designers\":[{\"col1\":\"Dan Flynn\",\"col2\":\"http://byform.co\"},{\"col1\":\"Sam Turner\",\"col2\":\"https://studiolathe.com\"}],\"developers\":null,\"strategists\":[{\"col1\":\"Dan Flynn\",\"col2\":\"http://byform.co\"}],\"discipline\":[\"identity\",\"motion\",\"strategy\"]}}},\"18\":[\"45\"],\"15\":{\"41\":{\"type\":\"2\",\"fields\":{\"picture\":[\"37\"],\"digital\":false}},\"67\":{\"type\":\"2\",\"fields\":{\"picture\":[\"66\"],\"digital\":false}},\"68\":{\"type\":\"2\",\"fields\":{\"picture\":[\"65\"],\"digital\":false}},\"43\":{\"type\":\"2\",\"fields\":{\"picture\":[\"44\"],\"digital\":false}},\"17\":{\"type\":\"2\",\"fields\":{\"picture\":[\"34\"],\"digital\":false}},\"40\":{\"type\":\"2\",\"fields\":{\"picture\":[\"35\"],\"digital\":false}},\"42\":{\"type\":\"2\",\"fields\":{\"picture\":[\"45\"],\"digital\":false}}},\"13\":\"http://osko.com.au\"}}','2018-11-10 04:30:21','2018-11-10 04:30:21','cd84d8bd-c2ce-46f7-b478-39a16f955ddb'),
	(64,73,2,1,1,1,'','{\"typeId\":\"2\",\"authorId\":\"1\",\"title\":\"AGI Open\",\"slug\":\"agi-open\",\"postDate\":1541824380,\"expiryDate\":null,\"enabled\":true,\"newParentId\":null,\"fields\":{\"31\":true,\"1\":\"<p>The AGI Open is one of the leading international design conferences. It is a two-day event featuring over 30 of the worlds leading graphic designers  all members of the Alliance Graphique Internationale (AGI).</p><p>The Alliance Graphique Internationale unites the worlds leading graphic designers in a professional gathering of common interest and intent. Membership is by invitation only: to be a member is to be judged a person of influence and importance nationally and internationally by existing members.Founded in 1954, past members have included Cassandre, Josef Mller-Brockmann and Paul Rand. Current members include Wim Crouwel, Massimo Vignelli, Paula Scher and Marian Bantjes.</p><p>Each year AGI Open is held in a different world city and featurestalks, interviews, workshopsand debates.In recent years it has been staged in Porto, Barcelona, Hong Kong,Sao Paula, Seoul and Paris.</p>\",\"2\":{\"74\":{\"type\":\"1\",\"fields\":{\"projectYear\":\"2013\",\"projectOwner\":\"spin\",\"projectType\":[\"identity\"],\"projectCollaborators\":[{\"col1\":\"\",\"col2\":\"\"}],\"designers\":[{\"col1\":\"Dan Flynn\",\"col2\":\"http://byform.co\"},{\"col1\":\"Claudia Klat\",\"col2\":\"http://spin.co.uk\"},{\"col1\":\"Callin Mackintosh\",\"col2\":\"http://www.callinmackintosh.com/\"}],\"developers\":[{\"col1\":\"Archive Studio\",\"col2\":\"http://archive.studio\"}],\"strategists\":[{\"col1\":\"\",\"col2\":\"\"}],\"discipline\":[\"identity\",\"digital\",\"motion\"]}}},\"18\":[\"5\"],\"15\":[],\"13\":\"www.agi-open.com\"}}','2018-11-10 04:33:32','2018-11-10 04:33:32','d252fb83-f25c-4399-b4ec-e4ddd20f6abb'),
	(65,73,2,1,1,2,'','{\"typeId\":\"2\",\"authorId\":\"1\",\"title\":\"AGI Open\",\"slug\":\"agi-open\",\"postDate\":1541824380,\"expiryDate\":null,\"enabled\":true,\"newParentId\":null,\"fields\":{\"31\":true,\"1\":\"<p>The AGI Open is one of the leading international design conferences. It is a two-day event featuring over 30 of the worlds leading graphic designers  all members of the Alliance Graphique Internationale (AGI).</p><p>The Alliance Graphique Internationale unites the worlds leading graphic designers in a professional gathering of common interest and intent. Membership is by invitation only: to be a member is to be judged a person of influence and importance nationally and internationally by existing members.Founded in 1954, past members have included Cassandre, Josef Mller-Brockmann and Paul Rand. Current members include Wim Crouwel, Massimo Vignelli, Paula Scher and Marian Bantjes.</p><p>Each year AGI Open is held in a different world city and featurestalks, interviews, workshopsand debates.In recent years it has been staged in Porto, Barcelona, Hong Kong,Sao Paula, Seoul and Paris.</p>\",\"2\":{\"74\":{\"type\":\"1\",\"fields\":{\"projectYear\":\"2013\",\"projectOwner\":\"spin\",\"projectType\":[\"identity\"],\"projectCollaborators\":[{\"col1\":\"Spin\",\"col2\":\"http://spin.co.uk\"}],\"designers\":[{\"col1\":\"Dan Flynn\",\"col2\":\"http://byform.co\"},{\"col1\":\"Claudia Klat\",\"col2\":\"http://spin.co.uk\"},{\"col1\":\"Callin Mackintosh\",\"col2\":\"http://www.callinmackintosh.com/\"}],\"developers\":[{\"col1\":\"Archive Studio\",\"col2\":\"http://archive.studio\"}],\"strategists\":[{\"col1\":\"\",\"col2\":\"\"}],\"discipline\":[\"identity\",\"digital\",\"motion\"]}}},\"18\":[\"5\"],\"15\":[],\"13\":\"www.agi-open.com\"}}','2018-11-10 04:34:49','2018-11-10 04:34:49','9ca1a6df-0ffd-4781-adc4-ce7e0c60d173'),
	(66,71,2,1,1,2,'','{\"typeId\":\"2\",\"authorId\":\"1\",\"title\":\"M&M\",\"slug\":\"m-m\",\"postDate\":1541823420,\"expiryDate\":null,\"enabled\":true,\"newParentId\":null,\"fields\":{\"31\":false,\"1\":\"<p>Every December the Monkeys and Maud host a festive lunch, to celebrate the years successes.</p><p>This year, in place of a traditional invitation,we created a series of unique screen-printed posters. With 10+ \\\"M\\\" designs, 8 paper stocks, and 4 colour variations we created a wide variety of designs, ensuring no two people received the same design.</p>\",\"2\":{\"72\":{\"type\":\"1\",\"fields\":{\"projectYear\":\"2014\",\"projectOwner\":\"form\",\"projectType\":[\"identity\"],\"projectCollaborators\":[{\"col1\":\"Maud\",\"col2\":\"http://maud.com.au\"}],\"designers\":[{\"col1\":\"Dan Flynn\",\"col2\":\"www.byform.co\"}],\"developers\":[{\"col1\":\"\",\"col2\":\"\"}],\"strategists\":[{\"col1\":\"\",\"col2\":\"\"}],\"discipline\":[\"identity\"]}}},\"18\":[],\"15\":[]}}','2018-11-10 04:36:27','2018-11-10 04:36:27','8204ffc0-99a8-4a6c-b5f0-8b4a08be2ae6'),
	(67,69,2,1,1,3,'','{\"typeId\":\"2\",\"authorId\":\"1\",\"title\":\"Bill Byron wines\",\"slug\":\"bill-byron-wines\",\"postDate\":1541823180,\"expiryDate\":null,\"enabled\":true,\"newParentId\":null,\"fields\":{\"31\":false,\"1\":\"<p>Named after the late William Byron; Bill Byron wines was founded to honour his larger-than-life legacy.</p><p>Their first wine, an organic blend of Shiraz, Cabernet and Merlot, contains hand selected grapes from lots 101, 102 and 105 from their New South Wales [AUS] vineyard; established by Bill Byron himself. Bills legacy and the location of these historic vines lay the foundation for the identity, website and label design; big, bold and without pretension.</p>\",\"2\":{\"70\":{\"type\":\"1\",\"fields\":{\"projectYear\":\"2014\",\"projectOwner\":\"form\",\"projectType\":[\"identity\"],\"projectCollaborators\":[{\"col1\":\"Maud\",\"col2\":\"http://maud.com.au\"}],\"designers\":[{\"col1\":\"Dan Flynn\",\"col2\":\"http://byform.co\"},{\"col1\":\"Adam Vella\",\"col2\":\"http://adamvella.com.au\"}],\"developers\":[{\"col1\":\"Sandbox\",\"col2\":\"http://sandboxdigital.com.au/\"}],\"strategists\":[{\"col1\":\"\",\"col2\":\"\"}],\"discipline\":[\"identity\",\"digital\",\"motion\",\"strategy\"]}}},\"18\":[\"6\"],\"15\":[],\"13\":\"www.billbyronwines.com\"}}','2018-11-10 04:36:35','2018-11-10 04:36:35','fef1df73-5aa6-434a-857e-65d1240db427'),
	(68,58,2,1,1,5,'','{\"typeId\":\"2\",\"authorId\":\"1\",\"title\":\"Matter\",\"slug\":\"google-zoo-1\",\"postDate\":1540095300,\"expiryDate\":null,\"enabled\":true,\"newParentId\":null,\"fields\":{\"31\":false,\"1\":\"<p>Matter are out to fix a broken energy market and bring solar to millions of tenants around the world.</p><p>Solar energy is clean energy. Its also cheaper than grid electricity, but for millions of renters solar has been out of reach, until now. Matter givestenants access tocheap, clean energy, and landlords access to a new revenue stream.</p>\",\"2\":{\"59\":{\"type\":\"1\",\"fields\":{\"projectYear\":\"2015\",\"projectOwner\":\"maud\",\"projectType\":[\"identity\",\"product\"],\"projectCollaborators\":[{\"col1\":\"Maud\",\"col2\":\"http://maud.com.au\"}],\"designers\":[{\"col1\":\"Dan Flynn\",\"col2\":\"http://byform.co/\"},{\"col1\":\"Adam Vella\",\"col2\":\"http://adamvella.com.au/\"}],\"developers\":[{\"col1\":\"Sandbox\",\"col2\":\"http://sandbox.digital/\"}],\"strategists\":[{\"col1\":\"\",\"col2\":\"\"}],\"discipline\":[\"identity\",\"digital\",\"strategy\"]}}},\"18\":[\"64\"],\"15\":[]}}','2018-11-10 04:36:40','2018-11-10 04:36:40','499b80a5-8e3b-40b6-a8b2-7c02a150930a'),
	(69,56,2,1,1,4,'','{\"typeId\":\"2\",\"authorId\":\"1\",\"title\":\"Google Zoo\",\"slug\":\"google-zoo\",\"postDate\":1540095300,\"expiryDate\":null,\"enabled\":true,\"newParentId\":null,\"fields\":{\"31\":false,\"1\":\"<p>Described as a think tank for brands and agencies, the Zoo are Googles somewhat incognito wing of the tech giant.</p><p>Comprised of a global team of technologists, creatives, strategists and producers; Google Zoo explore how creative thinking and technology can combine to create new interaction between brands and consumers. Their analytical yet imaginative process informed a playful yet pragmatic identity design.</p>\",\"2\":{\"57\":{\"type\":\"1\",\"fields\":{\"projectYear\":\"2016\",\"projectOwner\":\"maud\",\"projectType\":[\"identity\"],\"projectCollaborators\":[{\"col1\":\"Maud\",\"col2\":\"http://maud.com.au\"}],\"designers\":[{\"col1\":\"Dan Flynn\",\"col2\":\"www.byform.co\"}],\"developers\":[{\"col1\":\"\",\"col2\":\"\"}],\"strategists\":[{\"col1\":\"\",\"col2\":\"\"}],\"discipline\":[\"identity\",\"motion\"]}}},\"18\":[\"60\"],\"15\":[]}}','2018-11-10 04:36:45','2018-11-10 04:36:45','24e6eab9-3f15-40b3-8c87-5122323645d5'),
	(70,52,2,1,1,4,'','{\"typeId\":\"2\",\"authorId\":\"1\",\"title\":\"U Bank\",\"slug\":\"u-bank\",\"postDate\":1540094820,\"expiryDate\":null,\"enabled\":true,\"newParentId\":null,\"fields\":{\"31\":false,\"1\":\"<p>Founded in 2007 as Australia\'s first online-only bank, UBANK operate under a less is more ethos</p><p>With no physical branches, a reduced portfolio of products and the lowest interest rates; UBANK operate at a lower cost than traditional banks. By removing unnecessary extras they pass savings directly to customers. This simplified, straight-forward ethos permeates ever facet of the business.No gimmicks, no tricks. Banking as it should be.</p>\",\"2\":{\"53\":{\"type\":\"1\",\"fields\":{\"projectYear\":\"2016\",\"projectOwner\":\"maud\",\"projectType\":[\"identity\"],\"projectCollaborators\":[{\"col1\":\"Maud\",\"col2\":\"http://maud.com.au\"}],\"designers\":[{\"col1\":\"Dan Flynn\",\"col2\":\"http://byform.co\"},{\"col1\":\"Adam Vella\",\"col2\":\"http://adamvella.com.au\"}],\"developers\":[{\"col1\":\"\",\"col2\":\"\"},{\"col1\":\"\",\"col2\":\"\"}],\"strategists\":[{\"col1\":\"\",\"col2\":\"\"}],\"discipline\":[\"identity\",\"digital\",\"strategy\"]}}},\"18\":[\"61\"],\"15\":[],\"13\":\"www.ubank.com.au\"}}','2018-11-10 04:36:50','2018-11-10 04:36:50','7a80ee6d-3872-4a31-8213-403287ecd7b4'),
	(71,48,2,1,1,2,'','{\"typeId\":\"2\",\"authorId\":\"1\",\"title\":\"Suncorp\",\"slug\":\"suncorp\",\"postDate\":1540094760,\"expiryDate\":null,\"enabled\":true,\"newParentId\":null,\"fields\":{\"31\":false,\"1\":\"<p>Suncorp specialise in everything moneyfinance, insurance, and banking. Based in Brisbane, Queensland it has grown to be one of the biggest of Australia\'s banks and is also the single largest insurer in the country.</p><p></p><p></p><p></p>\",\"2\":{\"49\":{\"type\":\"1\",\"fields\":{\"projectYear\":\"2017\",\"projectOwner\":\"maud\",\"projectType\":[\"identity\"],\"projectCollaborators\":[{\"col1\":\"Maud\",\"col2\":\"http://maud.com.au\"}],\"designers\":[{\"col1\":\"Dan Flynn\",\"col2\":\"http://byform.co\"},{\"col1\":\"Richard Smalley\",\"col2\":\"http://maud.com.au\"}],\"developers\":[{\"col1\":\"\",\"col2\":\"\"}],\"strategists\":[{\"col1\":\"Paul O\'Connor\",\"col2\":\"http://maud.com.au\"}],\"discipline\":[\"identity\",\"digital\",\"strategy\"]}}},\"18\":[\"5\"],\"15\":[],\"13\":\"www.suncorp.com.au\"}}','2018-11-10 04:42:13','2018-11-10 04:42:13','0c164419-7bd8-4b2b-85a6-f008bacc3391'),
	(72,50,2,1,1,2,'','{\"typeId\":\"2\",\"authorId\":\"1\",\"title\":\"Foxtel\",\"slug\":\"foxtel\",\"postDate\":1540094760,\"expiryDate\":null,\"enabled\":true,\"newParentId\":null,\"fields\":{\"31\":false,\"1\":\"<p></p>\",\"2\":{\"51\":{\"type\":\"1\",\"fields\":{\"projectYear\":\"2018\",\"projectOwner\":\"maud\",\"projectType\":[\"identity\"],\"projectCollaborators\":[{\"col1\":\"Maud\",\"col2\":\"http://www.maud.com.au\"}],\"designers\":[{\"col1\":\"Dan Flynn\",\"col2\":\"www.byform.co\"},{\"col1\":\"Tomas Sabbatucci\",\"col2\":\"http://cargocollective.com/tomassabbatucci\"},{\"col1\":\"Adam Vella\",\"col2\":\"http://adamvella.com.au\"},{\"col1\":\"Tom Fethers\",\"col2\":\"http://www.maud.com.au\"}],\"developers\":[{\"col1\":\"\",\"col2\":\"\"}],\"strategists\":[{\"col1\":\"Paul O\'Connor\",\"col2\":\"https://www.maud.com.au\"}],\"discipline\":[\"identity\",\"digital\",\"motion\",\"strategy\"]}}},\"18\":[],\"15\":[]}}','2018-11-10 04:45:00','2018-11-10 04:45:00','f58892ad-bf5b-44ff-9029-4d3fcb06fcc1'),
	(73,15,2,1,1,10,'','{\"typeId\":\"2\",\"authorId\":\"1\",\"title\":\"Osko\",\"slug\":\"osko\",\"postDate\":1540009920,\"expiryDate\":null,\"enabled\":true,\"newParentId\":null,\"fields\":{\"31\":false,\"1\":\"<p>Several years in the making and involving contribution from every major financial institution, Osko brings instant payments to all of Australia.</p><p>Osko brings 24/7 nationwide payments to Australia, all in under 60 seconds. Other features include 280 character payment descriptions, PayID, the ability to request money and the option of adding attachments. Osko is set to become synonymous with these features as Australia begins to see Osko appear in apps, statements and transaction records.</p>\",\"2\":{\"16\":{\"type\":\"1\",\"fields\":{\"projectYear\":\"2018\",\"projectOwner\":\"maud\",\"projectType\":[\"identity\"],\"projectCollaborators\":[{\"col1\":\"Maud\",\"col2\":\"http://www.maud.com.au\"}],\"designers\":[{\"col1\":\"Dan Flynn\",\"col2\":\"http://byform.co\"},{\"col1\":\"Sam Turner\",\"col2\":\"https://studiolathe.com\"}],\"developers\":null,\"strategists\":[{\"col1\":\"Dan Flynn\",\"col2\":\"http://byform.co\"}],\"discipline\":[\"identity\",\"motion\",\"strategy\"]}}},\"18\":[\"45\"],\"15\":{\"41\":{\"type\":\"2\",\"fields\":{\"picture\":[\"37\"],\"digital\":false}},\"67\":{\"type\":\"2\",\"fields\":{\"picture\":[\"66\"],\"digital\":false}},\"68\":{\"type\":\"2\",\"fields\":{\"picture\":[\"65\"],\"digital\":false}},\"43\":{\"type\":\"2\",\"fields\":{\"picture\":[\"44\"],\"digital\":false}},\"17\":{\"type\":\"2\",\"fields\":{\"picture\":[\"34\"],\"digital\":false}},\"40\":{\"type\":\"2\",\"fields\":{\"picture\":[\"35\"],\"digital\":false}},\"42\":{\"type\":\"2\",\"fields\":{\"picture\":[\"45\"],\"digital\":false}}},\"13\":\"http://osko.com.au\"}}','2018-11-10 04:45:09','2018-11-10 04:45:09','0614b457-1e60-4906-b81a-a49c888793de'),
	(74,12,2,1,1,5,'','{\"typeId\":\"2\",\"authorId\":\"1\",\"title\":\"Adam Clarke Colour\",\"slug\":\"adam-clarke-colour\",\"postDate\":1539500700,\"expiryDate\":null,\"enabled\":true,\"newParentId\":null,\"fields\":{\"31\":false,\"1\":\"<p>Adam Clarke Colour</p>\",\"2\":{\"13\":{\"type\":\"1\",\"fields\":{\"projectYear\":\"2019\",\"projectOwner\":\"form\",\"projectType\":[\"identity\",\"portfolio\"],\"projectCollaborators\":[{\"col1\":\"Form\",\"col2\":\"http://www.byform.co\"}],\"designers\":[{\"col1\":\"Dan Flynn\",\"col2\":\"http://www.byform.co\"}],\"developers\":[{\"col1\":\"Dan Flynn\",\"col2\":\"http://www.byform.co\"}],\"strategists\":[{\"col1\":\"Dan Flynn\",\"col2\":\"http://www.byform.co\"}],\"discipline\":[\"identity\",\"digital\",\"development\",\"strategy\"]}}},\"18\":[\"5\"],\"15\":[],\"13\":\"Adamclarkecolour.com\"}}','2018-11-10 04:45:46','2018-11-10 04:45:46','9f6ebabc-bb49-4b32-bfe1-8941271b1c3f'),
	(75,54,2,1,1,2,'','{\"typeId\":\"2\",\"authorId\":\"1\",\"title\":\"Australia Post\",\"slug\":\"australia-post\",\"postDate\":1540095120,\"expiryDate\":null,\"enabled\":true,\"newParentId\":null,\"fields\":{\"31\":false,\"1\":\"<p>One of the largest rebrand projects the country has ever seen and involving collaboration from scores of people inside and outside of the business, the Australia Post rebrand both respects the long standing history of its identity while also establishing a solid foundation to face the next 30 years.</p><p></p><p></p>\",\"2\":{\"55\":{\"type\":\"1\",\"fields\":{\"projectYear\":\"2019\",\"projectOwner\":\"maud\",\"projectType\":[\"identity\"],\"projectCollaborators\":[{\"col1\":\"Maud\",\"col2\":\"http://maud.com.au\"}],\"designers\":[{\"col1\":\"Owen Cramp\",\"col2\":\"http://owencramp.com/\"},{\"col1\":\"Dan Flynn\",\"col2\":\"http://byform.co\"},{\"col1\":\"Dom Hofstede\",\"col2\":\"http://hofstede.com.au/\"},{\"col1\":\"Tal Levin\",\"col2\":\"http://tallevin.info/\"},{\"col1\":\"Tomas Sabbatucci\",\"col2\":\"http://cargocollective.com/tomassabbatucci\"},{\"col1\":\"Sam Turner\",\"col2\":\"http://studiolathe.com/\"}],\"developers\":[{\"col1\":\"\",\"col2\":\"\"}],\"strategists\":[{\"col1\":\"Georgina Milne\",\"col2\":\"https://au.linkedin.com/in/georginamilne\"},{\"col1\":\"Dan Flynn\",\"col2\":\"http://byform.co\"}],\"discipline\":[\"identity\",\"digital\",\"motion\",\"strategy\"]}}},\"18\":[\"5\"],\"15\":[],\"13\":\"www.auspost.com.au\"}}','2018-11-10 04:52:44','2018-11-10 04:52:44','f363a124-ec95-4f24-9e29-f79716269e54'),
	(76,46,2,1,1,3,'','{\"typeId\":\"2\",\"authorId\":\"1\",\"title\":\"ShiftCo\",\"slug\":\"shiftco\",\"postDate\":1540094700,\"expiryDate\":null,\"enabled\":true,\"newParentId\":null,\"fields\":{\"31\":false,\"1\":\"<p></p>\",\"2\":{\"47\":{\"type\":\"1\",\"fields\":{\"projectYear\":\"2019\",\"projectOwner\":\"form\",\"projectType\":[\"identity\",\"product\"],\"projectCollaborators\":[{\"col1\":\"Form\",\"col2\":\"http://byform.co\"}],\"designers\":[{\"col1\":\"Dan Flynn\",\"col2\":\"http://byform.co\"}],\"developers\":[{\"col1\":\"Dan Flynn\",\"col2\":\"http://byform.co\"}],\"strategists\":[{\"col1\":\"Dan Flynn\",\"col2\":\"http://byform.co\"}],\"discipline\":[\"identity\",\"digital\",\"development\",\"strategy\"]}}},\"18\":[\"5\"],\"15\":[],\"13\":\"http://shiftco.com.au\"}}','2018-11-10 04:53:21','2018-11-10 04:53:21','794903f4-6477-4705-ad17-80d82c468f73'),
	(77,50,2,1,1,3,'','{\"typeId\":\"2\",\"authorId\":\"1\",\"title\":\"Foxtel\",\"slug\":\"foxtel\",\"postDate\":1540094760,\"expiryDate\":null,\"enabled\":true,\"newParentId\":null,\"fields\":{\"31\":false,\"1\":\"<p></p>\",\"2\":{\"51\":{\"type\":\"1\",\"fields\":{\"projectYear\":\"2018\",\"projectOwner\":\"maud\",\"projectType\":[\"identity\"],\"projectCollaborators\":[{\"col1\":\"Maud\",\"col2\":\"http://www.maud.com.au\"}],\"designers\":[{\"col1\":\"Dan Flynn\",\"col2\":\"www.byform.co\"},{\"col1\":\"Tomas Sabbatucci\",\"col2\":\"http://cargocollective.com/tomassabbatucci\"},{\"col1\":\"Adam Vella\",\"col2\":\"http://adamvella.com.au\"},{\"col1\":\"Tom Fethers\",\"col2\":\"http://www.maud.com.au\"}],\"developers\":[{\"col1\":\"\",\"col2\":\"\"}],\"strategists\":[{\"col1\":\"Paul O\'Connor\",\"col2\":\"https://www.maud.com.au\"}],\"discipline\":[\"identity\",\"digital\",\"motion\",\"strategy\"]}}},\"18\":[\"5\"],\"15\":[]}}','2018-11-10 04:53:37','2018-11-10 04:53:37','618523a7-cf3f-451f-b139-ef15741d3bca'),
	(78,71,2,1,1,3,'','{\"typeId\":\"2\",\"authorId\":\"1\",\"title\":\"M&M\",\"slug\":\"m-m\",\"postDate\":1541823420,\"expiryDate\":null,\"enabled\":true,\"newParentId\":null,\"fields\":{\"31\":false,\"1\":\"<p>Every December the Monkeys and Maud host a festive lunch, to celebrate the years successes.</p><p>This year, in place of a traditional invitation,we created a series of unique screen-printed posters. With 10+ \\\"M\\\" designs, 8 paper stocks, and 4 colour variations we created a wide variety of designs, ensuring no two people received the same design.</p>\",\"2\":{\"72\":{\"type\":\"1\",\"fields\":{\"projectYear\":\"2014\",\"projectOwner\":\"form\",\"projectType\":[\"identity\"],\"projectCollaborators\":[{\"col1\":\"Maud\",\"col2\":\"http://maud.com.au\"}],\"designers\":[{\"col1\":\"Dan Flynn\",\"col2\":\"www.byform.co\"}],\"developers\":[{\"col1\":\"\",\"col2\":\"\"}],\"strategists\":[{\"col1\":\"\",\"col2\":\"\"}],\"discipline\":[\"identity\"]}}},\"18\":[\"5\"],\"15\":[]}}','2018-11-10 04:53:48','2018-11-10 04:53:48','ef97e63e-e010-4282-9902-6848066542cb'),
	(79,50,2,1,1,4,'','{\"typeId\":\"2\",\"authorId\":\"1\",\"title\":\"Foxtel\",\"slug\":\"foxtel\",\"postDate\":1540094760,\"expiryDate\":null,\"enabled\":true,\"newParentId\":null,\"fields\":{\"31\":false,\"1\":\"<p></p>\",\"2\":{\"51\":{\"type\":\"1\",\"fields\":{\"projectYear\":\"2018\",\"projectOwner\":\"maud\",\"projectType\":[\"identity\"],\"projectCollaborators\":[{\"col1\":\"Maud\",\"col2\":\"http://www.maud.com.au\"}],\"designers\":[{\"col1\":\"Dan Flynn\",\"col2\":\"www.byform.co\"},{\"col1\":\"Tomas Sabbatucci\",\"col2\":\"http://cargocollective.com/tomassabbatucci\"},{\"col1\":\"Adam Vella\",\"col2\":\"http://adamvella.com.au\"},{\"col1\":\"Tom Fethers\",\"col2\":\"http://www.maud.com.au\"}],\"developers\":[{\"col1\":\"\",\"col2\":\"\"}],\"strategists\":[{\"col1\":\"Paul O\'Connor\",\"col2\":\"https://www.maud.com.au\"}],\"discipline\":[\"identity\",\"digital\",\"motion\",\"strategy\"]}}},\"18\":[],\"15\":[]}}','2018-11-10 05:00:36','2018-11-10 05:00:36','8ccac9d7-0671-495c-bcfd-077f2f7ebe74'),
	(80,75,2,1,1,1,'','{\"typeId\":\"2\",\"authorId\":\"1\",\"title\":\"Wired Magazine\",\"slug\":\"wired-magazine\",\"postDate\":1541826060,\"expiryDate\":null,\"enabled\":true,\"newParentId\":null,\"fields\":{\"31\":true,\"1\":\"<p></p>\",\"2\":{\"76\":{\"type\":\"1\",\"fields\":{\"projectYear\":\"2013\",\"projectOwner\":\"spin\",\"projectType\":[\"identity\"],\"projectCollaborators\":[{\"col1\":\"Spin\",\"col2\":\"http://spin.co.uk\"}],\"designers\":[{\"col1\":\"Dan Flynn\",\"col2\":\"http://byform.co\"}],\"developers\":[{\"col1\":\"\",\"col2\":\"\"}],\"strategists\":[{\"col1\":\"\",\"col2\":\"\"}],\"discipline\":[\"identity\",\"digital\",\"motion\"]}}},\"18\":[\"5\"],\"15\":[]}}','2018-11-10 05:01:27','2018-11-10 05:01:27','8dfab8ec-7323-42c8-849b-32e09b32565f'),
	(81,77,2,1,1,1,'','{\"typeId\":\"2\",\"authorId\":\"1\",\"title\":\"Delfina Foundation\",\"slug\":\"delfina-foundation\",\"postDate\":1541826120,\"expiryDate\":null,\"enabled\":true,\"newParentId\":null,\"fields\":{\"31\":true,\"1\":\"<p>Delfina Foundation is the largest not for profit art foundation in the UK. Founded in 2007 they are dedicated to facilitating artistic exchange and creative practice through residencies, partnerships and public programming.</p><p>Over the last twenty-five years, Delfina has become synonymous with artistic development.The Foundation was established as the successor to Delfina Studio Trustrenowned in the international art world for nurturing and supporting many highly acclaimed artists and more than a dozen Turner Prize nominees.Delfina Foundation is a non-political and non-grant-making foundation.</p>\",\"2\":{\"78\":{\"type\":\"1\",\"fields\":{\"projectYear\":\"2011\",\"projectOwner\":\"spin\",\"projectType\":[\"identity\"],\"projectCollaborators\":[{\"col1\":\"Spin\",\"col2\":\"http://spin.co.uk\"}],\"designers\":[{\"col1\":\"Dan Flynn\",\"col2\":\"http://byform.co\"}],\"developers\":[{\"col1\":\"\",\"col2\":\"\"}],\"strategists\":[{\"col1\":\"\",\"col2\":\"\"}],\"discipline\":[\"identity\",\"digital\"]}}},\"18\":[\"5\"],\"15\":[],\"13\":\"http://delfinafoundation.com/\"}}','2018-11-10 05:02:51','2018-11-10 05:02:51','c163bf03-0265-4b8e-97af-cb21d2bf6621'),
	(82,79,2,1,1,1,'','{\"typeId\":\"2\",\"authorId\":\"1\",\"title\":\"Edmund de Waal\",\"slug\":\"edmund-de-waal\",\"postDate\":1541826180,\"expiryDate\":null,\"enabled\":true,\"newParentId\":null,\"fields\":{\"31\":false,\"1\":\"<p></p>\",\"2\":{\"80\":{\"type\":\"1\",\"fields\":{\"projectYear\":\"2011\",\"projectOwner\":\"spin\",\"projectType\":[\"identity\",\"portfolio\"],\"projectCollaborators\":[{\"col1\":\"Spin\",\"col2\":\"http://spin.co.uk\"}],\"designers\":[{\"col1\":\"Dan Flynn\",\"col2\":\"http://byform.co\"}],\"developers\":[{\"col1\":\"Archive\",\"col2\":\"http://archive.studio\"}],\"strategists\":[{\"col1\":\"\",\"col2\":\"\"}],\"discipline\":[\"identity\",\"digital\"]}}},\"18\":[],\"15\":[]}}','2018-11-10 05:03:41','2018-11-10 05:03:41','b3b8a920-24e2-4f8b-95eb-56e0e8020cb8'),
	(83,81,2,1,1,1,'','{\"typeId\":\"2\",\"authorId\":\"1\",\"title\":\"Okko\",\"slug\":\"okko\",\"postDate\":1541826240,\"expiryDate\":null,\"enabled\":true,\"newParentId\":null,\"fields\":{\"31\":false,\"1\":\"<p></p>\",\"2\":{\"82\":{\"type\":\"1\",\"fields\":{\"projectYear\":\"2012\",\"projectOwner\":\"spin\",\"projectType\":[\"identity\"],\"projectCollaborators\":[{\"col1\":\"Spin\",\"col2\":\"http://spin.co.uk\"}],\"designers\":[{\"col1\":\"Dan Flynn\",\"col2\":\"http://byform.co\"}],\"developers\":[{\"col1\":\"\",\"col2\":\"\"}],\"strategists\":[{\"col1\":\"\",\"col2\":\"\"}],\"discipline\":[\"identity\",\"strategy\"]}}},\"18\":[\"5\"],\"15\":[],\"13\":\"https://okko.tv/\"}}','2018-11-10 05:04:48','2018-11-10 05:04:48','a00ba6da-fbef-40ef-81db-036f63fd2a6d'),
	(84,83,2,1,1,1,'','{\"typeId\":\"2\",\"authorId\":\"1\",\"title\":\"Matthew Hilton\",\"slug\":\"matthew-hilton\",\"postDate\":1541826420,\"expiryDate\":null,\"enabled\":true,\"newParentId\":null,\"fields\":{\"31\":false,\"1\":\"<p>One of Britains most esteemed industrial designers and a Royal Designer for Industry, Matthew\'s furniture is held in the permanent collections of the Victoria &amp; Albert Museum, and the Geffrye Museum, London.</p><p>Working in premium, robust materials including solid hardwood, cast iron, and brass, Hilton creates rigorously functional products that improve with the mark of age. Thinking like a sculptor, Matthew Hilton considers every view of a product equally, allowing for a sense of delight and surprise over the years as the user discovers new details and complexities.Matthew\'s site and identity were nominated for<a href=\\\"https://www.designboom.com/design/designs-of-the-year-2012-shortlist/\\\">Designs of the Year</a>in 2012.</p>\",\"2\":{\"84\":{\"type\":\"1\",\"fields\":{\"projectYear\":\"2000\",\"projectOwner\":\"spin\",\"projectType\":[\"identity\",\"portfolio\"],\"projectCollaborators\":[{\"col1\":\"Spin\",\"col2\":\"http://spin.co.uk\"}],\"designers\":[{\"col1\":\"Dan Flynn\",\"col2\":\"http://byform.co\"},{\"col1\":\"Patrick Eley\",\"col2\":\"https://www.linkedin.com/in/patrick-eley-b7303a32/\"}],\"developers\":[{\"col1\":\"Archive\",\"col2\":\"http://archive.studio\"}],\"strategists\":[{\"col1\":\"\",\"col2\":\"\"}],\"discipline\":[\"identity\"]}}},\"18\":[],\"15\":[],\"13\":\"http://matthewhilton.com/\"}}','2018-11-10 05:08:00','2018-11-10 05:08:00','2ca71167-6f4c-4c9f-9e1e-3675af19c979'),
	(85,83,2,1,1,2,'','{\"typeId\":\"2\",\"authorId\":\"1\",\"title\":\"Matthew Hilton\",\"slug\":\"matthew-hilton\",\"postDate\":1541826420,\"expiryDate\":null,\"enabled\":true,\"newParentId\":null,\"fields\":{\"31\":false,\"1\":\"<p>One of Britains most esteemed industrial designers and a Royal Designer for Industry, Matthew\'s furniture is held in the permanent collections of the Victoria &amp; Albert Museum, and the Geffrye Museum, London.</p><p>Working in premium, robust materials including solid hardwood, cast iron, and brass, Hilton creates rigorously functional products that improve with the mark of age. Thinking like a sculptor, Matthew Hilton considers every view of a product equally, allowing for a sense of delight and surprise over the years as the user discovers new details and complexities.Matthew\'s site and identity were nominated for<a href=\\\"https://www.designboom.com/design/designs-of-the-year-2012-shortlist/\\\">Designs of the Year</a>in 2012.</p>\",\"2\":{\"84\":{\"type\":\"1\",\"fields\":{\"projectYear\":\"2000\",\"projectOwner\":\"spin\",\"projectType\":[\"identity\",\"portfolio\"],\"projectCollaborators\":[{\"col1\":\"Spin\",\"col2\":\"http://spin.co.uk\"}],\"designers\":[{\"col1\":\"Dan Flynn\",\"col2\":\"http://byform.co\"},{\"col1\":\"Patrick Eley\",\"col2\":\"https://www.linkedin.com/in/patrick-eley-b7303a32/\"}],\"developers\":[{\"col1\":\"Archive\",\"col2\":\"http://archive.studio\"}],\"strategists\":[{\"col1\":\"\",\"col2\":\"\"}],\"discipline\":[\"identity\"]}}},\"18\":[\"5\"],\"15\":[],\"13\":\"http://matthewhilton.com/\"}}','2018-11-10 05:08:12','2018-11-10 05:08:12','10dd7149-fd46-4e3c-91c9-741a596829b7'),
	(86,79,2,1,1,2,'','{\"typeId\":\"2\",\"authorId\":\"1\",\"title\":\"Edmund de Waal\",\"slug\":\"edmund-de-waal\",\"postDate\":1541826180,\"expiryDate\":null,\"enabled\":true,\"newParentId\":null,\"fields\":{\"31\":false,\"1\":\"<p></p>\",\"2\":{\"80\":{\"type\":\"1\",\"fields\":{\"projectYear\":\"2011\",\"projectOwner\":\"spin\",\"projectType\":[\"identity\",\"portfolio\"],\"projectCollaborators\":[{\"col1\":\"Spin\",\"col2\":\"http://spin.co.uk\"}],\"designers\":[{\"col1\":\"Dan Flynn\",\"col2\":\"http://byform.co\"}],\"developers\":[{\"col1\":\"Archive\",\"col2\":\"http://archive.studio\"}],\"strategists\":[{\"col1\":\"\",\"col2\":\"\"}],\"discipline\":[\"identity\",\"digital\"]}}},\"18\":[\"5\"],\"15\":[]}}','2018-11-10 05:08:18','2018-11-10 05:08:18','14a458e1-46a7-45f4-9f98-9acddbca065b'),
	(87,83,2,1,1,3,'','{\"typeId\":\"2\",\"authorId\":\"1\",\"title\":\"Matthew Hilton\",\"slug\":\"matthew-hilton\",\"postDate\":1541826420,\"expiryDate\":null,\"enabled\":true,\"newParentId\":null,\"fields\":{\"31\":false,\"1\":\"<p>One of Britains most esteemed industrial designers and a Royal Designer for Industry, Matthew\'s furniture is held in the permanent collections of the Victoria &amp; Albert Museum, and the Geffrye Museum, London.</p><p>Working in premium, robust materials including solid hardwood, cast iron, and brass, Hilton creates rigorously functional products that improve with the mark of age. Thinking like a sculptor, Matthew Hilton considers every view of a product equally, allowing for a sense of delight and surprise over the years as the user discovers new details and complexities.Matthew\'s site and identity were nominated for<a href=\\\"https://www.designboom.com/design/designs-of-the-year-2012-shortlist/\\\">Designs of the Year</a>in 2012.</p>\",\"2\":{\"84\":{\"type\":\"1\",\"fields\":{\"projectYear\":\"2011\",\"projectOwner\":\"spin\",\"projectType\":[\"identity\",\"portfolio\"],\"projectCollaborators\":[{\"col1\":\"Spin\",\"col2\":\"http://spin.co.uk\"}],\"designers\":[{\"col1\":\"Dan Flynn\",\"col2\":\"http://byform.co\"},{\"col1\":\"Patrick Eley\",\"col2\":\"https://www.linkedin.com/in/patrick-eley-b7303a32/\"}],\"developers\":[{\"col1\":\"Archive\",\"col2\":\"http://archive.studio\"}],\"strategists\":[{\"col1\":\"\",\"col2\":\"\"}],\"discipline\":[\"identity\"]}}},\"18\":[\"5\"],\"15\":[],\"13\":\"http://matthewhilton.com/\"}}','2018-11-10 05:08:29','2018-11-10 05:08:29','423dcf3d-d4dd-4c85-9c6d-4fccee5e191b'),
	(88,50,2,1,1,5,'','{\"typeId\":\"2\",\"authorId\":\"1\",\"title\":\"Foxtel\",\"slug\":\"foxtel\",\"postDate\":1540094760,\"expiryDate\":null,\"enabled\":true,\"newParentId\":null,\"fields\":{\"31\":false,\"1\":\"<p></p>\",\"2\":{\"51\":{\"type\":\"1\",\"fields\":{\"projectYear\":\"2018\",\"projectOwner\":\"maud\",\"projectType\":[\"identity\"],\"projectCollaborators\":[{\"col1\":\"Maud\",\"col2\":\"http://www.maud.com.au\"}],\"designers\":[{\"col1\":\"Dan Flynn\",\"col2\":\"www.byform.co\"},{\"col1\":\"Tomas Sabbatucci\",\"col2\":\"http://cargocollective.com/tomassabbatucci\"},{\"col1\":\"Adam Vella\",\"col2\":\"http://adamvella.com.au\"},{\"col1\":\"Tom Fethers\",\"col2\":\"http://www.maud.com.au\"}],\"developers\":[{\"col1\":\"\",\"col2\":\"\"}],\"strategists\":[{\"col1\":\"Paul O\'Connor\",\"col2\":\"https://www.maud.com.au\"}],\"discipline\":[\"identity\",\"digital\",\"motion\",\"strategy\"]}}},\"18\":[\"5\"],\"15\":[]}}','2018-11-10 05:08:40','2018-11-10 05:08:40','c6c2c9b2-a00c-4750-864f-2e2c355547ed'),
	(89,83,2,1,1,4,'','{\"typeId\":\"2\",\"authorId\":\"1\",\"title\":\"Matthew Hilton\",\"slug\":\"matthew-hilton\",\"postDate\":1541826420,\"expiryDate\":null,\"enabled\":true,\"newParentId\":null,\"fields\":{\"31\":false,\"1\":\"<p>One of Britains most esteemed industrial designers and a Royal Designer for Industry, Matthew\'s furniture is held in the permanent collections of the Victoria &amp; Albert Museum, and the Geffrye Museum, London.</p><p>Working in premium, robust materials including solid hardwood, cast iron, and brass, Hilton creates rigorously functional products that improve with the mark of age. Thinking like a sculptor, Matthew Hilton considers every view of a product equally, allowing for a sense of delight and surprise over the years as the user discovers new details and complexities.Matthew\'s site and identity were nominated for<a href=\\\"https://www.designboom.com/design/designs-of-the-year-2012-shortlist/\\\">Designs of the Year</a>in 2012.</p>\",\"2\":{\"84\":{\"type\":\"1\",\"fields\":{\"projectYear\":\"2011\",\"projectOwner\":\"spin\",\"projectType\":[\"identity\",\"portfolio\"],\"projectCollaborators\":[{\"col1\":\"Spin\",\"col2\":\"http://spin.co.uk\"}],\"designers\":[{\"col1\":\"Dan Flynn\",\"col2\":\"http://byform.co\"},{\"col1\":\"Patrick Eley\",\"col2\":\"https://www.linkedin.com/in/patrick-eley-b7303a32/\"}],\"developers\":[{\"col1\":\"Archive\",\"col2\":\"http://archive.studio\"}],\"strategists\":[{\"col1\":\"\",\"col2\":\"\"}],\"discipline\":[\"identity\"]}}},\"18\":[\"5\"],\"15\":[],\"13\":\"http://matthewhilton.com\"}}','2018-11-10 05:09:58','2018-11-10 05:09:58','9de721a4-a639-4593-8a44-0833e9809794'),
	(90,77,2,1,1,2,'','{\"typeId\":\"2\",\"authorId\":\"1\",\"title\":\"Delfina Foundation\",\"slug\":\"delfina-foundation\",\"postDate\":1541826120,\"expiryDate\":null,\"enabled\":true,\"newParentId\":null,\"fields\":{\"31\":true,\"1\":\"<p>Delfina Foundation is the largest not for profit art foundation in the UK. Founded in 2007 they are dedicated to facilitating artistic exchange and creative practice through residencies, partnerships and public programming.</p><p>Over the last twenty-five years, Delfina has become synonymous with artistic development.The Foundation was established as the successor to Delfina Studio Trustrenowned in the international art world for nurturing and supporting many highly acclaimed artists and more than a dozen Turner Prize nominees.Delfina Foundation is a non-political and non-grant-making foundation.</p>\",\"2\":{\"78\":{\"type\":\"1\",\"fields\":{\"projectYear\":\"2011\",\"projectOwner\":\"spin\",\"projectType\":[\"identity\"],\"projectCollaborators\":[{\"col1\":\"Spin\",\"col2\":\"http://spin.co.uk\"}],\"designers\":[{\"col1\":\"Dan Flynn\",\"col2\":\"http://byform.co\"}],\"developers\":null,\"strategists\":[{\"col1\":\"\",\"col2\":\"\"}],\"discipline\":[\"identity\",\"digital\"]}}},\"18\":[\"5\"],\"15\":[],\"13\":\"http://delfinafoundation.com/\"}}','2018-11-10 05:10:34','2018-11-10 05:10:34','971d78c1-51c8-4d51-80ea-e76c9b994077'),
	(91,54,2,1,1,3,'','{\"typeId\":\"2\",\"authorId\":\"1\",\"title\":\"Australia Post\",\"slug\":\"australia-post\",\"postDate\":1540095120,\"expiryDate\":null,\"enabled\":true,\"newParentId\":null,\"fields\":{\"31\":false,\"1\":\"<p>One of the largest rebrand projects the country has ever seen and involving collaboration from scores of people inside and outside of the business, the Australia Post rebrand both respects the long standing history of its identity while also establishing a solid foundation to face the next 30 years.</p><p></p><p></p>\",\"2\":{\"55\":{\"type\":\"1\",\"fields\":{\"projectYear\":\"2019\",\"projectOwner\":\"maud\",\"projectType\":[\"identity\"],\"projectCollaborators\":[{\"col1\":\"Maud\",\"col2\":\"http://maud.com.au\"}],\"designers\":[{\"col1\":\"Owen Cramp\",\"col2\":\"http://owencramp.com/\"},{\"col1\":\"Dan Flynn\",\"col2\":\"http://byform.co\"},{\"col1\":\"Dom Hofstede\",\"col2\":\"http://hofstede.com.au/\"},{\"col1\":\"Tal Levin\",\"col2\":\"http://tallevin.info/\"},{\"col1\":\"Tomas Sabbatucci\",\"col2\":\"http://cargocollective.com/tomassabbatucci\"},{\"col1\":\"Sam Turner\",\"col2\":\"http://studiolathe.com/\"}],\"developers\":null,\"strategists\":[{\"col1\":\"Georgina Milne\",\"col2\":\"https://au.linkedin.com/in/georginamilne\"},{\"col1\":\"Dan Flynn\",\"col2\":\"http://byform.co\"}],\"discipline\":[\"identity\",\"digital\",\"motion\",\"strategy\"]}}},\"18\":[\"5\"],\"15\":[],\"13\":\"www.auspost.com.au\"}}','2018-11-10 05:12:10','2018-11-10 05:12:10','e20456df-31fc-4a3f-952a-12facbd1dee2'),
	(92,50,2,1,1,6,'','{\"typeId\":\"2\",\"authorId\":\"1\",\"title\":\"Foxtel\",\"slug\":\"foxtel\",\"postDate\":1540094760,\"expiryDate\":null,\"enabled\":true,\"newParentId\":null,\"fields\":{\"31\":false,\"1\":\"<p></p>\",\"2\":{\"51\":{\"type\":\"1\",\"fields\":{\"projectYear\":\"2018\",\"projectOwner\":\"maud\",\"projectType\":[\"identity\"],\"projectCollaborators\":[{\"col1\":\"Maud\",\"col2\":\"http://www.maud.com.au\"}],\"designers\":[{\"col1\":\"Dan Flynn\",\"col2\":\"www.byform.co\"},{\"col1\":\"Tomas Sabbatucci\",\"col2\":\"http://cargocollective.com/tomassabbatucci\"},{\"col1\":\"Adam Vella\",\"col2\":\"http://adamvella.com.au\"},{\"col1\":\"Tom Fethers\",\"col2\":\"http://www.maud.com.au\"}],\"developers\":null,\"strategists\":[{\"col1\":\"Paul O\'Connor\",\"col2\":\"https://www.maud.com.au\"}],\"discipline\":[\"identity\",\"digital\",\"motion\",\"strategy\"]}}},\"18\":[\"5\"],\"15\":[]}}','2018-11-10 05:12:19','2018-11-10 05:12:19','26a25056-828b-4af6-ac0c-f78eacd65e27'),
	(93,3,2,1,1,13,'','{\"typeId\":\"2\",\"authorId\":\"1\",\"title\":\"AGI\",\"slug\":\"agi\",\"postDate\":1539496200,\"expiryDate\":null,\"enabled\":true,\"newParentId\":null,\"fields\":{\"31\":false,\"1\":\"<p>The Alliance Graphique Internationale [AGI] was established in 1951 as a means of uniting the worlds leading creative talents in design, advertising, and illustration. Bass, Calvert, Crouwel, Saville, Scherthe AGI is a whos who of design. Membership is prestigious. Prospective members are invited to present work to the jury on the basis of quality and reputation. Members range from single practitioners to partners in global agencies. The first phase of strategic implementation sees the AGI site positioned as a source of design inspiration and education for professionals and students alike.</p>\",\"2\":{\"4\":{\"type\":\"1\",\"fields\":{\"projectYear\":\"2017\",\"projectOwner\":\"form\",\"projectType\":[\"product\"],\"projectCollaborators\":[{\"col1\":\"Atelier David Smith\",\"col2\":\"http://atelier.ie\"},{\"col1\":\"Dan Flynn\",\"col2\":\"http://byform.com\"}],\"designers\":[{\"col1\":\"Dan Flynn\",\"col2\":\"http://byform.co\"},{\"col1\":\"David Smith \",\"col2\":\"http://atelier.ie\"}],\"developers\":[{\"col1\":\"Archive Studio\",\"col2\":\"http://archive.studio\"}],\"strategists\":null,\"discipline\":[\"digital\"]}}},\"18\":[\"18\"],\"15\":{\"27\":{\"type\":\"2\",\"fields\":{\"picture\":[\"24\"],\"digital\":true}},\"28\":{\"type\":\"2\",\"fields\":{\"picture\":[\"25\"],\"digital\":true}},\"29\":{\"type\":\"2\",\"fields\":{\"picture\":[\"19\"],\"digital\":true}},\"30\":{\"type\":\"2\",\"fields\":{\"picture\":[\"21\"],\"digital\":true}},\"31\":{\"type\":\"2\",\"fields\":{\"picture\":[\"23\"],\"digital\":true}},\"32\":{\"type\":\"2\",\"fields\":{\"picture\":[\"26\"],\"digital\":true}}},\"13\":\"http://a-g-i.org\"}}','2018-11-10 05:12:24','2018-11-10 05:12:24','3f2d67ed-822a-48b5-b14d-c61c9ca28c3a'),
	(94,48,2,1,1,3,'','{\"typeId\":\"2\",\"authorId\":\"1\",\"title\":\"Suncorp\",\"slug\":\"suncorp\",\"postDate\":1540094760,\"expiryDate\":null,\"enabled\":true,\"newParentId\":null,\"fields\":{\"31\":false,\"1\":\"<p>Suncorp specialise in everything moneyfinance, insurance, and banking. Based in Brisbane, Queensland it has grown to be one of the biggest of Australia\'s banks and is also the single largest insurer in the country.</p><p></p><p></p><p></p>\",\"2\":{\"49\":{\"type\":\"1\",\"fields\":{\"projectYear\":\"2017\",\"projectOwner\":\"maud\",\"projectType\":[\"identity\"],\"projectCollaborators\":[{\"col1\":\"Maud\",\"col2\":\"http://maud.com.au\"}],\"designers\":[{\"col1\":\"Dan Flynn\",\"col2\":\"http://byform.co\"},{\"col1\":\"Richard Smalley\",\"col2\":\"http://maud.com.au\"}],\"developers\":null,\"strategists\":[{\"col1\":\"Paul O\'Connor\",\"col2\":\"http://maud.com.au\"}],\"discipline\":[\"identity\",\"digital\",\"strategy\"]}}},\"18\":[\"5\"],\"15\":[],\"13\":\"www.suncorp.com.au\"}}','2018-11-10 05:12:28','2018-11-10 05:12:28','c4e064ce-590f-4de5-94a8-ee08fe5dce7a'),
	(95,52,2,1,1,5,'','{\"typeId\":\"2\",\"authorId\":\"1\",\"title\":\"U Bank\",\"slug\":\"u-bank\",\"postDate\":1540094820,\"expiryDate\":null,\"enabled\":true,\"newParentId\":null,\"fields\":{\"31\":false,\"1\":\"<p>Founded in 2007 as Australia\'s first online-only bank, UBANK operate under a less is more ethos</p><p>With no physical branches, a reduced portfolio of products and the lowest interest rates; UBANK operate at a lower cost than traditional banks. By removing unnecessary extras they pass savings directly to customers. This simplified, straight-forward ethos permeates ever facet of the business.No gimmicks, no tricks. Banking as it should be.</p>\",\"2\":{\"53\":{\"type\":\"1\",\"fields\":{\"projectYear\":\"2016\",\"projectOwner\":\"maud\",\"projectType\":[\"identity\"],\"projectCollaborators\":[{\"col1\":\"Maud\",\"col2\":\"http://maud.com.au\"}],\"designers\":[{\"col1\":\"Dan Flynn\",\"col2\":\"http://byform.co\"},{\"col1\":\"Adam Vella\",\"col2\":\"http://adamvella.com.au\"}],\"developers\":null,\"strategists\":[{\"col1\":\"Lisa Aitken\",\"col2\":\"http://maud.com.au\"},{\"col1\":\"Dan Flynn\",\"col2\":\"http://byform.co\"}],\"discipline\":[\"identity\",\"digital\",\"strategy\"]}}},\"18\":[\"61\"],\"15\":[],\"13\":\"www.ubank.com.au\"}}','2018-11-10 05:13:00','2018-11-10 05:13:00','b48da0d2-1362-4e6d-b08a-e9697a4e460b'),
	(96,56,2,1,1,5,'','{\"typeId\":\"2\",\"authorId\":\"1\",\"title\":\"Google Zoo\",\"slug\":\"google-zoo\",\"postDate\":1540095300,\"expiryDate\":null,\"enabled\":true,\"newParentId\":null,\"fields\":{\"31\":false,\"1\":\"<p>Described as a think tank for brands and agencies, the Zoo are Googles somewhat incognito wing of the tech giant.</p><p>Comprised of a global team of technologists, creatives, strategists and producers; Google Zoo explore how creative thinking and technology can combine to create new interaction between brands and consumers. Their analytical yet imaginative process informed a playful yet pragmatic identity design.</p>\",\"2\":{\"57\":{\"type\":\"1\",\"fields\":{\"projectYear\":\"2016\",\"projectOwner\":\"maud\",\"projectType\":[\"identity\"],\"projectCollaborators\":[{\"col1\":\"Maud\",\"col2\":\"http://maud.com.au\"}],\"designers\":[{\"col1\":\"Dan Flynn\",\"col2\":\"www.byform.co\"}],\"developers\":null,\"strategists\":null,\"discipline\":[\"identity\",\"motion\"]}}},\"18\":[\"60\"],\"15\":[]}}','2018-11-10 05:13:07','2018-11-10 05:13:07','a7d0d8dd-d251-4964-b1d4-e7a0bd8a9887'),
	(97,58,2,1,1,6,'','{\"typeId\":\"2\",\"authorId\":\"1\",\"title\":\"Matter\",\"slug\":\"google-zoo-1\",\"postDate\":1540095300,\"expiryDate\":null,\"enabled\":true,\"newParentId\":null,\"fields\":{\"31\":false,\"1\":\"<p>Matter are out to fix a broken energy market and bring solar to millions of tenants around the world.</p><p>Solar energy is clean energy. Its also cheaper than grid electricity, but for millions of renters solar has been out of reach, until now. Matter givestenants access tocheap, clean energy, and landlords access to a new revenue stream.</p>\",\"2\":{\"59\":{\"type\":\"1\",\"fields\":{\"projectYear\":\"2015\",\"projectOwner\":\"maud\",\"projectType\":[\"identity\",\"product\"],\"projectCollaborators\":[{\"col1\":\"Maud\",\"col2\":\"http://maud.com.au\"}],\"designers\":[{\"col1\":\"Dan Flynn\",\"col2\":\"http://byform.co/\"},{\"col1\":\"Adam Vella\",\"col2\":\"http://adamvella.com.au/\"}],\"developers\":[{\"col1\":\"Sandbox\",\"col2\":\"http://sandbox.digital/\"}],\"strategists\":null,\"discipline\":[\"identity\",\"digital\",\"strategy\"]}}},\"18\":[\"64\"],\"15\":[]}}','2018-11-10 05:13:15','2018-11-10 05:13:15','7c1ad25c-2386-4179-ac4b-c650cefe99d6'),
	(98,69,2,1,1,4,'','{\"typeId\":\"2\",\"authorId\":\"1\",\"title\":\"Bill Byron wines\",\"slug\":\"bill-byron-wines\",\"postDate\":1541823180,\"expiryDate\":null,\"enabled\":true,\"newParentId\":null,\"fields\":{\"31\":false,\"1\":\"<p>Named after the late William Byron; Bill Byron wines was founded to honour his larger-than-life legacy.</p><p>Their first wine, an organic blend of Shiraz, Cabernet and Merlot, contains hand selected grapes from lots 101, 102 and 105 from their New South Wales [AUS] vineyard; established by Bill Byron himself. Bills legacy and the location of these historic vines lay the foundation for the identity, website and label design; big, bold and without pretension.</p>\",\"2\":{\"70\":{\"type\":\"1\",\"fields\":{\"projectYear\":\"2014\",\"projectOwner\":\"form\",\"projectType\":[\"identity\"],\"projectCollaborators\":[{\"col1\":\"Maud\",\"col2\":\"http://maud.com.au\"}],\"designers\":[{\"col1\":\"Dan Flynn\",\"col2\":\"http://byform.co\"},{\"col1\":\"Adam Vella\",\"col2\":\"http://adamvella.com.au\"}],\"developers\":[{\"col1\":\"Sandbox\",\"col2\":\"http://sandboxdigital.com.au/\"}],\"strategists\":null,\"discipline\":[\"identity\",\"digital\",\"motion\",\"strategy\"]}}},\"18\":[\"6\"],\"15\":[],\"13\":\"www.billbyronwines.com\"}}','2018-11-10 05:13:21','2018-11-10 05:13:21','b67c6b87-2514-4427-8e58-72743ae599ef'),
	(99,71,2,1,1,4,'','{\"typeId\":\"2\",\"authorId\":\"1\",\"title\":\"M&M\",\"slug\":\"m-m\",\"postDate\":1541823420,\"expiryDate\":null,\"enabled\":true,\"newParentId\":null,\"fields\":{\"31\":false,\"1\":\"<p>Every December the Monkeys and Maud host a festive lunch, to celebrate the years successes.</p><p>This year, in place of a traditional invitation,we created a series of unique screen-printed posters. With 10+ \\\"M\\\" designs, 8 paper stocks, and 4 colour variations we created a wide variety of designs, ensuring no two people received the same design.</p>\",\"2\":{\"72\":{\"type\":\"1\",\"fields\":{\"projectYear\":\"2014\",\"projectOwner\":\"form\",\"projectType\":[\"identity\"],\"projectCollaborators\":[{\"col1\":\"Maud\",\"col2\":\"http://maud.com.au\"}],\"designers\":[{\"col1\":\"Dan Flynn\",\"col2\":\"www.byform.co\"}],\"developers\":null,\"strategists\":null,\"discipline\":[\"identity\"]}}},\"18\":[\"5\"],\"15\":[]}}','2018-11-10 05:13:25','2018-11-10 05:13:25','c3007cd3-18fa-4ed5-b33d-ee7649a912d2'),
	(100,73,2,1,1,3,'','{\"typeId\":\"2\",\"authorId\":\"1\",\"title\":\"AGI Open\",\"slug\":\"agi-open\",\"postDate\":1541824380,\"expiryDate\":null,\"enabled\":true,\"newParentId\":null,\"fields\":{\"31\":true,\"1\":\"<p>The AGI Open is one of the leading international design conferences. It is a two-day event featuring over 30 of the worlds leading graphic designers  all members of the Alliance Graphique Internationale (AGI).</p><p>The Alliance Graphique Internationale unites the worlds leading graphic designers in a professional gathering of common interest and intent. Membership is by invitation only: to be a member is to be judged a person of influence and importance nationally and internationally by existing members.Founded in 1954, past members have included Cassandre, Josef Mller-Brockmann and Paul Rand. Current members include Wim Crouwel, Massimo Vignelli, Paula Scher and Marian Bantjes.</p><p>Each year AGI Open is held in a different world city and featurestalks, interviews, workshopsand debates.In recent years it has been staged in Porto, Barcelona, Hong Kong,Sao Paula, Seoul and Paris.</p>\",\"2\":{\"74\":{\"type\":\"1\",\"fields\":{\"projectYear\":\"2013\",\"projectOwner\":\"spin\",\"projectType\":[\"identity\"],\"projectCollaborators\":[{\"col1\":\"Spin\",\"col2\":\"http://spin.co.uk\"}],\"designers\":[{\"col1\":\"Dan Flynn\",\"col2\":\"http://byform.co\"},{\"col1\":\"Claudia Klat\",\"col2\":\"http://spin.co.uk\"},{\"col1\":\"Callin Mackintosh\",\"col2\":\"http://www.callinmackintosh.com/\"}],\"developers\":[{\"col1\":\"Archive Studio\",\"col2\":\"http://archive.studio\"}],\"strategists\":null,\"discipline\":[\"identity\",\"digital\",\"motion\"]}}},\"18\":[\"5\"],\"15\":[],\"13\":\"www.agi-open.com\"}}','2018-11-10 05:13:30','2018-11-10 05:13:30','c2940f1c-c5df-4168-ab32-fb5e70be135a'),
	(101,75,2,1,1,2,'','{\"typeId\":\"2\",\"authorId\":\"1\",\"title\":\"Wired Magazine\",\"slug\":\"wired-magazine\",\"postDate\":1541826060,\"expiryDate\":null,\"enabled\":true,\"newParentId\":null,\"fields\":{\"31\":true,\"1\":\"<p></p>\",\"2\":{\"76\":{\"type\":\"1\",\"fields\":{\"projectYear\":\"2013\",\"projectOwner\":\"spin\",\"projectType\":[\"identity\"],\"projectCollaborators\":[{\"col1\":\"Spin\",\"col2\":\"http://spin.co.uk\"}],\"designers\":[{\"col1\":\"Dan Flynn\",\"col2\":\"http://byform.co\"}],\"developers\":null,\"strategists\":null,\"discipline\":[\"identity\",\"digital\",\"motion\"]}}},\"18\":[\"5\"],\"15\":[]}}','2018-11-10 05:13:34','2018-11-10 05:13:34','dac0ada4-f056-4177-8990-e0b20d99cb27'),
	(102,81,2,1,1,2,'','{\"typeId\":\"2\",\"authorId\":\"1\",\"title\":\"Okko\",\"slug\":\"okko\",\"postDate\":1541826240,\"expiryDate\":null,\"enabled\":true,\"newParentId\":null,\"fields\":{\"31\":false,\"1\":\"<p></p>\",\"2\":{\"82\":{\"type\":\"1\",\"fields\":{\"projectYear\":\"2012\",\"projectOwner\":\"spin\",\"projectType\":[\"identity\"],\"projectCollaborators\":[{\"col1\":\"Spin\",\"col2\":\"http://spin.co.uk\"}],\"designers\":[{\"col1\":\"Dan Flynn\",\"col2\":\"http://byform.co\"}],\"developers\":null,\"strategists\":null,\"discipline\":[\"identity\",\"strategy\"]}}},\"18\":[\"5\"],\"15\":[],\"13\":\"https://okko.tv/\"}}','2018-11-10 05:13:38','2018-11-10 05:13:38','2d7d4e31-e7f9-4870-8cf1-4c2b35b23ae1'),
	(103,77,2,1,1,3,'','{\"typeId\":\"2\",\"authorId\":\"1\",\"title\":\"Delfina Foundation\",\"slug\":\"delfina-foundation\",\"postDate\":1541826120,\"expiryDate\":null,\"enabled\":true,\"newParentId\":null,\"fields\":{\"31\":true,\"1\":\"<p>Delfina Foundation is the largest not for profit art foundation in the UK. Founded in 2007 they are dedicated to facilitating artistic exchange and creative practice through residencies, partnerships and public programming.</p><p>Over the last twenty-five years, Delfina has become synonymous with artistic development.The Foundation was established as the successor to Delfina Studio Trustrenowned in the international art world for nurturing and supporting many highly acclaimed artists and more than a dozen Turner Prize nominees.Delfina Foundation is a non-political and non-grant-making foundation.</p>\",\"2\":{\"78\":{\"type\":\"1\",\"fields\":{\"projectYear\":\"2011\",\"projectOwner\":\"spin\",\"projectType\":[\"identity\"],\"projectCollaborators\":[{\"col1\":\"Spin\",\"col2\":\"http://spin.co.uk\"}],\"designers\":[{\"col1\":\"Dan Flynn\",\"col2\":\"http://byform.co\"}],\"developers\":null,\"strategists\":null,\"discipline\":[\"identity\",\"digital\"]}}},\"18\":[\"5\"],\"15\":[],\"13\":\"http://delfinafoundation.com/\"}}','2018-11-10 05:13:42','2018-11-10 05:13:42','5dd57d80-1f41-414b-89ab-6ed3e75997c3'),
	(104,79,2,1,1,3,'','{\"typeId\":\"2\",\"authorId\":\"1\",\"title\":\"Edmund de Waal\",\"slug\":\"edmund-de-waal\",\"postDate\":1541826180,\"expiryDate\":null,\"enabled\":true,\"newParentId\":null,\"fields\":{\"31\":false,\"1\":\"<p></p>\",\"2\":{\"80\":{\"type\":\"1\",\"fields\":{\"projectYear\":\"2011\",\"projectOwner\":\"spin\",\"projectType\":[\"identity\",\"portfolio\"],\"projectCollaborators\":[{\"col1\":\"Spin\",\"col2\":\"http://spin.co.uk\"}],\"designers\":[{\"col1\":\"Dan Flynn\",\"col2\":\"http://byform.co\"}],\"developers\":[{\"col1\":\"Archive\",\"col2\":\"http://archive.studio\"}],\"strategists\":null,\"discipline\":[\"identity\",\"digital\"]}}},\"18\":[\"5\"],\"15\":[]}}','2018-11-10 05:13:46','2018-11-10 05:13:46','9c5d5359-7a5b-48fe-a34d-505455b048f2'),
	(105,83,2,1,1,5,'','{\"typeId\":\"2\",\"authorId\":\"1\",\"title\":\"Matthew Hilton\",\"slug\":\"matthew-hilton\",\"postDate\":1541826420,\"expiryDate\":null,\"enabled\":true,\"newParentId\":null,\"fields\":{\"31\":false,\"1\":\"<p>One of Britains most esteemed industrial designers and a Royal Designer for Industry, Matthew\'s furniture is held in the permanent collections of the Victoria &amp; Albert Museum, and the Geffrye Museum, London.</p><p>Working in premium, robust materials including solid hardwood, cast iron, and brass, Hilton creates rigorously functional products that improve with the mark of age. Thinking like a sculptor, Matthew Hilton considers every view of a product equally, allowing for a sense of delight and surprise over the years as the user discovers new details and complexities.Matthew\'s site and identity were nominated for<a href=\\\"https://www.designboom.com/design/designs-of-the-year-2012-shortlist/\\\">Designs of the Year</a>in 2012.</p>\",\"2\":{\"84\":{\"type\":\"1\",\"fields\":{\"projectYear\":\"2011\",\"projectOwner\":\"spin\",\"projectType\":[\"identity\",\"portfolio\"],\"projectCollaborators\":[{\"col1\":\"Spin\",\"col2\":\"http://spin.co.uk\"}],\"designers\":[{\"col1\":\"Dan Flynn\",\"col2\":\"http://byform.co\"},{\"col1\":\"Patrick Eley\",\"col2\":\"https://www.linkedin.com/in/patrick-eley-b7303a32/\"}],\"developers\":[{\"col1\":\"Archive\",\"col2\":\"http://archive.studio\"}],\"strategists\":null,\"discipline\":[\"identity\"]}}},\"18\":[\"5\"],\"15\":[],\"13\":\"http://matthewhilton.com\"}}','2018-11-10 05:13:52','2018-11-10 05:13:52','bfb6c251-042a-46b0-a63f-bf35c72e3f18'),
	(106,50,2,1,1,7,'','{\"typeId\":\"2\",\"authorId\":\"1\",\"title\":\"Foxtel\",\"slug\":\"foxtel\",\"postDate\":1540094760,\"expiryDate\":null,\"enabled\":true,\"newParentId\":null,\"fields\":{\"31\":false,\"1\":\"<p></p>\",\"2\":{\"51\":{\"type\":\"1\",\"fields\":{\"projectYear\":\"2018\",\"projectOwner\":\"maud\",\"projectType\":[\"identity\"],\"projectCollaborators\":[{\"col1\":\"Maud\",\"col2\":\"http://www.maud.com.au\"}],\"designers\":[{\"col1\":\"Dan Flynn\",\"col2\":\"www.byform.co\"},{\"col1\":\"Tomas Sabbatucci\",\"col2\":\"http://cargocollective.com/tomassabbatucci\"},{\"col1\":\"Adam Vella\",\"col2\":\"http://adamvella.com.au\"},{\"col1\":\"Tom Fethers\",\"col2\":\"http://www.maud.com.au\"}],\"developers\":null,\"strategists\":[{\"col1\":\"Lisa Aitken\",\"col2\":\"https://www.maud.com.au\"},{\"col1\":\"Paul O\'Connor\",\"col2\":\"https://www.maud.com.au\"}],\"discipline\":[\"identity\",\"digital\",\"motion\",\"strategy\"]}}},\"18\":[\"5\"],\"15\":[]}}','2018-11-10 05:14:07','2018-11-10 05:14:07','e861486f-c134-4201-af85-ea08898fd9ef'),
	(107,77,2,1,1,4,'','{\"typeId\":\"2\",\"authorId\":\"1\",\"title\":\"Delfina Foundation\",\"slug\":\"delfina-foundation\",\"postDate\":1541826120,\"expiryDate\":null,\"enabled\":true,\"newParentId\":null,\"fields\":{\"31\":true,\"1\":\"<p>Delfina Foundation is the largest not for profit art foundation in the UK. Founded in 2007 they are dedicated to facilitating artistic exchange and creative practice through residencies, partnerships and public programming.</p><p>Over the last twenty-five years, Delfina has become synonymous with artistic development.The Foundation was established as the successor to Delfina Studio Trustrenowned in the international art world for nurturing and supporting many highly acclaimed artists and more than a dozen Turner Prize nominees.Delfina Foundation is a non-political and non-grant-making foundation.</p>\",\"2\":{\"78\":{\"type\":\"1\",\"fields\":{\"projectYear\":\"2011\",\"projectOwner\":\"spin\",\"projectType\":[\"identity\"],\"projectCollaborators\":[{\"col1\":\"Spin\",\"col2\":\"http://spin.co.uk\"}],\"designers\":[{\"col1\":\"Dan Flynn\",\"col2\":\"http://byform.co\"}],\"developers\":null,\"strategists\":null,\"discipline\":[\"identity\",\"digital\"]}}},\"18\":[\"5\"],\"15\":[],\"13\":\"http://delfinafoundation.com\"}}','2018-11-10 05:15:10','2018-11-10 05:15:10','40c5476c-2970-4573-82a1-90fa31d3667b'),
	(108,83,2,1,1,6,'','{\"typeId\":\"2\",\"authorId\":\"1\",\"title\":\"Matthew Hilton\",\"slug\":\"matthew-hilton\",\"postDate\":1541826420,\"expiryDate\":null,\"enabled\":true,\"newParentId\":null,\"fields\":{\"31\":true,\"1\":\"<p>One of Britains most esteemed industrial designers and a Royal Designer for Industry, Matthew\'s furniture is held in the permanent collections of the Victoria &amp; Albert Museum, and the Geffrye Museum, London.</p><p>Working in premium, robust materials including solid hardwood, cast iron, and brass, Hilton creates rigorously functional products that improve with the mark of age. Thinking like a sculptor, Matthew Hilton considers every view of a product equally, allowing for a sense of delight and surprise over the years as the user discovers new details and complexities.Matthew\'s site and identity were nominated for<a href=\\\"https://www.designboom.com/design/designs-of-the-year-2012-shortlist/\\\">Designs of the Year</a>in 2012.</p>\",\"2\":{\"84\":{\"type\":\"1\",\"fields\":{\"projectYear\":\"2011\",\"projectOwner\":\"spin\",\"projectType\":[\"identity\",\"portfolio\"],\"projectCollaborators\":[{\"col1\":\"Spin\",\"col2\":\"http://spin.co.uk\"}],\"designers\":[{\"col1\":\"Dan Flynn\",\"col2\":\"http://byform.co\"},{\"col1\":\"Patrick Eley\",\"col2\":\"https://www.linkedin.com/in/patrick-eley-b7303a32/\"}],\"developers\":[{\"col1\":\"Archive\",\"col2\":\"http://archive.studio\"}],\"strategists\":null,\"discipline\":[\"identity\"]}}},\"18\":[\"5\"],\"15\":[],\"13\":\"http://matthewhilton.com\"}}','2018-11-10 05:57:03','2018-11-10 05:57:03','a643346d-9146-4629-92d8-f55461fc6695'),
	(109,79,2,1,1,4,'','{\"typeId\":\"2\",\"authorId\":\"1\",\"title\":\"Edmund de Waal\",\"slug\":\"edmund-de-waal\",\"postDate\":1541826180,\"expiryDate\":null,\"enabled\":true,\"newParentId\":null,\"fields\":{\"31\":true,\"1\":\"<p></p>\",\"2\":{\"80\":{\"type\":\"1\",\"fields\":{\"projectYear\":\"2011\",\"projectOwner\":\"spin\",\"projectType\":[\"identity\",\"portfolio\"],\"projectCollaborators\":[{\"col1\":\"Spin\",\"col2\":\"http://spin.co.uk\"}],\"designers\":[{\"col1\":\"Dan Flynn\",\"col2\":\"http://byform.co\"}],\"developers\":[{\"col1\":\"Archive\",\"col2\":\"http://archive.studio\"}],\"strategists\":null,\"discipline\":[\"identity\",\"digital\"]}}},\"18\":[\"5\"],\"15\":[]}}','2018-11-10 05:57:07','2018-11-10 05:57:07','efd69a9f-8a0f-45b3-9ea8-8a86fe7fb7ff'),
	(110,81,2,1,1,3,'','{\"typeId\":\"2\",\"authorId\":\"1\",\"title\":\"Okko\",\"slug\":\"okko\",\"postDate\":1541826240,\"expiryDate\":null,\"enabled\":true,\"newParentId\":null,\"fields\":{\"31\":true,\"1\":\"<p></p>\",\"2\":{\"82\":{\"type\":\"1\",\"fields\":{\"projectYear\":\"2012\",\"projectOwner\":\"spin\",\"projectType\":[\"identity\"],\"projectCollaborators\":[{\"col1\":\"Spin\",\"col2\":\"http://spin.co.uk\"}],\"designers\":[{\"col1\":\"Dan Flynn\",\"col2\":\"http://byform.co\"}],\"developers\":null,\"strategists\":null,\"discipline\":[\"identity\",\"strategy\"]}}},\"18\":[\"5\"],\"15\":[],\"13\":\"https://okko.tv/\"}}','2018-11-10 05:57:13','2018-11-10 05:57:13','ed7b1879-2206-4bcb-9086-95760bfa6459'),
	(111,52,2,1,1,6,'','{\"typeId\":\"2\",\"authorId\":\"1\",\"title\":\"U Bank\",\"slug\":\"u-bank\",\"postDate\":1540094820,\"expiryDate\":null,\"enabled\":true,\"newParentId\":null,\"fields\":{\"31\":false,\"1\":\"<p>Founded in 2007 as Australia\'s first online-only bank, UBANK operate under a less is more ethos</p><p>With no physical branches, a reduced portfolio of products and the lowest interest rates; UBANK operate at a lower cost than traditional banks. By removing unnecessary extras they pass savings directly to customers. This simplified, straight-forward ethos permeates ever facet of the business.No gimmicks, no tricks. Banking as it should be.</p>\",\"2\":{\"53\":{\"type\":\"1\",\"fields\":{\"projectYear\":\"2016\",\"projectOwner\":\"maud\",\"projectType\":[\"identity\"],\"projectCollaborators\":[{\"col1\":\"Maud\",\"col2\":\"http://maud.com.au\"}],\"designers\":[{\"col1\":\"Dan Flynn\",\"col2\":\"http://byform.co\"},{\"col1\":\"Adam Vella\",\"col2\":\"http://adamvella.com.au\"}],\"developers\":null,\"strategists\":[{\"col1\":\"Lisa Aitken\",\"col2\":\"http://maud.com.au\"},{\"col1\":\"Dan Flynn\",\"col2\":\"http://byform.co\"}],\"discipline\":[\"identity\",\"digital\",\"strategy\"]}}},\"18\":[\"61\"],\"15\":{\"102\":{\"type\":\"2\",\"fields\":{\"picture\":[\"99\"],\"digital\":false}},\"103\":{\"type\":\"2\",\"fields\":{\"picture\":[\"86\"],\"digital\":false}},\"104\":{\"type\":\"2\",\"fields\":{\"picture\":[\"92\"],\"digital\":false}},\"105\":{\"type\":\"2\",\"fields\":{\"picture\":[\"89\"],\"digital\":false}},\"106\":{\"type\":\"2\",\"fields\":{\"picture\":[\"91\"],\"digital\":false}},\"107\":{\"type\":\"2\",\"fields\":{\"picture\":[\"85\"],\"digital\":false}},\"108\":{\"type\":\"2\",\"fields\":{\"picture\":[\"90\"],\"digital\":false}},\"109\":{\"type\":\"2\",\"fields\":{\"picture\":[\"94\"],\"digital\":false}},\"110\":{\"type\":\"2\",\"fields\":{\"picture\":[\"100\"],\"digital\":true}},\"111\":{\"type\":\"2\",\"fields\":{\"picture\":[\"101\"],\"digital\":true}},\"112\":{\"type\":\"2\",\"fields\":{\"picture\":[\"93\"],\"digital\":false}}},\"13\":\"www.ubank.com.au\"}}','2018-11-10 06:27:18','2018-11-10 06:27:18','a0702ba3-7181-4baa-af1e-5d705db0d13b'),
	(112,52,2,1,1,7,'','{\"typeId\":\"2\",\"authorId\":\"1\",\"title\":\"U Bank\",\"slug\":\"u-bank\",\"postDate\":1540094820,\"expiryDate\":null,\"enabled\":true,\"newParentId\":null,\"fields\":{\"31\":false,\"1\":\"<p>Founded in 2007 as Australia\'s first online-only bank, UBANK operate under a less is more ethos</p><p>With no physical branches, a reduced portfolio of products and the lowest interest rates; UBANK operate at a lower cost than traditional banks. By removing unnecessary extras they pass savings directly to customers. This simplified, straight-forward ethos permeates ever facet of the business.No gimmicks, no tricks. Banking as it should be.</p>\",\"2\":{\"53\":{\"type\":\"1\",\"fields\":{\"projectYear\":\"2016\",\"projectOwner\":\"maud\",\"projectType\":[\"identity\"],\"projectCollaborators\":[{\"col1\":\"Maud\",\"col2\":\"http://maud.com.au\"}],\"designers\":[{\"col1\":\"Dan Flynn\",\"col2\":\"http://byform.co\"},{\"col1\":\"Adam Vella\",\"col2\":\"http://adamvella.com.au\"}],\"developers\":null,\"strategists\":[{\"col1\":\"Lisa Aitken\",\"col2\":\"http://maud.com.au\"},{\"col1\":\"Dan Flynn\",\"col2\":\"http://byform.co\"}],\"discipline\":[\"identity\",\"digital\",\"strategy\"]}}},\"18\":[\"61\"],\"15\":{\"102\":{\"type\":\"2\",\"fields\":{\"picture\":[\"99\"],\"digital\":false}},\"103\":{\"type\":\"2\",\"fields\":{\"picture\":[\"86\"],\"digital\":false}},\"104\":{\"type\":\"2\",\"fields\":{\"picture\":[\"92\"],\"digital\":false}},\"105\":{\"type\":\"2\",\"fields\":{\"picture\":[\"89\"],\"digital\":false}},\"106\":{\"type\":\"2\",\"fields\":{\"picture\":[\"91\"],\"digital\":false}},\"107\":{\"type\":\"2\",\"fields\":{\"picture\":[\"85\"],\"digital\":false}},\"108\":{\"type\":\"2\",\"fields\":{\"picture\":[\"90\"],\"digital\":false}},\"109\":{\"type\":\"2\",\"fields\":{\"picture\":[\"94\"],\"digital\":false}},\"110\":{\"type\":\"2\",\"fields\":{\"picture\":[\"100\"],\"digital\":true}},\"111\":{\"type\":\"2\",\"fields\":{\"picture\":[\"101\"],\"digital\":true}},\"112\":{\"type\":\"2\",\"fields\":{\"picture\":[\"93\"],\"digital\":false}}},\"13\":\"ubank.com.au\"}}','2018-11-10 06:29:36','2018-11-10 06:29:36','3efdcef0-2f3f-432d-aebf-255870f8eee0'),
	(113,52,2,1,1,8,'','{\"typeId\":\"2\",\"authorId\":\"1\",\"title\":\"U Bank\",\"slug\":\"u-bank\",\"postDate\":1540094820,\"expiryDate\":null,\"enabled\":true,\"newParentId\":null,\"fields\":{\"31\":false,\"1\":\"<p>Founded in 2007 as Australia\'s first online-only bank, UBANK operate under a less is more ethos</p><p>With no physical branches, a reduced portfolio of products and the lowest interest rates; UBANK operate at a lower cost than traditional banks. By removing unnecessary extras they pass savings directly to customers. This simplified, straight-forward ethos permeates ever facet of the business.No gimmicks, no tricks. Banking as it should be.</p>\",\"2\":{\"53\":{\"type\":\"1\",\"fields\":{\"projectYear\":\"2016\",\"projectOwner\":\"maud\",\"projectType\":[\"identity\"],\"projectCollaborators\":[{\"col1\":\"Maud\",\"col2\":\"http://maud.com.au\"}],\"designers\":[{\"col1\":\"Dan Flynn\",\"col2\":\"http://byform.co\"},{\"col1\":\"Adam Vella\",\"col2\":\"http://adamvella.com.au\"}],\"developers\":null,\"strategists\":[{\"col1\":\"Lisa Aitken\",\"col2\":\"http://maud.com.au\"},{\"col1\":\"Dan Flynn\",\"col2\":\"http://byform.co\"}],\"discipline\":[\"identity\",\"digital\",\"strategy\"]}}},\"18\":[\"61\"],\"15\":{\"102\":{\"type\":\"2\",\"fields\":{\"picture\":[\"99\"],\"digital\":false}},\"103\":{\"type\":\"2\",\"fields\":{\"picture\":[\"86\"],\"digital\":false}},\"104\":{\"type\":\"2\",\"fields\":{\"picture\":[\"92\"],\"digital\":false}},\"105\":{\"type\":\"2\",\"fields\":{\"picture\":[\"89\"],\"digital\":false}},\"106\":{\"type\":\"2\",\"fields\":{\"picture\":[\"91\"],\"digital\":false}},\"107\":{\"type\":\"2\",\"fields\":{\"picture\":[\"85\"],\"digital\":false}},\"108\":{\"type\":\"2\",\"fields\":{\"picture\":[\"90\"],\"digital\":false}},\"109\":{\"type\":\"2\",\"fields\":{\"picture\":[\"94\"],\"digital\":false}},\"110\":{\"type\":\"2\",\"fields\":{\"picture\":[\"100\"],\"digital\":true}},\"111\":{\"type\":\"2\",\"fields\":{\"picture\":[\"101\"],\"digital\":true}},\"112\":{\"type\":\"2\",\"fields\":{\"picture\":[\"93\"],\"digital\":false}}},\"13\":\"http://ubank.com.au\"}}','2018-11-10 06:30:11','2018-11-10 06:30:11','5a0da33b-743b-4729-82e9-4f244942f391'),
	(114,54,2,1,1,4,'','{\"typeId\":\"2\",\"authorId\":\"1\",\"title\":\"Australia Post\",\"slug\":\"australia-post\",\"postDate\":1540095120,\"expiryDate\":null,\"enabled\":true,\"newParentId\":null,\"fields\":{\"31\":false,\"1\":\"<p>One of the largest rebrand projects the country has ever seen and involving collaboration from scores of people inside and outside of the business, the Australia Post rebrand both respects the long standing history of its identity while also establishing a solid foundation to face the next 30 years.</p><p></p><p></p>\",\"2\":{\"55\":{\"type\":\"1\",\"fields\":{\"projectYear\":\"2019\",\"projectOwner\":\"maud\",\"projectType\":[\"identity\"],\"projectCollaborators\":[{\"col1\":\"Maud\",\"col2\":\"http://maud.com.au\"}],\"designers\":[{\"col1\":\"Owen Cramp\",\"col2\":\"http://owencramp.com/\"},{\"col1\":\"Dan Flynn\",\"col2\":\"http://byform.co\"},{\"col1\":\"Dom Hofstede\",\"col2\":\"http://hofstede.com.au/\"},{\"col1\":\"Tal Levin\",\"col2\":\"http://tallevin.info/\"},{\"col1\":\"Tomas Sabbatucci\",\"col2\":\"http://cargocollective.com/tomassabbatucci\"},{\"col1\":\"Sam Turner\",\"col2\":\"http://studiolathe.com/\"}],\"developers\":null,\"strategists\":[{\"col1\":\"Georgina Milne\",\"col2\":\"https://au.linkedin.com/in/georginamilne\"},{\"col1\":\"Dan Flynn\",\"col2\":\"http://byform.co\"}],\"discipline\":[\"identity\",\"digital\",\"motion\",\"strategy\"]}}},\"18\":[\"113\"],\"15\":[],\"13\":\"http://auspost.com.au\"}}','2018-11-10 06:33:55','2018-11-10 06:33:55','305cffc8-ca55-4261-b51c-b8b0f7a9b0bf'),
	(115,54,2,1,1,5,'','{\"typeId\":\"2\",\"authorId\":\"1\",\"title\":\"Australia Post\",\"slug\":\"australia-post\",\"postDate\":1540095120,\"expiryDate\":null,\"enabled\":true,\"newParentId\":null,\"fields\":{\"31\":false,\"1\":\"<p>One of the largest rebrand projects the country has ever seen and involving collaboration from scores of people inside and outside of the business, the Australia Post rebrand both respects the long standing history of its identity while also establishing a solid foundation to face the next 30 years.</p><p></p><p></p>\",\"2\":{\"55\":{\"type\":\"1\",\"fields\":{\"projectYear\":\"2019\",\"projectOwner\":\"maud\",\"projectType\":[\"identity\"],\"projectCollaborators\":[{\"col1\":\"Maud\",\"col2\":\"http://maud.com.au\"}],\"designers\":[{\"col1\":\"Owen Cramp\",\"col2\":\"http://owencramp.com/\"},{\"col1\":\"Dan Flynn\",\"col2\":\"http://byform.co\"},{\"col1\":\"Dom Hofstede\",\"col2\":\"http://hofstede.com.au/\"},{\"col1\":\"Tal Levin\",\"col2\":\"http://tallevin.info/\"},{\"col1\":\"Tomas Sabbatucci\",\"col2\":\"http://cargocollective.com/tomassabbatucci\"},{\"col1\":\"Sam Turner\",\"col2\":\"http://studiolathe.com/\"}],\"developers\":null,\"strategists\":[{\"col1\":\"Georgina Milne\",\"col2\":\"https://au.linkedin.com/in/georginamilne\"},{\"col1\":\"Dan Flynn\",\"col2\":\"http://byform.co\"}],\"discipline\":[\"identity\",\"digital\",\"motion\",\"strategy\"]}}},\"18\":[\"114\"],\"15\":[],\"13\":\"http://auspost.com.au\"}}','2018-11-10 06:35:35','2018-11-10 06:35:35','b9bef828-f43b-4ec8-810a-869caf0561c3'),
	(116,12,2,1,1,6,'','{\"typeId\":\"2\",\"authorId\":\"1\",\"title\":\"Adam Clarke Colour\",\"slug\":\"adam-clarke-colour\",\"postDate\":1539500700,\"expiryDate\":null,\"enabled\":true,\"newParentId\":null,\"fields\":{\"31\":false,\"1\":\"<p>Adam Clarke Colour</p>\",\"2\":{\"13\":{\"type\":\"1\",\"fields\":{\"projectYear\":\"2019\",\"projectOwner\":\"form\",\"projectType\":[\"identity\",\"portfolio\"],\"projectCollaborators\":[{\"col1\":\"Form\",\"col2\":\"http://www.byform.co\"}],\"designers\":[{\"col1\":\"Dan Flynn\",\"col2\":\"http://www.byform.co\"}],\"developers\":[{\"col1\":\"Dan Flynn\",\"col2\":\"http://www.byform.co\"}],\"strategists\":[{\"col1\":\"Dan Flynn\",\"col2\":\"http://www.byform.co\"}],\"discipline\":[\"identity\",\"digital\",\"development\",\"strategy\"]}}},\"18\":[\"115\"],\"15\":[],\"13\":\"Adamclarkecolour.com\"}}','2018-11-10 06:38:46','2018-11-10 06:38:46','c9cca1f7-384e-49da-a790-58cf1d058098'),
	(117,50,2,1,1,8,'','{\"typeId\":\"2\",\"authorId\":\"1\",\"title\":\"Foxtel\",\"slug\":\"foxtel\",\"postDate\":1540094760,\"expiryDate\":null,\"enabled\":true,\"newParentId\":null,\"fields\":{\"31\":false,\"1\":\"<p></p>\",\"2\":{\"51\":{\"type\":\"1\",\"fields\":{\"projectYear\":\"2018\",\"projectOwner\":\"maud\",\"projectType\":[\"identity\"],\"projectCollaborators\":[{\"col1\":\"Maud\",\"col2\":\"http://www.maud.com.au\"}],\"designers\":[{\"col1\":\"Dan Flynn\",\"col2\":\"www.byform.co\"},{\"col1\":\"Tomas Sabbatucci\",\"col2\":\"http://cargocollective.com/tomassabbatucci\"},{\"col1\":\"Adam Vella\",\"col2\":\"http://adamvella.com.au\"},{\"col1\":\"Tom Fethers\",\"col2\":\"http://www.maud.com.au\"}],\"developers\":null,\"strategists\":[{\"col1\":\"Lisa Aitken\",\"col2\":\"https://www.maud.com.au\"},{\"col1\":\"Paul O\'Connor\",\"col2\":\"https://www.maud.com.au\"}],\"discipline\":[\"identity\",\"digital\",\"motion\",\"strategy\"]}}},\"18\":[\"116\"],\"15\":[]}}','2018-11-10 06:45:25','2018-11-10 06:45:25','c947cd0f-78fc-4a89-8251-bc1519e2cd24'),
	(118,50,2,1,1,9,'','{\"typeId\":\"2\",\"authorId\":\"1\",\"title\":\"Foxtel\",\"slug\":\"foxtel\",\"postDate\":1540094760,\"expiryDate\":null,\"enabled\":true,\"newParentId\":null,\"fields\":{\"31\":false,\"1\":\"<p></p>\",\"2\":{\"51\":{\"type\":\"1\",\"fields\":{\"projectYear\":\"2018\",\"projectOwner\":\"maud\",\"projectType\":[\"identity\"],\"projectCollaborators\":[{\"col1\":\"Maud\",\"col2\":\"http://www.maud.com.au\"}],\"designers\":[{\"col1\":\"Dan Flynn\",\"col2\":\"www.byform.co\"},{\"col1\":\"Tomas Sabbatucci\",\"col2\":\"http://cargocollective.com/tomassabbatucci\"},{\"col1\":\"Adam Vella\",\"col2\":\"http://adamvella.com.au\"},{\"col1\":\"Tom Fethers\",\"col2\":\"http://www.maud.com.au\"}],\"developers\":null,\"strategists\":[{\"col1\":\"Lisa Aitken\",\"col2\":\"https://www.maud.com.au\"},{\"col1\":\"Paul O\'Connor\",\"col2\":\"https://www.maud.com.au\"}],\"discipline\":[\"identity\",\"digital\",\"motion\",\"strategy\"]}}},\"18\":[\"117\"],\"15\":[]}}','2018-11-10 06:46:09','2018-11-10 06:46:09','bc3781e8-919f-4b99-a258-12726df088a3'),
	(119,46,2,1,1,4,'','{\"typeId\":\"2\",\"authorId\":\"1\",\"title\":\"ShiftCo\",\"slug\":\"shiftco\",\"postDate\":1540094700,\"expiryDate\":null,\"enabled\":true,\"newParentId\":null,\"fields\":{\"31\":false,\"1\":\"<p></p>\",\"2\":{\"47\":{\"type\":\"1\",\"fields\":{\"projectYear\":\"2019\",\"projectOwner\":\"form\",\"projectType\":[\"identity\",\"product\"],\"projectCollaborators\":[{\"col1\":\"Form\",\"col2\":\"http://byform.co\"}],\"designers\":[{\"col1\":\"Dan Flynn\",\"col2\":\"http://byform.co\"}],\"developers\":[{\"col1\":\"Dan Flynn\",\"col2\":\"http://byform.co\"}],\"strategists\":[{\"col1\":\"Dan Flynn\",\"col2\":\"http://byform.co\"}],\"discipline\":[\"identity\",\"digital\",\"development\",\"strategy\"]}}},\"18\":[\"120\"],\"15\":{\"121\":{\"type\":\"2\",\"fields\":{\"picture\":[\"119\"],\"digital\":false}}},\"13\":\"http://shiftco.com.au\"}}','2018-11-10 06:58:35','2018-11-10 06:58:35','04ebcc21-8199-4567-8648-f7f522c98f33'),
	(120,48,2,1,1,4,'','{\"typeId\":\"2\",\"authorId\":\"1\",\"title\":\"Suncorp\",\"slug\":\"suncorp\",\"postDate\":1540094760,\"expiryDate\":null,\"enabled\":false,\"newParentId\":null,\"fields\":{\"31\":false,\"1\":\"<p>Suncorp specialise in everything moneyfinance, insurance, and banking. Based in Brisbane, Queensland it has grown to be one of the biggest of Australia\'s banks and is also the single largest insurer in the country.</p><p></p><p></p><p></p>\",\"2\":{\"49\":{\"type\":\"1\",\"fields\":{\"projectYear\":\"2017\",\"projectOwner\":\"maud\",\"projectType\":[\"identity\"],\"projectCollaborators\":[{\"col1\":\"Maud\",\"col2\":\"http://maud.com.au\"}],\"designers\":[{\"col1\":\"Dan Flynn\",\"col2\":\"http://byform.co\"},{\"col1\":\"Richard Smalley\",\"col2\":\"http://maud.com.au\"}],\"developers\":null,\"strategists\":[{\"col1\":\"Paul O\'Connor\",\"col2\":\"http://maud.com.au\"}],\"discipline\":[\"identity\",\"digital\",\"strategy\"]}}},\"18\":[\"5\"],\"15\":[],\"13\":\"www.suncorp.com.au\"}}','2018-11-10 06:59:47','2018-11-10 06:59:47','fbb7c483-065a-4425-b505-e3e49df29cf3'),
	(121,69,2,1,1,5,'','{\"typeId\":\"2\",\"authorId\":\"1\",\"title\":\"Bill Byron wines\",\"slug\":\"bill-byron-wines\",\"postDate\":1541823180,\"expiryDate\":null,\"enabled\":true,\"newParentId\":null,\"fields\":{\"31\":false,\"1\":\"<p>Named after the late William Byron; Bill Byron wines was founded to honour his larger-than-life legacy.</p><p>Their first wine, an organic blend of Shiraz, Cabernet and Merlot, contains hand selected grapes from lots 101, 102 and 105 from their New South Wales [AUS] vineyard; established by Bill Byron himself. Bills legacy and the location of these historic vines lay the foundation for the identity, website and label design; big, bold and without pretension.</p>\",\"2\":{\"70\":{\"type\":\"1\",\"fields\":{\"projectYear\":\"2014\",\"projectOwner\":\"form\",\"projectType\":[\"identity\"],\"projectCollaborators\":[{\"col1\":\"Maud\",\"col2\":\"http://maud.com.au\"}],\"designers\":[{\"col1\":\"Dan Flynn\",\"col2\":\"http://byform.co\"},{\"col1\":\"Adam Vella\",\"col2\":\"http://adamvella.com.au\"}],\"developers\":[{\"col1\":\"Sandbox\",\"col2\":\"http://sandboxdigital.com.au/\"}],\"strategists\":null,\"discipline\":[\"identity\",\"digital\",\"motion\",\"strategy\"]}}},\"18\":[\"122\"],\"15\":{\"138\":{\"type\":\"2\",\"fields\":{\"picture\":[\"128\"],\"digital\":false}},\"139\":{\"type\":\"2\",\"fields\":{\"picture\":[\"129\"],\"digital\":false}},\"140\":{\"type\":\"2\",\"fields\":{\"picture\":[\"126\"],\"digital\":false}},\"141\":{\"type\":\"2\",\"fields\":{\"picture\":[\"131\"],\"digital\":true}},\"142\":{\"type\":\"2\",\"fields\":{\"picture\":[\"135\"],\"digital\":true}},\"143\":{\"type\":\"2\",\"fields\":{\"picture\":[\"123\"],\"digital\":false}},\"144\":{\"type\":\"2\",\"fields\":{\"picture\":[\"132\"],\"digital\":false}},\"145\":{\"type\":\"2\",\"fields\":{\"picture\":[\"134\"],\"digital\":false}},\"146\":{\"type\":\"2\",\"fields\":{\"picture\":[\"133\"],\"digital\":false}},\"147\":{\"type\":\"2\",\"fields\":{\"picture\":[\"137\"],\"digital\":false}}},\"13\":\"www.billbyronwines.com\"}}','2018-11-10 07:06:30','2018-11-10 07:06:30','3b92129b-5d5d-46d9-9d12-3099dbea1dc5'),
	(122,69,2,1,1,6,'','{\"typeId\":\"2\",\"authorId\":\"1\",\"title\":\"Bill Byron wines\",\"slug\":\"bill-byron-wines\",\"postDate\":1541823180,\"expiryDate\":null,\"enabled\":true,\"newParentId\":null,\"fields\":{\"31\":false,\"1\":\"<p>Named after the late William Byron; Bill Byron wines was founded to honour his larger-than-life legacy.</p><p>Their first wine, an organic blend of Shiraz, Cabernet and Merlot, contains hand selected grapes from lots 101, 102 and 105 from their New South Wales [AUS] vineyard; established by Bill Byron himself. Bills legacy and the location of these historic vines lay the foundation for the identity, website and label design; big, bold and without pretension.</p>\",\"2\":{\"70\":{\"type\":\"1\",\"fields\":{\"projectYear\":\"2014\",\"projectOwner\":\"form\",\"projectType\":[\"identity\"],\"projectCollaborators\":[{\"col1\":\"Maud\",\"col2\":\"http://maud.com.au\"}],\"designers\":[{\"col1\":\"Dan Flynn\",\"col2\":\"http://byform.co\"},{\"col1\":\"Adam Vella\",\"col2\":\"http://adamvella.com.au\"}],\"developers\":[{\"col1\":\"Sandbox\",\"col2\":\"http://sandboxdigital.com.au/\"}],\"strategists\":null,\"discipline\":[\"identity\",\"digital\",\"motion\",\"strategy\"]}}},\"18\":[\"128\"],\"15\":{\"139\":{\"type\":\"2\",\"fields\":{\"picture\":[\"129\"],\"digital\":false}},\"140\":{\"type\":\"2\",\"fields\":{\"picture\":[\"126\"],\"digital\":false}},\"141\":{\"type\":\"2\",\"fields\":{\"picture\":[\"131\"],\"digital\":true}},\"142\":{\"type\":\"2\",\"fields\":{\"picture\":[\"135\"],\"digital\":true}},\"143\":{\"type\":\"2\",\"fields\":{\"picture\":[\"123\"],\"digital\":false}},\"144\":{\"type\":\"2\",\"fields\":{\"picture\":[\"132\"],\"digital\":false}},\"145\":{\"type\":\"2\",\"fields\":{\"picture\":[\"134\"],\"digital\":false}},\"146\":{\"type\":\"2\",\"fields\":{\"picture\":[\"133\"],\"digital\":false}},\"147\":{\"type\":\"2\",\"fields\":{\"picture\":[\"137\"],\"digital\":false}}},\"13\":\"www.billbyronwines.com\"}}','2018-11-10 07:07:34','2018-11-10 07:07:34','2c9f7513-e52e-423d-8b44-f757cc07a466'),
	(123,71,2,1,1,5,'','{\"typeId\":\"2\",\"authorId\":\"1\",\"title\":\"M&M\",\"slug\":\"m-m\",\"postDate\":1541823420,\"expiryDate\":null,\"enabled\":true,\"newParentId\":null,\"fields\":{\"31\":false,\"1\":\"<p>Every December the Monkeys and Maud host a festive lunch, to celebrate the years successes.</p><p>This year, in place of a traditional invitation,we created a series of unique screen-printed posters. With 10+ \\\"M\\\" designs, 8 paper stocks, and 4 colour variations we created a wide variety of designs, ensuring no two people received the same design.</p>\",\"2\":{\"72\":{\"type\":\"1\",\"fields\":{\"projectYear\":\"2014\",\"projectOwner\":\"form\",\"projectType\":[\"identity\"],\"projectCollaborators\":[{\"col1\":\"Maud\",\"col2\":\"http://maud.com.au\"}],\"designers\":[{\"col1\":\"Dan Flynn\",\"col2\":\"www.byform.co\"}],\"developers\":null,\"strategists\":null,\"discipline\":[\"identity\"]}}},\"18\":[\"148\"],\"15\":{\"152\":{\"type\":\"2\",\"fields\":{\"picture\":[\"149\"],\"digital\":false}},\"153\":{\"type\":\"2\",\"fields\":{\"picture\":[\"151\"],\"digital\":false}},\"154\":{\"type\":\"2\",\"fields\":{\"picture\":[\"149\"],\"digital\":false}}}}}','2018-11-10 07:08:55','2018-11-10 07:08:55','ce31d73f-ded7-4f4c-bab7-23ef5af896bb'),
	(124,71,2,1,1,6,'','{\"typeId\":\"2\",\"authorId\":\"1\",\"title\":\"M&M\",\"slug\":\"m-m\",\"postDate\":1541823420,\"expiryDate\":null,\"enabled\":true,\"newParentId\":null,\"fields\":{\"31\":false,\"1\":\"<p>Every December the Monkeys and Maud host a festive lunch, to celebrate the years successes.</p><p>This year, in place of a traditional invitation,we created a series of unique screen-printed posters. With 10+ \\\"M\\\" designs, 8 paper stocks, and 4 colour variations we created a wide variety of designs, ensuring no two people received the same design.</p>\",\"2\":{\"72\":{\"type\":\"1\",\"fields\":{\"projectYear\":\"2014\",\"projectOwner\":\"form\",\"projectType\":[\"identity\"],\"projectCollaborators\":[{\"col1\":\"Maud\",\"col2\":\"http://maud.com.au\"}],\"designers\":[{\"col1\":\"Dan Flynn\",\"col2\":\"www.byform.co\"}],\"developers\":null,\"strategists\":null,\"discipline\":[\"identity\"]}}},\"18\":[\"148\"],\"15\":{\"152\":{\"type\":\"2\",\"fields\":{\"picture\":[\"149\"],\"digital\":false}},\"153\":{\"type\":\"2\",\"fields\":{\"picture\":[\"151\"],\"digital\":false}},\"155\":{\"type\":\"2\",\"fields\":{\"picture\":[\"150\"],\"digital\":false}}}}}','2018-11-10 07:09:31','2018-11-10 07:09:31','3d0b3e9f-b5fb-4b20-915a-6163ea11b00d'),
	(125,73,2,1,1,4,'','{\"typeId\":\"2\",\"authorId\":\"1\",\"title\":\"AGI Open\",\"slug\":\"agi-open\",\"postDate\":1541824380,\"expiryDate\":null,\"enabled\":true,\"newParentId\":null,\"fields\":{\"31\":true,\"1\":\"<p>The AGI Open is one of the leading international design conferences. It is a two-day event featuring over 30 of the worlds leading graphic designers  all members of the Alliance Graphique Internationale (AGI).</p><p>The Alliance Graphique Internationale unites the worlds leading graphic designers in a professional gathering of common interest and intent. Membership is by invitation only: to be a member is to be judged a person of influence and importance nationally and internationally by existing members.Founded in 1954, past members have included Cassandre, Josef Mller-Brockmann and Paul Rand. Current members include Wim Crouwel, Massimo Vignelli, Paula Scher and Marian Bantjes.</p><p>Each year AGI Open is held in a different world city and featurestalks, interviews, workshopsand debates.In recent years it has been staged in Porto, Barcelona, Hong Kong,Sao Paula, Seoul and Paris.</p>\",\"2\":{\"74\":{\"type\":\"1\",\"fields\":{\"projectYear\":\"2013\",\"projectOwner\":\"spin\",\"projectType\":[\"identity\"],\"projectCollaborators\":[{\"col1\":\"Spin\",\"col2\":\"http://spin.co.uk\"}],\"designers\":[{\"col1\":\"Dan Flynn\",\"col2\":\"http://byform.co\"},{\"col1\":\"Claudia Klat\",\"col2\":\"http://spin.co.uk\"},{\"col1\":\"Callin Mackintosh\",\"col2\":\"http://www.callinmackintosh.com/\"}],\"developers\":[{\"col1\":\"Archive Studio\",\"col2\":\"http://archive.studio\"}],\"strategists\":null,\"discipline\":[\"identity\",\"digital\",\"motion\"]}}},\"18\":[\"156\"],\"15\":[],\"13\":\"www.agi-open.com\"}}','2018-11-10 07:12:02','2018-11-10 07:12:02','07ec2b20-5285-4368-895a-db5b78a4468a'),
	(126,75,2,1,1,3,'','{\"typeId\":\"2\",\"authorId\":\"1\",\"title\":\"Wired Magazine\",\"slug\":\"wired-magazine\",\"postDate\":1541826060,\"expiryDate\":null,\"enabled\":true,\"newParentId\":null,\"fields\":{\"31\":true,\"1\":\"<p></p>\",\"2\":{\"76\":{\"type\":\"1\",\"fields\":{\"projectYear\":\"2013\",\"projectOwner\":\"spin\",\"projectType\":[\"identity\"],\"projectCollaborators\":[{\"col1\":\"Spin\",\"col2\":\"http://spin.co.uk\"}],\"designers\":[{\"col1\":\"Dan Flynn\",\"col2\":\"http://byform.co\"}],\"developers\":null,\"strategists\":null,\"discipline\":[\"identity\",\"digital\",\"motion\"]}}},\"18\":[\"157\"],\"15\":[]}}','2018-11-10 07:13:03','2018-11-10 07:13:03','8ac7a1cd-b19d-404a-ac22-1b7356a052d4'),
	(127,77,2,1,1,5,'','{\"typeId\":\"2\",\"authorId\":\"1\",\"title\":\"Delfina Foundation\",\"slug\":\"delfina-foundation\",\"postDate\":1541826120,\"expiryDate\":null,\"enabled\":true,\"newParentId\":null,\"fields\":{\"31\":true,\"1\":\"<p>Delfina Foundation is the largest not for profit art foundation in the UK. Founded in 2007 they are dedicated to facilitating artistic exchange and creative practice through residencies, partnerships and public programming.</p><p>Over the last twenty-five years, Delfina has become synonymous with artistic development.The Foundation was established as the successor to Delfina Studio Trustrenowned in the international art world for nurturing and supporting many highly acclaimed artists and more than a dozen Turner Prize nominees.Delfina Foundation is a non-political and non-grant-making foundation.</p>\",\"2\":{\"78\":{\"type\":\"1\",\"fields\":{\"projectYear\":\"2011\",\"projectOwner\":\"spin\",\"projectType\":[\"identity\"],\"projectCollaborators\":[{\"col1\":\"Spin\",\"col2\":\"http://spin.co.uk\"}],\"designers\":[{\"col1\":\"Dan Flynn\",\"col2\":\"http://byform.co\"}],\"developers\":null,\"strategists\":null,\"discipline\":[\"identity\",\"digital\"]}}},\"18\":[\"158\"],\"15\":[],\"13\":\"http://delfinafoundation.com\"}}','2018-11-10 07:13:55','2018-11-10 07:13:55','7b844b0e-e651-4893-a935-48cb0c5d8ec6'),
	(128,79,2,1,1,5,'','{\"typeId\":\"2\",\"authorId\":\"1\",\"title\":\"Edmund de Waal\",\"slug\":\"edmund-de-waal\",\"postDate\":1541826180,\"expiryDate\":null,\"enabled\":true,\"newParentId\":null,\"fields\":{\"31\":true,\"1\":\"<p></p>\",\"2\":{\"80\":{\"type\":\"1\",\"fields\":{\"projectYear\":\"2011\",\"projectOwner\":\"spin\",\"projectType\":[\"identity\",\"portfolio\"],\"projectCollaborators\":[{\"col1\":\"Spin\",\"col2\":\"http://spin.co.uk\"}],\"designers\":[{\"col1\":\"Dan Flynn\",\"col2\":\"http://byform.co\"}],\"developers\":[{\"col1\":\"Archive\",\"col2\":\"http://archive.studio\"}],\"strategists\":null,\"discipline\":[\"identity\",\"digital\"]}}},\"18\":[\"159\"],\"15\":[]}}','2018-11-10 07:14:27','2018-11-10 07:14:27','241be446-bd52-40af-975b-1938f941fb61'),
	(129,83,2,1,1,7,'','{\"typeId\":\"2\",\"authorId\":\"1\",\"title\":\"Matthew Hilton\",\"slug\":\"matthew-hilton\",\"postDate\":1541826420,\"expiryDate\":null,\"enabled\":true,\"newParentId\":null,\"fields\":{\"31\":true,\"1\":\"<p>One of Britains most esteemed industrial designers and a Royal Designer for Industry, Matthew\'s furniture is held in the permanent collections of the Victoria &amp; Albert Museum, and the Geffrye Museum, London.</p><p>Working in premium, robust materials including solid hardwood, cast iron, and brass, Hilton creates rigorously functional products that improve with the mark of age. Thinking like a sculptor, Matthew Hilton considers every view of a product equally, allowing for a sense of delight and surprise over the years as the user discovers new details and complexities.Matthew\'s site and identity were nominated for<a href=\\\"https://www.designboom.com/design/designs-of-the-year-2012-shortlist/\\\">Designs of the Year</a>in 2012.</p>\",\"2\":{\"84\":{\"type\":\"1\",\"fields\":{\"projectYear\":\"2011\",\"projectOwner\":\"spin\",\"projectType\":[\"identity\",\"portfolio\"],\"projectCollaborators\":[{\"col1\":\"Spin\",\"col2\":\"http://spin.co.uk\"}],\"designers\":[{\"col1\":\"Dan Flynn\",\"col2\":\"http://byform.co\"},{\"col1\":\"Patrick Eley\",\"col2\":\"https://www.linkedin.com/in/patrick-eley-b7303a32/\"}],\"developers\":[{\"col1\":\"Archive\",\"col2\":\"http://archive.studio\"}],\"strategists\":null,\"discipline\":[\"identity\"]}}},\"18\":[\"160\"],\"15\":[],\"13\":\"http://matthewhilton.com\"}}','2018-11-10 07:14:45','2018-11-10 07:14:45','fe972718-e1cf-4e1a-8ea6-427e6bbb407b'),
	(130,81,2,1,1,4,'','{\"typeId\":\"2\",\"authorId\":\"1\",\"title\":\"Okko\",\"slug\":\"okko\",\"postDate\":1541826240,\"expiryDate\":null,\"enabled\":true,\"newParentId\":null,\"fields\":{\"31\":true,\"1\":\"<p></p>\",\"2\":{\"82\":{\"type\":\"1\",\"fields\":{\"projectYear\":\"2012\",\"projectOwner\":\"spin\",\"projectType\":[\"identity\"],\"projectCollaborators\":[{\"col1\":\"Spin\",\"col2\":\"http://spin.co.uk\"}],\"designers\":[{\"col1\":\"Dan Flynn\",\"col2\":\"http://byform.co\"}],\"developers\":null,\"strategists\":null,\"discipline\":[\"identity\",\"strategy\"]}}},\"18\":[\"161\"],\"15\":[],\"13\":\"https://okko.tv/\"}}','2018-11-10 07:16:25','2018-11-10 07:16:25','eb51490a-3960-47f1-b3e7-0ad2059a45a1'),
	(131,69,2,1,1,7,'','{\"typeId\":\"2\",\"authorId\":\"1\",\"title\":\"Bill Byron wines\",\"slug\":\"bill-byron-wines\",\"postDate\":1541823180,\"expiryDate\":null,\"enabled\":true,\"newParentId\":null,\"fields\":{\"31\":false,\"1\":\"<p>Named after the late William Byron; Bill Byron wines was founded to honour his larger-than-life legacy.</p><p>Their first wine, an organic blend of Shiraz, Cabernet and Merlot, contains hand selected grapes from lots 101, 102 and 105 from their New South Wales [AUS] vineyard; established by Bill Byron himself. Bills legacy and the location of these historic vines lay the foundation for the identity, website and label design; big, bold and without pretension.</p>\",\"2\":{\"70\":{\"type\":\"1\",\"fields\":{\"projectYear\":\"2014\",\"projectOwner\":\"form\",\"projectType\":[\"identity\",\"product\"],\"projectCollaborators\":[{\"col1\":\"Maud\",\"col2\":\"http://maud.com.au\"}],\"designers\":[{\"col1\":\"Dan Flynn\",\"col2\":\"http://byform.co\"},{\"col1\":\"Adam Vella\",\"col2\":\"http://adamvella.com.au\"}],\"developers\":[{\"col1\":\"Sandbox\",\"col2\":\"http://sandboxdigital.com.au/\"}],\"strategists\":null,\"discipline\":[\"identity\",\"digital\",\"motion\",\"strategy\"]}}},\"18\":[\"128\"],\"15\":{\"139\":{\"type\":\"2\",\"fields\":{\"picture\":[\"129\"],\"digital\":false}},\"140\":{\"type\":\"2\",\"fields\":{\"picture\":[\"126\"],\"digital\":false}},\"141\":{\"type\":\"2\",\"fields\":{\"picture\":[\"131\"],\"digital\":true}},\"142\":{\"type\":\"2\",\"fields\":{\"picture\":[\"135\"],\"digital\":true}},\"143\":{\"type\":\"2\",\"fields\":{\"picture\":[\"123\"],\"digital\":false}},\"144\":{\"type\":\"2\",\"fields\":{\"picture\":[\"132\"],\"digital\":false}},\"145\":{\"type\":\"2\",\"fields\":{\"picture\":[\"134\"],\"digital\":false}},\"146\":{\"type\":\"2\",\"fields\":{\"picture\":[\"133\"],\"digital\":false}},\"147\":{\"type\":\"2\",\"fields\":{\"picture\":[\"137\"],\"digital\":false}}},\"13\":\"www.billbyronwines.com\"}}','2018-11-10 07:30:46','2018-11-10 07:30:46','bef4569e-faf0-4daa-9889-b3d9ea29338c'),
	(132,52,2,1,1,9,'','{\"typeId\":\"2\",\"authorId\":\"1\",\"title\":\"U Bank\",\"slug\":\"u-bank\",\"postDate\":1540094820,\"expiryDate\":null,\"enabled\":true,\"newParentId\":null,\"fields\":{\"31\":false,\"1\":\"<p>Founded in 2007 as Australia\'s first online-only bank, UBANK operate under a less is more ethos</p><p>With no physical branches, a reduced portfolio of products and the lowest interest rates; UBANK operate at a lower cost than traditional banks. By removing unnecessary extras they pass savings directly to customers. This simplified, straight-forward ethos permeates ever facet of the business.No gimmicks, no tricks. Banking as it should be.</p>\",\"2\":{\"53\":{\"type\":\"1\",\"fields\":{\"projectYear\":\"2016\",\"projectOwner\":\"maud\",\"projectType\":[\"identity\",\"product\"],\"projectCollaborators\":[{\"col1\":\"Maud\",\"col2\":\"http://maud.com.au\"}],\"designers\":[{\"col1\":\"Dan Flynn\",\"col2\":\"http://byform.co\"},{\"col1\":\"Adam Vella\",\"col2\":\"http://adamvella.com.au\"}],\"developers\":null,\"strategists\":[{\"col1\":\"Lisa Aitken\",\"col2\":\"http://maud.com.au\"},{\"col1\":\"Dan Flynn\",\"col2\":\"http://byform.co\"}],\"discipline\":[\"identity\",\"digital\",\"strategy\"]}}},\"18\":[\"61\"],\"15\":{\"102\":{\"type\":\"2\",\"fields\":{\"picture\":[\"99\"],\"digital\":false}},\"103\":{\"type\":\"2\",\"fields\":{\"picture\":[\"86\"],\"digital\":false}},\"104\":{\"type\":\"2\",\"fields\":{\"picture\":[\"92\"],\"digital\":false}},\"105\":{\"type\":\"2\",\"fields\":{\"picture\":[\"89\"],\"digital\":false}},\"106\":{\"type\":\"2\",\"fields\":{\"picture\":[\"91\"],\"digital\":false}},\"107\":{\"type\":\"2\",\"fields\":{\"picture\":[\"85\"],\"digital\":false}},\"108\":{\"type\":\"2\",\"fields\":{\"picture\":[\"90\"],\"digital\":false}},\"109\":{\"type\":\"2\",\"fields\":{\"picture\":[\"94\"],\"digital\":false}},\"110\":{\"type\":\"2\",\"fields\":{\"picture\":[\"100\"],\"digital\":true}},\"111\":{\"type\":\"2\",\"fields\":{\"picture\":[\"101\"],\"digital\":true}},\"112\":{\"type\":\"2\",\"fields\":{\"picture\":[\"93\"],\"digital\":false}}},\"13\":\"http://ubank.com.au\"}}','2018-11-10 07:30:49','2018-11-10 07:30:49','e59f060e-7ab1-4984-94bd-bbe7114e9b05'),
	(133,50,2,1,1,10,'','{\"typeId\":\"2\",\"authorId\":\"1\",\"title\":\"Foxtel\",\"slug\":\"foxtel\",\"postDate\":1540094760,\"expiryDate\":null,\"enabled\":true,\"newParentId\":null,\"fields\":{\"31\":false,\"1\":\"<p></p>\",\"2\":{\"51\":{\"type\":\"1\",\"fields\":{\"projectYear\":\"2018\",\"projectOwner\":\"maud\",\"projectType\":[\"identity\",\"product\"],\"projectCollaborators\":[{\"col1\":\"Maud\",\"col2\":\"http://www.maud.com.au\"}],\"designers\":[{\"col1\":\"Dan Flynn\",\"col2\":\"www.byform.co\"},{\"col1\":\"Tomas Sabbatucci\",\"col2\":\"http://cargocollective.com/tomassabbatucci\"},{\"col1\":\"Adam Vella\",\"col2\":\"http://adamvella.com.au\"},{\"col1\":\"Tom Fethers\",\"col2\":\"http://www.maud.com.au\"}],\"developers\":null,\"strategists\":[{\"col1\":\"Lisa Aitken\",\"col2\":\"https://www.maud.com.au\"},{\"col1\":\"Paul O\'Connor\",\"col2\":\"https://www.maud.com.au\"}],\"discipline\":[\"identity\",\"digital\",\"motion\",\"strategy\"]}}},\"18\":[\"117\"],\"15\":[]}}','2018-11-10 07:30:52','2018-11-10 07:30:52','dca357d5-f04d-474a-a1c6-d2f7a896d24a'),
	(134,79,2,1,1,6,'','{\"typeId\":\"2\",\"authorId\":\"1\",\"title\":\"Edmund de Waal\",\"slug\":\"edmund-de-waal\",\"postDate\":1541826180,\"expiryDate\":null,\"enabled\":false,\"newParentId\":null,\"fields\":{\"31\":true,\"1\":\"<p></p>\",\"2\":{\"80\":{\"type\":\"1\",\"fields\":{\"projectYear\":\"2011\",\"projectOwner\":\"spin\",\"projectType\":[\"identity\",\"portfolio\"],\"projectCollaborators\":[{\"col1\":\"Spin\",\"col2\":\"http://spin.co.uk\"}],\"designers\":[{\"col1\":\"Dan Flynn\",\"col2\":\"http://byform.co\"}],\"developers\":[{\"col1\":\"Archive\",\"col2\":\"http://archive.studio\"}],\"strategists\":null,\"discipline\":[\"identity\",\"digital\"]}}},\"18\":[\"159\"],\"15\":[]}}','2018-11-10 07:32:52','2018-11-10 07:32:52','297129be-3a77-46c8-98a4-0728cbb8799b'),
	(135,71,2,1,1,7,'','{\"typeId\":\"2\",\"authorId\":\"1\",\"title\":\"M&M\",\"slug\":\"m-m\",\"postDate\":1541823420,\"expiryDate\":null,\"enabled\":true,\"newParentId\":null,\"fields\":{\"31\":false,\"1\":\"<p>Every December the Monkeys and Maud host a festive lunch, to celebrate the years successes.</p><p>This year, in place of a traditional invitation,we created a series of unique screen-printed posters. With 10+ \\\"M\\\" designs, 8 paper stocks, and 4 colour variations we created a wide variety of designs, ensuring no two people received the same design.</p>\",\"2\":{\"72\":{\"type\":\"1\",\"fields\":{\"projectYear\":\"2014\",\"projectOwner\":\"maud\",\"projectType\":[\"identity\"],\"projectCollaborators\":[{\"col1\":\"Maud\",\"col2\":\"http://maud.com.au\"}],\"designers\":[{\"col1\":\"Dan Flynn\",\"col2\":\"www.byform.co\"}],\"developers\":null,\"strategists\":null,\"discipline\":[\"identity\"]}}},\"18\":[\"148\"],\"15\":{\"152\":{\"type\":\"2\",\"fields\":{\"picture\":[\"149\"],\"digital\":false}},\"153\":{\"type\":\"2\",\"fields\":{\"picture\":[\"151\"],\"digital\":false}},\"155\":{\"type\":\"2\",\"fields\":{\"picture\":[\"150\"],\"digital\":false}}}}}','2018-11-10 07:37:22','2018-11-10 07:37:22','2a05769c-86a4-4f71-b0b2-3c7fddb2b977'),
	(136,69,2,1,1,8,'','{\"typeId\":\"2\",\"authorId\":\"1\",\"title\":\"Bill Byron wines\",\"slug\":\"bill-byron-wines\",\"postDate\":1541823180,\"expiryDate\":null,\"enabled\":true,\"newParentId\":null,\"fields\":{\"31\":false,\"1\":\"<p>Named after the late William Byron; Bill Byron wines was founded to honour his larger-than-life legacy.</p><p>Their first wine, an organic blend of Shiraz, Cabernet and Merlot, contains hand selected grapes from lots 101, 102 and 105 from their New South Wales [AUS] vineyard; established by Bill Byron himself. Bills legacy and the location of these historic vines lay the foundation for the identity, website and label design; big, bold and without pretension.</p>\",\"2\":{\"70\":{\"type\":\"1\",\"fields\":{\"projectYear\":\"2014\",\"projectOwner\":\"maud\",\"projectType\":[\"identity\",\"product\"],\"projectCollaborators\":[{\"col1\":\"Maud\",\"col2\":\"http://maud.com.au\"}],\"designers\":[{\"col1\":\"Dan Flynn\",\"col2\":\"http://byform.co\"},{\"col1\":\"Adam Vella\",\"col2\":\"http://adamvella.com.au\"}],\"developers\":[{\"col1\":\"Sandbox\",\"col2\":\"http://sandboxdigital.com.au/\"}],\"strategists\":null,\"discipline\":[\"identity\",\"digital\",\"motion\",\"strategy\"]}}},\"18\":[\"128\"],\"15\":{\"139\":{\"type\":\"2\",\"fields\":{\"picture\":[\"129\"],\"digital\":false}},\"140\":{\"type\":\"2\",\"fields\":{\"picture\":[\"126\"],\"digital\":false}},\"141\":{\"type\":\"2\",\"fields\":{\"picture\":[\"131\"],\"digital\":true}},\"142\":{\"type\":\"2\",\"fields\":{\"picture\":[\"135\"],\"digital\":true}},\"143\":{\"type\":\"2\",\"fields\":{\"picture\":[\"123\"],\"digital\":false}},\"144\":{\"type\":\"2\",\"fields\":{\"picture\":[\"132\"],\"digital\":false}},\"145\":{\"type\":\"2\",\"fields\":{\"picture\":[\"134\"],\"digital\":false}},\"146\":{\"type\":\"2\",\"fields\":{\"picture\":[\"133\"],\"digital\":false}},\"147\":{\"type\":\"2\",\"fields\":{\"picture\":[\"137\"],\"digital\":false}}},\"13\":\"www.billbyronwines.com\"}}','2018-11-10 07:37:26','2018-11-10 07:37:26','c6347e9f-8a8a-4fe1-9266-78f28a0c7af2'),
	(137,54,2,1,1,6,'','{\"typeId\":\"2\",\"authorId\":\"1\",\"title\":\"Australia Post\",\"slug\":\"australia-post\",\"postDate\":1540095120,\"expiryDate\":null,\"enabled\":true,\"newParentId\":null,\"fields\":{\"31\":false,\"1\":\"<p>One of the largest rebrand projects the country has ever seen. Over 18 months in the making and involving collaboration from scores of people inside and outside of the business, the Australia Post rebrand both respects the long standing history of its identity while also establishing a solid foundation to progress confidently into the next 30 years.</p><p>Check back for updates.</p><p></p><p></p>\",\"2\":{\"55\":{\"type\":\"1\",\"fields\":{\"projectYear\":\"2019\",\"projectOwner\":\"maud\",\"projectType\":[\"identity\"],\"projectCollaborators\":[{\"col1\":\"Maud\",\"col2\":\"http://maud.com.au\"}],\"designers\":[{\"col1\":\"Owen Cramp\",\"col2\":\"http://owencramp.com/\"},{\"col1\":\"Dan Flynn\",\"col2\":\"http://byform.co\"},{\"col1\":\"Dom Hofstede\",\"col2\":\"http://hofstede.com.au/\"},{\"col1\":\"Tal Levin\",\"col2\":\"http://tallevin.info/\"},{\"col1\":\"Tomas Sabbatucci\",\"col2\":\"http://cargocollective.com/tomassabbatucci\"},{\"col1\":\"Sam Turner\",\"col2\":\"http://studiolathe.com/\"}],\"developers\":null,\"strategists\":[{\"col1\":\"Georgina Milne\",\"col2\":\"https://au.linkedin.com/in/georginamilne\"},{\"col1\":\"Dan Flynn\",\"col2\":\"http://byform.co\"}],\"discipline\":[\"identity\",\"digital\",\"motion\",\"strategy\"]}}},\"18\":[\"114\"],\"15\":[],\"13\":\"http://auspost.com.au\"}}','2018-11-10 07:40:36','2018-11-10 07:40:36','e6e72950-aba2-4862-a5b2-e8d3a557240d'),
	(138,54,2,1,1,7,'','{\"typeId\":\"2\",\"authorId\":\"1\",\"title\":\"Australia Post\",\"slug\":\"australia-post\",\"postDate\":1540095120,\"expiryDate\":null,\"enabled\":true,\"newParentId\":null,\"fields\":{\"31\":false,\"1\":\"<p>Over 18 months in the making and involving collaboration from scores of people inside and outside of the business, the Australia Post rebrand both respects the long standing history of its identity while also establishing a solid foundation to progress confidently into the next 30 years. Full case study coming soon.</p><p></p><p></p>\",\"2\":{\"55\":{\"type\":\"1\",\"fields\":{\"projectYear\":\"2019\",\"projectOwner\":\"maud\",\"projectType\":[\"identity\"],\"projectCollaborators\":[{\"col1\":\"Maud\",\"col2\":\"http://maud.com.au\"}],\"designers\":[{\"col1\":\"Owen Cramp\",\"col2\":\"http://owencramp.com/\"},{\"col1\":\"Dan Flynn\",\"col2\":\"http://byform.co\"},{\"col1\":\"Dom Hofstede\",\"col2\":\"http://hofstede.com.au/\"},{\"col1\":\"Tal Levin\",\"col2\":\"http://tallevin.info/\"},{\"col1\":\"Tomas Sabbatucci\",\"col2\":\"http://cargocollective.com/tomassabbatucci\"},{\"col1\":\"Sam Turner\",\"col2\":\"http://studiolathe.com/\"}],\"developers\":null,\"strategists\":[{\"col1\":\"Georgina Milne\",\"col2\":\"https://au.linkedin.com/in/georginamilne\"},{\"col1\":\"Dan Flynn\",\"col2\":\"http://byform.co\"}],\"discipline\":[\"identity\",\"digital\",\"motion\",\"strategy\"]}}},\"18\":[\"114\"],\"15\":[],\"13\":\"http://auspost.com.au\"}}','2018-11-10 07:41:57','2018-11-10 07:41:57','e5d4eee5-a0e5-4c1a-8ebb-67f59f0c1cfc'),
	(139,12,2,1,1,7,'','{\"typeId\":\"2\",\"authorId\":\"1\",\"title\":\"Adam Clarke Colour\",\"slug\":\"adam-clarke-colour\",\"postDate\":1539500700,\"expiryDate\":null,\"enabled\":true,\"newParentId\":null,\"fields\":{\"31\":false,\"1\":\"<p>Adam Clarke is a Colourist working out of Absolute Post in Soho, London. With over 10 years experience in the Post Production industry, Adam specialises in grades for Features, Commercials and Music videos. With a skill-set spanning well beyond colour grading, Adam has led projects for brands such as Sony, Ferrari, Vogue, Goldfraap and The Prodigy. Full case study coming soon.</p>\",\"2\":{\"13\":{\"type\":\"1\",\"fields\":{\"projectYear\":\"2019\",\"projectOwner\":\"form\",\"projectType\":[\"identity\",\"portfolio\"],\"projectCollaborators\":[{\"col1\":\"Form\",\"col2\":\"http://www.byform.co\"}],\"designers\":[{\"col1\":\"Dan Flynn\",\"col2\":\"http://www.byform.co\"}],\"developers\":[{\"col1\":\"Dan Flynn\",\"col2\":\"http://www.byform.co\"}],\"strategists\":[{\"col1\":\"Dan Flynn\",\"col2\":\"http://www.byform.co\"}],\"discipline\":[\"identity\",\"digital\",\"development\",\"strategy\"]}}},\"18\":[\"115\"],\"15\":[],\"13\":\"Adamclarkecolour.com\"}}','2018-11-10 07:43:30','2018-11-10 07:43:30','598e870e-d974-40d9-8e80-86b6f7d877ce'),
	(140,50,2,1,1,11,'','{\"typeId\":\"2\",\"authorId\":\"1\",\"title\":\"Foxtel\",\"slug\":\"foxtel\",\"postDate\":1540094760,\"expiryDate\":null,\"enabled\":true,\"newParentId\":null,\"fields\":{\"31\":false,\"1\":\"<p>As the countries largest producer and broadcaster Foxtel is synonymous with film and TV in Australia.</p><p></p><p></p>\",\"2\":{\"51\":{\"type\":\"1\",\"fields\":{\"projectYear\":\"2018\",\"projectOwner\":\"maud\",\"projectType\":[\"identity\",\"product\"],\"projectCollaborators\":[{\"col1\":\"Maud\",\"col2\":\"http://www.maud.com.au\"}],\"designers\":[{\"col1\":\"Dan Flynn\",\"col2\":\"www.byform.co\"},{\"col1\":\"Tomas Sabbatucci\",\"col2\":\"http://cargocollective.com/tomassabbatucci\"},{\"col1\":\"Adam Vella\",\"col2\":\"http://adamvella.com.au\"},{\"col1\":\"Tom Fethers\",\"col2\":\"http://www.maud.com.au\"}],\"developers\":null,\"strategists\":[{\"col1\":\"Lisa Aitken\",\"col2\":\"https://www.maud.com.au\"},{\"col1\":\"Paul O\'Connor\",\"col2\":\"https://www.maud.com.au\"}],\"discipline\":[\"identity\",\"digital\",\"motion\",\"strategy\"]}}},\"18\":[\"117\"],\"15\":[]}}','2018-11-10 07:53:37','2018-11-10 07:53:37','b2ca0c67-e3f1-468f-9b83-14fba442dc7d'),
	(141,50,2,1,1,12,'','{\"typeId\":\"2\",\"authorId\":\"1\",\"title\":\"Foxtel\",\"slug\":\"foxtel\",\"postDate\":1540094760,\"expiryDate\":null,\"enabled\":true,\"newParentId\":null,\"fields\":{\"31\":false,\"1\":\"<p>As the countries largest producer and broadcaster Foxtel is synonymous with film and TV in Australia. Full case study coming soon.</p><p></p><p></p>\",\"2\":{\"51\":{\"type\":\"1\",\"fields\":{\"projectYear\":\"2018\",\"projectOwner\":\"maud\",\"projectType\":[\"identity\",\"product\"],\"projectCollaborators\":[{\"col1\":\"Maud\",\"col2\":\"http://www.maud.com.au\"}],\"designers\":[{\"col1\":\"Dan Flynn\",\"col2\":\"www.byform.co\"},{\"col1\":\"Tomas Sabbatucci\",\"col2\":\"http://cargocollective.com/tomassabbatucci\"},{\"col1\":\"Adam Vella\",\"col2\":\"http://adamvella.com.au\"},{\"col1\":\"Tom Fethers\",\"col2\":\"http://www.maud.com.au\"}],\"developers\":null,\"strategists\":[{\"col1\":\"Lisa Aitken\",\"col2\":\"https://www.maud.com.au\"},{\"col1\":\"Paul O\'Connor\",\"col2\":\"https://www.maud.com.au\"}],\"discipline\":[\"identity\",\"digital\",\"motion\",\"strategy\"]}}},\"18\":[\"117\"],\"15\":[]}}','2018-11-10 07:53:54','2018-11-10 07:53:54','6939cd9a-2d4f-42f4-8ce7-5bd547978742'),
	(142,71,2,1,1,8,'','{\"typeId\":\"2\",\"authorId\":\"1\",\"title\":\"M&M\",\"slug\":\"m-m\",\"postDate\":1541823420,\"expiryDate\":null,\"enabled\":true,\"newParentId\":null,\"fields\":{\"31\":false,\"1\":\"<p>Every December the Monkeys and Maud host a festive lunch, to celebrate the years successes.</p><p>This year, in place of a traditional invitation,we created a series of unique screen-printed posters. With 10+ \\\"M\\\" designs, 8 paper stocks, and 4 colour variations we created a wide variety of designs, ensuring no two people received the same print.</p>\",\"2\":{\"72\":{\"type\":\"1\",\"fields\":{\"projectYear\":\"2014\",\"projectOwner\":\"maud\",\"projectType\":[\"identity\"],\"projectCollaborators\":[{\"col1\":\"Maud\",\"col2\":\"http://maud.com.au\"}],\"designers\":[{\"col1\":\"Dan Flynn\",\"col2\":\"www.byform.co\"}],\"developers\":null,\"strategists\":null,\"discipline\":[\"identity\"]}}},\"18\":[\"148\"],\"15\":{\"152\":{\"type\":\"2\",\"fields\":{\"picture\":[\"149\"],\"digital\":false}},\"153\":{\"type\":\"2\",\"fields\":{\"picture\":[\"151\"],\"digital\":false}},\"155\":{\"type\":\"2\",\"fields\":{\"picture\":[\"150\"],\"digital\":false}}}}}','2018-11-10 07:54:51','2018-11-10 07:54:51','011bf4da-926a-4962-9f80-b8c00edb49aa'),
	(143,46,2,1,1,5,'','{\"typeId\":\"2\",\"authorId\":\"1\",\"title\":\"ShiftCo\",\"slug\":\"shiftco\",\"postDate\":1540094700,\"expiryDate\":null,\"enabled\":true,\"newParentId\":null,\"fields\":{\"31\":false,\"1\":\"<p></p>\",\"2\":{\"47\":{\"type\":\"1\",\"fields\":{\"projectYear\":\"2019\",\"projectOwner\":\"form\",\"projectType\":[\"identity\",\"product\"],\"projectCollaborators\":[{\"col1\":\"Form\",\"col2\":\"http://byform.co\"}],\"designers\":[{\"col1\":\"Dan Flynn\",\"col2\":\"http://byform.co\"}],\"developers\":[{\"col1\":\"Dan Flynn\",\"col2\":\"http://byform.co\"}],\"strategists\":[{\"col1\":\"Dan Flynn\",\"col2\":\"http://byform.co\"}],\"discipline\":[\"identity\",\"digital\",\"development\",\"strategy\"]}}},\"18\":[\"120\"],\"15\":{\"121\":{\"type\":\"2\",\"fields\":{\"picture\":[\"119\"],\"digital\":false}},\"164\":{\"type\":\"2\",\"fields\":{\"picture\":[\"163\"],\"digital\":true}}},\"13\":\"http://shiftco.com.au\"}}','2018-11-17 06:30:41','2018-11-17 06:30:41','7232c4d0-d4cc-4d25-9715-026b4e5af33e'),
	(144,46,2,1,1,6,'','{\"typeId\":\"2\",\"authorId\":\"1\",\"title\":\"ShiftCo\",\"slug\":\"shiftco\",\"postDate\":1540094700,\"expiryDate\":null,\"enabled\":true,\"newParentId\":null,\"fields\":{\"31\":false,\"1\":\"<p></p>\",\"2\":{\"47\":{\"type\":\"1\",\"fields\":{\"projectYear\":\"2019\",\"projectOwner\":\"form\",\"projectType\":[\"identity\",\"product\"],\"projectCollaborators\":[{\"col1\":\"Form\",\"col2\":\"http://byform.co\"}],\"designers\":[{\"col1\":\"Dan Flynn\",\"col2\":\"http://byform.co\"}],\"developers\":[{\"col1\":\"Dan Flynn\",\"col2\":\"http://byform.co\"}],\"strategists\":[{\"col1\":\"Dan Flynn\",\"col2\":\"http://byform.co\"}],\"discipline\":[\"identity\",\"digital\",\"development\",\"strategy\"]}}},\"18\":[\"120\"],\"15\":{\"121\":{\"type\":\"2\",\"fields\":{\"picture\":[\"119\"],\"digital\":false}},\"164\":{\"type\":\"2\",\"fields\":{\"picture\":[\"163\"],\"digital\":true}},\"165\":{\"type\":\"2\",\"fields\":{\"picture\":[\"163\"],\"digital\":false}}},\"13\":\"http://shiftco.com.au\"}}','2018-11-17 06:41:40','2018-11-17 06:41:40','13c73f0c-367b-4761-9305-ba9b28887673'),
	(145,46,2,1,1,7,'','{\"typeId\":\"2\",\"authorId\":\"1\",\"title\":\"ShiftCo\",\"slug\":\"shiftco\",\"postDate\":1540094700,\"expiryDate\":null,\"enabled\":true,\"newParentId\":null,\"fields\":{\"31\":false,\"1\":\"<p>Founded in 2018, Melbourne based start up are on a mission to change healthcare recruitment forever. By connecting healthcare workers directly with hospitals they can cut out expensive, inefficient agents, saving hospitals time, money and stress. With digital staff banks, automatic rostering, and predictive forecasting, ShiftCo helps hospitals deliver the best and safest care possible.</p>\",\"2\":{\"47\":{\"type\":\"1\",\"fields\":{\"projectYear\":\"2019\",\"projectOwner\":\"form\",\"projectType\":[\"identity\",\"product\"],\"projectCollaborators\":[{\"col1\":\"Form\",\"col2\":\"http://byform.co\"}],\"designers\":[{\"col1\":\"Dan Flynn\",\"col2\":\"http://byform.co\"}],\"developers\":[{\"col1\":\"Dan Flynn\",\"col2\":\"http://byform.co\"}],\"strategists\":[{\"col1\":\"Dan Flynn\",\"col2\":\"http://byform.co\"}],\"discipline\":[\"identity\",\"digital\",\"development\",\"strategy\"]}}},\"18\":[\"120\"],\"15\":{\"121\":{\"type\":\"2\",\"fields\":{\"picture\":[\"119\"],\"digital\":false}},\"164\":{\"type\":\"2\",\"fields\":{\"picture\":[\"163\"],\"digital\":true}},\"165\":{\"type\":\"2\",\"fields\":{\"picture\":[\"163\"],\"digital\":false}}},\"13\":\"http://shiftco.com.au\"}}','2018-11-17 07:00:30','2018-11-17 07:00:30','d5b05caa-e31a-497b-afaa-643e7dee6507'),
	(146,12,2,1,1,8,'','{\"typeId\":\"2\",\"authorId\":\"1\",\"title\":\"Adam Clarke Colour\",\"slug\":\"adam-clarke-colour\",\"postDate\":1539500700,\"expiryDate\":null,\"enabled\":true,\"newParentId\":null,\"fields\":{\"31\":false,\"1\":\"<p>Adam Clarke is a Colourist working out of Absolute Post in Soho, London. With over 10 years experience in the Post Production industry, Adam specialises in grades for Features, Commercials and Music videos. With a skill-set spanning well beyond colour grading, Adam has led projects for brands such as Sony, Ferrari, Vogue, Goldfraap and The Prodigy. Full case study coming soon.</p>\",\"2\":{\"13\":{\"type\":\"1\",\"fields\":{\"projectYear\":\"2019\",\"projectOwner\":\"form\",\"projectType\":[\"identity\",\"portfolio\"],\"projectCollaborators\":[{\"col1\":\"Form\",\"col2\":\"http://www.byform.co\"}],\"designers\":[{\"col1\":\"Dan Flynn\",\"col2\":\"http://www.byform.co\"}],\"developers\":[{\"col1\":\"Dan Flynn\",\"col2\":\"http://www.byform.co\"}],\"strategists\":[{\"col1\":\"Dan Flynn\",\"col2\":\"http://www.byform.co\"}],\"discipline\":[\"identity\",\"digital\",\"development\",\"strategy\"]}}},\"18\":[\"115\"],\"15\":[],\"13\":\"http://adamclarkecolour.com\"}}','2018-11-17 07:00:45','2018-11-17 07:00:45','731f214c-cfe8-4a54-a295-5f6049707376'),
	(147,50,2,1,1,13,'','{\"typeId\":\"2\",\"authorId\":\"1\",\"title\":\"Foxtel\",\"slug\":\"foxtel\",\"postDate\":1540094760,\"expiryDate\":null,\"enabled\":true,\"newParentId\":null,\"fields\":{\"31\":false,\"1\":\"<p>As the countries largest producer and broadcaster Foxtel is synonymous with film and TV in Australia. With a new product, and much more affordable pricing model, Foxtel are striving to deliver the worlds best entertainment to everyone in Australia.</p><p>Full case study coming soon.</p><p></p><p></p>\",\"2\":{\"51\":{\"type\":\"1\",\"fields\":{\"projectYear\":\"2018\",\"projectOwner\":\"maud\",\"projectType\":[\"identity\",\"product\"],\"projectCollaborators\":[{\"col1\":\"Maud\",\"col2\":\"http://www.maud.com.au\"}],\"designers\":[{\"col1\":\"Dan Flynn\",\"col2\":\"www.byform.co\"},{\"col1\":\"Tomas Sabbatucci\",\"col2\":\"http://cargocollective.com/tomassabbatucci\"},{\"col1\":\"Adam Vella\",\"col2\":\"http://adamvella.com.au\"},{\"col1\":\"Tom Fethers\",\"col2\":\"http://www.maud.com.au\"}],\"developers\":null,\"strategists\":[{\"col1\":\"Lisa Aitken\",\"col2\":\"https://www.maud.com.au\"},{\"col1\":\"Paul O\'Connor\",\"col2\":\"https://www.maud.com.au\"}],\"discipline\":[\"identity\",\"digital\",\"motion\",\"strategy\"]}}},\"18\":[\"117\"],\"15\":[],\"13\":\"http://foxtel.com.au\"}}','2018-11-17 07:02:41','2018-11-17 07:02:41','47fc9d0e-ffd1-4add-b2e7-6cb9ea253b93'),
	(148,50,2,1,1,14,'','{\"typeId\":\"2\",\"authorId\":\"1\",\"title\":\"Foxtel\",\"slug\":\"foxtel\",\"postDate\":1540094760,\"expiryDate\":null,\"enabled\":true,\"newParentId\":null,\"fields\":{\"31\":false,\"1\":\"<p>As the countries largest producer and broadcaster Foxtel is synonymous with film and TV in Australia. With a new product, and much more affordable pricing model, Foxtel are striving to deliver the worlds best entertainment to everyone in Australia.</p><p>Full case study coming soon.</p><p></p><p></p>\",\"2\":{\"51\":{\"type\":\"1\",\"fields\":{\"projectYear\":\"2018\",\"projectOwner\":\"maud\",\"projectType\":[\"identity\",\"product\"],\"projectCollaborators\":[{\"col1\":\"Maud\",\"col2\":\"http://www.maud.com.au\"}],\"designers\":[{\"col1\":\"Dan Flynn\",\"col2\":\"www.byform.co\"},{\"col1\":\"Tomas Sabbatucci\",\"col2\":\"http://cargocollective.com/tomassabbatucci\"},{\"col1\":\"Adam Vella\",\"col2\":\"http://adamvella.com.au\"},{\"col1\":\"Tom Fethers\",\"col2\":\"http://www.maud.com.au\"}],\"developers\":null,\"strategists\":[{\"col1\":\"Lisa Aitken\",\"col2\":\"https://www.maud.com.au\"},{\"col1\":\"Paul O\'Connor\",\"col2\":\"https://www.maud.com.au\"}],\"discipline\":[\"identity\",\"digital\",\"motion\",\"strategy\"]}}},\"18\":[\"116\"],\"15\":[],\"13\":\"http://foxtel.com.au\"}}','2018-11-17 07:03:36','2018-11-17 07:03:36','56bdfad2-098e-4804-988e-01f5d8836460'),
	(149,3,2,1,1,14,'','{\"typeId\":\"2\",\"authorId\":\"1\",\"title\":\"AGI\",\"slug\":\"agi\",\"postDate\":1539496200,\"expiryDate\":null,\"enabled\":true,\"newParentId\":null,\"fields\":{\"31\":false,\"1\":\"<p>The Alliance Graphique Internationale [AGI] was established in 1951 as a means of uniting the worlds leading creative talents in design, advertising, and illustration. Bass, Calvert, Crouwel, Saville, Scherthe AGI is a whos who of design. Membership is prestigious. Prospective members are invited to present work to the jury on the basis of quality and reputation. Members range from single practitioners to partners in global agencies. The first phase of strategic implementation sees the AGI site positioned as a source of design inspiration and education for professionals and students alike.</p>\",\"2\":{\"4\":{\"type\":\"1\",\"fields\":{\"projectYear\":\"2017\",\"projectOwner\":\"form\",\"projectType\":[\"product\"],\"projectCollaborators\":[{\"col1\":\"Atelier David Smith\",\"col2\":\"http://atelier.ie\"},{\"col1\":\"Dan Flynn\",\"col2\":\"http://byform.com\"}],\"designers\":[{\"col1\":\"Dan Flynn\",\"col2\":\"http://byform.co\"},{\"col1\":\"David Smith \",\"col2\":\"http://atelier.ie\"}],\"developers\":[{\"col1\":\"Archive Studio\",\"col2\":\"http://archive.studio\"}],\"strategists\":null,\"discipline\":[\"digital\"]}}},\"18\":[\"18\"],\"15\":{\"168\":{\"type\":\"2\",\"fields\":{\"picture\":[\"163\"],\"digital\":false}},\"27\":{\"type\":\"2\",\"fields\":{\"picture\":[\"24\"],\"digital\":true}},\"28\":{\"type\":\"2\",\"fields\":{\"picture\":[\"25\"],\"digital\":true}},\"29\":{\"type\":\"2\",\"fields\":{\"picture\":[\"19\"],\"digital\":true}},\"30\":{\"type\":\"2\",\"fields\":{\"picture\":[\"21\"],\"digital\":true}},\"31\":{\"type\":\"2\",\"fields\":{\"picture\":[\"23\"],\"digital\":true}},\"32\":{\"type\":\"2\",\"fields\":{\"picture\":[\"26\"],\"digital\":true}}},\"13\":\"http://a-g-i.org\"}}','2018-11-17 07:08:40','2018-11-17 07:08:40','23344175-bb38-45c7-952d-4cb0dc8b7484'),
	(150,56,2,1,1,6,'','{\"typeId\":\"2\",\"authorId\":\"1\",\"title\":\"Google Zoo\",\"slug\":\"google-zoo\",\"postDate\":1540095300,\"expiryDate\":null,\"enabled\":true,\"newParentId\":null,\"fields\":{\"31\":false,\"1\":\"<p>Described as a think tank for brands and agencies, the Zoo are Googles somewhat incognito wing of the tech giant.</p><p>Comprised of a global team of technologists, creatives, strategists and producers; Google Zoo explore how creative thinking and technology can combine to create new interaction between brands and consumers. Their analytical yet imaginative process informed a playful yet pragmatic identity design.</p>\",\"2\":{\"57\":{\"type\":\"1\",\"fields\":{\"projectYear\":\"2016\",\"projectOwner\":\"maud\",\"projectType\":[\"identity\"],\"projectCollaborators\":[{\"col1\":\"Maud\",\"col2\":\"http://maud.com.au\"}],\"designers\":[{\"col1\":\"Dan Flynn\",\"col2\":\"www.byform.co\"}],\"developers\":null,\"strategists\":null,\"discipline\":[\"identity\",\"motion\"]}}},\"18\":[\"60\"],\"15\":{\"176\":{\"type\":\"2\",\"fields\":{\"picture\":[\"169\"],\"digital\":false}},\"177\":{\"type\":\"2\",\"fields\":{\"picture\":[\"173\"],\"digital\":false}},\"178\":{\"type\":\"2\",\"fields\":{\"picture\":[\"170\"],\"digital\":false}},\"179\":{\"type\":\"2\",\"fields\":{\"picture\":[\"171\"],\"digital\":false}},\"180\":{\"type\":\"2\",\"fields\":{\"picture\":[\"172\"],\"digital\":false}},\"181\":{\"type\":\"2\",\"fields\":{\"picture\":[\"175\"],\"digital\":false}},\"182\":{\"type\":\"2\",\"fields\":{\"picture\":[\"174\"],\"digital\":false}}}}}','2018-11-17 07:14:52','2018-11-17 07:14:52','7c444afe-f037-463f-a692-2061f362864c'),
	(151,56,2,1,1,7,'','{\"typeId\":\"2\",\"authorId\":\"1\",\"title\":\"Google Zoo\",\"slug\":\"google-zoo\",\"postDate\":1540095300,\"expiryDate\":null,\"enabled\":true,\"newParentId\":null,\"fields\":{\"31\":false,\"1\":\"<p>Described as a think tank for brands and agencies, the Zoo are Googles somewhat incognito wing of the tech giant.</p><p>Comprised of a global team of technologists, creatives, strategists and producers; Google Zoo explore how creative thinking and technology can combine to create new interaction between brands and consumers. Their analytical yet imaginative process informed a playful yet pragmatic identity design.</p>\",\"2\":{\"57\":{\"type\":\"1\",\"fields\":{\"projectYear\":\"2016\",\"projectOwner\":\"maud\",\"projectType\":[\"identity\"],\"projectCollaborators\":[{\"col1\":\"Maud\",\"col2\":\"http://maud.com.au\"}],\"designers\":[{\"col1\":\"Dan Flynn\",\"col2\":\"www.byform.co\"}],\"developers\":null,\"strategists\":null,\"discipline\":[\"identity\",\"motion\"]}}},\"18\":[\"60\"],\"15\":{\"176\":{\"type\":\"2\",\"fields\":{\"picture\":[\"169\"],\"digital\":false}},\"178\":{\"type\":\"2\",\"fields\":{\"picture\":[\"170\"],\"digital\":false}},\"179\":{\"type\":\"2\",\"fields\":{\"picture\":[\"171\"],\"digital\":false}},\"180\":{\"type\":\"2\",\"fields\":{\"picture\":[\"172\"],\"digital\":false}},\"181\":{\"type\":\"2\",\"fields\":{\"picture\":[\"175\"],\"digital\":false}},\"182\":{\"type\":\"2\",\"fields\":{\"picture\":[\"174\"],\"digital\":false}},\"177\":{\"type\":\"2\",\"fields\":{\"picture\":[\"173\"],\"digital\":false}},\"184\":{\"type\":\"2\",\"fields\":{\"picture\":[\"183\"],\"digital\":false}}}}}','2018-11-17 07:16:38','2018-11-17 07:16:38','f5e2a1a0-481e-4ff3-b600-30c3c98a107f'),
	(152,50,2,1,1,15,'','{\"typeId\":\"2\",\"authorId\":\"1\",\"title\":\"Foxtel\",\"slug\":\"foxtel\",\"postDate\":1540094760,\"expiryDate\":null,\"enabled\":true,\"newParentId\":null,\"fields\":{\"31\":false,\"1\":\"<p>As the countries largest producer and broadcaster Foxtel is synonymous with film and TV in Australia. With a new product, and much more affordable pricing model, Foxtel are striving to deliver the worlds best entertainment to everyone in Australia.</p><p>Full case study coming soon.</p><p></p><p></p>\",\"2\":{\"51\":{\"type\":\"1\",\"fields\":{\"projectYear\":\"2018\",\"projectOwner\":\"maud\",\"projectType\":[\"identity\",\"product\"],\"projectCollaborators\":[{\"col1\":\"Maud\",\"col2\":\"http://www.maud.com.au\"}],\"designers\":[{\"col1\":\"Dan Flynn\",\"col2\":\"www.byform.co\"},{\"col1\":\"Tomas Sabbatucci\",\"col2\":\"http://cargocollective.com/tomassabbatucci\"},{\"col1\":\"Adam Vella\",\"col2\":\"http://adamvella.com.au\"},{\"col1\":\"Tom Fethers\",\"col2\":\"http://www.maud.com.au\"}],\"developers\":null,\"strategists\":[{\"col1\":\"Lisa Aitken\",\"col2\":\"https://www.maud.com.au\"},{\"col1\":\"Paul O\'Connor\",\"col2\":\"https://www.maud.com.au\"}],\"discipline\":[\"identity\",\"digital\",\"motion\",\"strategy\"]}}},\"18\":[\"116\"],\"15\":{\"186\":{\"type\":\"2\",\"fields\":{\"picture\":[\"185\"],\"digital\":false}}},\"13\":\"http://foxtel.com.au\"}}','2018-11-17 07:23:51','2018-11-17 07:23:51','232d87fa-cf1a-4395-b220-e153fe888cfd'),
	(153,83,2,1,1,8,'','{\"typeId\":\"2\",\"authorId\":\"1\",\"title\":\"Matthew Hilton\",\"slug\":\"matthew-hilton\",\"postDate\":1541826420,\"expiryDate\":null,\"enabled\":true,\"newParentId\":null,\"fields\":{\"31\":true,\"1\":\"<p>One of Britains most esteemed industrial designers and a Royal Designer for Industry, Matthew\'s furniture is held in the permanent collections of the Victoria &amp; Albert Museum, and the Geffrye Museum, London.</p><p>Working in premium, robust materials including solid hardwood, cast iron, and brass, Hilton creates rigorously functional products that improve with the mark of age. Thinking like a sculptor, Matthew Hilton considers every view of a product equally, allowing for a sense of delight and surprise over the years as the user discovers new details and complexities.Matthew\'s site and identity were nominated for<a href=\\\"https://www.designboom.com/design/designs-of-the-year-2012-shortlist/\\\">Designs of the Year</a>in 2012.</p>\",\"2\":{\"84\":{\"type\":\"1\",\"fields\":{\"projectYear\":\"2011\",\"projectOwner\":\"spin\",\"projectType\":[\"identity\",\"portfolio\"],\"projectCollaborators\":[{\"col1\":\"Spin\",\"col2\":\"http://spin.co.uk\"}],\"designers\":[{\"col1\":\"Dan Flynn\",\"col2\":\"http://byform.co\"},{\"col1\":\"Patrick Eley\",\"col2\":\"https://www.linkedin.com/in/patrick-eley-b7303a32/\"}],\"developers\":[{\"col1\":\"Archive\",\"col2\":\"http://archive.studio\"}],\"strategists\":null,\"discipline\":[\"identity\"]}}},\"18\":[\"160\"],\"15\":{\"199\":{\"type\":\"2\",\"fields\":{\"picture\":[\"198\"],\"digital\":true}},\"200\":{\"type\":\"2\",\"fields\":{\"picture\":[\"197\"],\"digital\":true}},\"201\":{\"type\":\"2\",\"fields\":{\"picture\":[\"194\"],\"digital\":true}},\"202\":{\"type\":\"2\",\"fields\":{\"picture\":[\"195\"],\"digital\":true}},\"203\":{\"type\":\"2\",\"fields\":{\"picture\":[\"196\"],\"digital\":true}}},\"13\":\"http://matthewhilton.com\"}}','2018-11-17 08:09:25','2018-11-17 08:09:25','b2838873-f268-4f37-8031-63dbf177fbcb'),
	(154,77,2,1,1,6,'','{\"typeId\":\"2\",\"authorId\":\"1\",\"title\":\"Delfina Foundation\",\"slug\":\"delfina-foundation\",\"postDate\":1541826120,\"expiryDate\":null,\"enabled\":true,\"newParentId\":null,\"fields\":{\"31\":true,\"1\":\"<p>Delfina Foundation is the largest not for profit art foundation in the UK. Founded in 2007 they are dedicated to facilitating artistic exchange and creative practice through residencies, partnerships and public programming.</p><p>Over the last twenty-five years, Delfina has become synonymous with artistic development.The Foundation was established as the successor to Delfina Studio Trustrenowned in the international art world for nurturing and supporting many highly acclaimed artists and more than a dozen Turner Prize nominees.Delfina Foundation is a non-political and non-grant-making foundation.</p>\",\"2\":{\"78\":{\"type\":\"1\",\"fields\":{\"projectYear\":\"2011\",\"projectOwner\":\"spin\",\"projectType\":[\"identity\"],\"projectCollaborators\":[{\"col1\":\"Spin\",\"col2\":\"http://spin.co.uk\"}],\"designers\":[{\"col1\":\"Dan Flynn\",\"col2\":\"http://byform.co\"}],\"developers\":null,\"strategists\":null,\"discipline\":[\"identity\",\"digital\"]}}},\"18\":[\"158\"],\"15\":{\"210\":{\"type\":\"2\",\"fields\":{\"picture\":[\"207\"],\"digital\":false}},\"211\":{\"type\":\"2\",\"fields\":{\"picture\":[\"208\"],\"digital\":false}},\"212\":{\"type\":\"2\",\"fields\":{\"picture\":[\"209\"],\"digital\":false}},\"213\":{\"type\":\"2\",\"fields\":{\"picture\":[\"204\"],\"digital\":false}},\"214\":{\"type\":\"2\",\"fields\":{\"picture\":[\"205\"],\"digital\":false}},\"215\":{\"type\":\"2\",\"fields\":{\"picture\":[\"206\"],\"digital\":false}}},\"13\":\"http://delfinafoundation.com\"}}','2018-11-17 08:12:42','2018-11-17 08:12:42','d65fe631-e3ab-440b-9e3c-6d951dd4c5c1'),
	(155,81,2,1,1,5,'','{\"typeId\":\"2\",\"authorId\":\"1\",\"title\":\"Okko\",\"slug\":\"okko\",\"postDate\":1541826240,\"expiryDate\":null,\"enabled\":true,\"newParentId\":null,\"fields\":{\"31\":true,\"1\":\"<p>Russian OTT service Okko, set out to disrupt a market renowned for piracy. By striking a balance between traditional lean-back TV watching and more active search and streaming, combined with an excellent catalogue of film and TV, Okko have managed to gain a massive subscription base in a very short time. Full case study coming soon.</p>\",\"2\":{\"82\":{\"type\":\"1\",\"fields\":{\"projectYear\":\"2012\",\"projectOwner\":\"spin\",\"projectType\":[\"identity\"],\"projectCollaborators\":[{\"col1\":\"Spin\",\"col2\":\"http://spin.co.uk\"}],\"designers\":[{\"col1\":\"Dan Flynn\",\"col2\":\"http://byform.co\"}],\"developers\":null,\"strategists\":null,\"discipline\":[\"identity\",\"strategy\"]}}},\"18\":[\"161\"],\"15\":[],\"13\":\"https://okko.tv\"}}','2018-11-17 08:19:00','2018-11-17 08:19:00','d619ac75-4a59-494d-84f1-6ec3581479eb'),
	(156,81,2,1,1,6,'','{\"typeId\":\"2\",\"authorId\":\"1\",\"title\":\"Okko\",\"slug\":\"okko\",\"postDate\":1541826240,\"expiryDate\":null,\"enabled\":true,\"newParentId\":null,\"fields\":{\"31\":true,\"1\":\"<p>Russian OTT service Okko, set out to disrupt a market renowned for piracy. By striking a balance between traditional lean-back TV watching and more active search and streaming, combined with an excellent catalogue of film and TV, Okko have managed to gain a massive subscription base in a very short time. Full case study coming soon.</p>\",\"2\":{\"82\":{\"type\":\"1\",\"fields\":{\"projectYear\":\"2012\",\"projectOwner\":\"spin\",\"projectType\":[\"identity\"],\"projectCollaborators\":[{\"col1\":\"Spin\",\"col2\":\"http://spin.co.uk\"}],\"designers\":[{\"col1\":\"Dan Flynn\",\"col2\":\"http://byform.co\"}],\"developers\":null,\"strategists\":null,\"discipline\":[\"identity\",\"strategy\"]}}},\"18\":[\"161\"],\"15\":{\"217\":{\"type\":\"2\",\"fields\":{\"picture\":[\"216\"],\"digital\":false}}},\"13\":\"https://okko.tv\"}}','2018-11-17 08:21:30','2018-11-17 08:21:30','1f87388c-d55a-4d95-ad74-68f71646f4e1'),
	(157,81,2,1,1,7,'','{\"typeId\":\"2\",\"authorId\":\"1\",\"title\":\"Okko\",\"slug\":\"okko\",\"postDate\":1541826240,\"expiryDate\":null,\"enabled\":true,\"newParentId\":null,\"fields\":{\"31\":true,\"1\":\"<p>Russian OTT service Okko, set out to disrupt a market renowned for piracy. By striking a balance between traditional lean-back TV watching and more active search and streaming, combined with an excellent catalogue of film and TV, Okko have managed to gain a massive subscription base in a very short time. Full case study coming soon.</p>\",\"2\":{\"82\":{\"type\":\"1\",\"fields\":{\"projectYear\":\"2012\",\"projectOwner\":\"spin\",\"projectType\":[\"identity\"],\"projectCollaborators\":[{\"col1\":\"Spin\",\"col2\":\"http://spin.co.uk\"}],\"designers\":[{\"col1\":\"Dan Flynn\",\"col2\":\"http://byform.co\"}],\"developers\":null,\"strategists\":null,\"discipline\":[\"identity\",\"strategy\"]}}},\"18\":[\"161\"],\"15\":{\"217\":{\"type\":\"2\",\"fields\":{\"picture\":[\"216\"],\"digital\":false}}},\"13\":\"okko.tv\"}}','2018-11-17 08:21:57','2018-11-17 08:21:57','47917b83-ada7-4ea3-92ad-4e1403035932'),
	(158,81,2,1,1,8,'','{\"typeId\":\"2\",\"authorId\":\"1\",\"title\":\"Okko\",\"slug\":\"okko\",\"postDate\":1541826240,\"expiryDate\":null,\"enabled\":true,\"newParentId\":null,\"fields\":{\"31\":true,\"1\":\"<p>Russian OTT service Okko, set out to disrupt a market renowned for piracy. By striking a balance between traditional lean-back TV watching and more active search and streaming, combined with an excellent catalogue of film and TV, Okko have managed to gain a massive subscription base in a very short time. Full case study coming soon.</p>\",\"2\":{\"82\":{\"type\":\"1\",\"fields\":{\"projectYear\":\"2012\",\"projectOwner\":\"spin\",\"projectType\":[\"identity\"],\"projectCollaborators\":[{\"col1\":\"Spin\",\"col2\":\"http://spin.co.uk\"}],\"designers\":[{\"col1\":\"Dan Flynn\",\"col2\":\"http://byform.co\"}],\"developers\":null,\"strategists\":null,\"discipline\":[\"identity\",\"strategy\"]}}},\"18\":[\"161\"],\"15\":{\"217\":{\"type\":\"2\",\"fields\":{\"picture\":[\"216\"],\"digital\":false}}},\"13\":\"http://okko.tv\"}}','2018-11-17 08:22:16','2018-11-17 08:22:16','38e27084-49ae-4bd5-807c-e57794da4260'),
	(159,75,2,1,1,4,'','{\"typeId\":\"2\",\"authorId\":\"1\",\"title\":\"Wired Magazine\",\"slug\":\"wired-magazine\",\"postDate\":1541826060,\"expiryDate\":null,\"enabled\":true,\"newParentId\":null,\"fields\":{\"31\":true,\"1\":\"<p>Print and motion cover for Wired magazine.</p>\",\"2\":{\"76\":{\"type\":\"1\",\"fields\":{\"projectYear\":\"2013\",\"projectOwner\":\"spin\",\"projectType\":[\"identity\"],\"projectCollaborators\":[{\"col1\":\"Spin\",\"col2\":\"http://spin.co.uk\"}],\"designers\":[{\"col1\":\"Dan Flynn\",\"col2\":\"http://byform.co\"}],\"developers\":null,\"strategists\":null,\"discipline\":[\"identity\",\"digital\",\"motion\"]}}},\"18\":[\"157\"],\"15\":{\"220\":{\"type\":\"2\",\"fields\":{\"picture\":[\"219\"],\"digital\":true}},\"221\":{\"type\":\"2\",\"fields\":{\"picture\":[\"218\"],\"digital\":false}}},\"13\":\"http://wired.com/\"}}','2018-11-17 08:26:57','2018-11-17 08:26:57','4051861c-6eb1-4bfe-a225-d3d4cafbe79e'),
	(160,75,2,1,1,5,'','{\"typeId\":\"2\",\"authorId\":\"1\",\"title\":\"Wired Magazine\",\"slug\":\"wired-magazine\",\"postDate\":1541826060,\"expiryDate\":null,\"enabled\":true,\"newParentId\":null,\"fields\":{\"31\":true,\"1\":\"<p>Print and motion cover for Wired magazine.</p>\",\"2\":{\"76\":{\"type\":\"1\",\"fields\":{\"projectYear\":\"2013\",\"projectOwner\":\"spin\",\"projectType\":[\"identity\"],\"projectCollaborators\":[{\"col1\":\"Spin\",\"col2\":\"http://spin.co.uk\"}],\"designers\":[{\"col1\":\"Dan Flynn\",\"col2\":\"http://byform.co\"}],\"developers\":null,\"strategists\":null,\"discipline\":[\"identity\",\"digital\",\"motion\"]}}},\"18\":[\"157\"],\"15\":{\"220\":{\"type\":\"2\",\"fields\":{\"picture\":[\"219\"],\"digital\":true}},\"221\":{\"type\":\"2\",\"fields\":{\"picture\":[\"218\"],\"digital\":false}}},\"13\":\"http://wired.com\"}}','2018-11-17 08:27:53','2018-11-17 08:27:53','f5f4fe3d-c8dd-4a6a-9f8f-d4b6e47eea0b'),
	(161,73,2,1,1,5,'','{\"typeId\":\"2\",\"authorId\":\"1\",\"title\":\"AGI Open\",\"slug\":\"agi-open\",\"postDate\":1541824380,\"expiryDate\":null,\"enabled\":true,\"newParentId\":null,\"fields\":{\"31\":true,\"1\":\"<p>The AGI Open is one of the leading international design conferences. It is a two-day event featuring over 30 of the worlds leading graphic designers  all members of the Alliance Graphique Internationale (AGI).</p><p>The Alliance Graphique Internationale unites the worlds leading graphic designers in a professional gathering of common interest and intent. Membership is by invitation only: to be a member is to be judged a person of influence and importance nationally and internationally by existing members.Founded in 1954, past members have included Cassandre, Josef Mller-Brockmann and Paul Rand. Current members include Wim Crouwel, Massimo Vignelli, Paula Scher and Marian Bantjes.</p><p>Each year AGI Open is held in a different world city and featurestalks, interviews, workshopsand debates.In recent years it has been staged in Porto, Barcelona, Hong Kong,Sao Paula, Seoul and Paris.</p>\",\"2\":{\"74\":{\"type\":\"1\",\"fields\":{\"projectYear\":\"2013\",\"projectOwner\":\"spin\",\"projectType\":[\"identity\"],\"projectCollaborators\":[{\"col1\":\"Spin\",\"col2\":\"http://spin.co.uk\"}],\"designers\":[{\"col1\":\"Dan Flynn\",\"col2\":\"http://byform.co\"},{\"col1\":\"Claudia Klat\",\"col2\":\"http://spin.co.uk\"},{\"col1\":\"Callin Mackintosh\",\"col2\":\"http://www.callinmackintosh.com/\"}],\"developers\":[{\"col1\":\"Archive Studio\",\"col2\":\"http://archive.studio\"}],\"strategists\":null,\"discipline\":[\"identity\",\"digital\",\"motion\"]}}},\"18\":[\"226\"],\"15\":{\"234\":{\"type\":\"2\",\"fields\":{\"picture\":[\"222\"],\"digital\":true}},\"235\":{\"type\":\"2\",\"fields\":{\"picture\":[\"223\"],\"digital\":true}},\"236\":{\"type\":\"2\",\"fields\":{\"picture\":[\"224\"],\"digital\":true}},\"237\":{\"type\":\"2\",\"fields\":{\"picture\":[\"225\"],\"digital\":true}},\"238\":{\"type\":\"2\",\"fields\":{\"picture\":[\"227\"],\"digital\":true}},\"239\":{\"type\":\"2\",\"fields\":{\"picture\":[\"229\"],\"digital\":true}},\"240\":{\"type\":\"2\",\"fields\":{\"picture\":[\"230\"],\"digital\":false}},\"241\":{\"type\":\"2\",\"fields\":{\"picture\":[\"231\"],\"digital\":false}},\"242\":{\"type\":\"2\",\"fields\":{\"picture\":[\"232\"],\"digital\":false}},\"243\":{\"type\":\"2\",\"fields\":{\"picture\":[\"233\"],\"digital\":false}}},\"13\":\"www.agi-open.com\"}}','2018-11-17 08:34:30','2018-11-17 08:34:30','44983da9-679c-408a-8232-a17829f512d6'),
	(162,73,2,1,1,6,'','{\"typeId\":\"2\",\"authorId\":\"1\",\"title\":\"AGI Open\",\"slug\":\"agi-open\",\"postDate\":1541824380,\"expiryDate\":null,\"enabled\":true,\"newParentId\":null,\"fields\":{\"31\":true,\"1\":\"<p>The AGI Open is one of the leading international design conferences. It is a two-day event featuring over 30 of the worlds leading graphic designers  all members of the Alliance Graphique Internationale (AGI).</p><p>The Alliance Graphique Internationale unites the worlds leading graphic designers in a professional gathering of common interest and intent. Membership is by invitation only: to be a member is to be judged a person of influence and importance nationally and internationally by existing members.Founded in 1954, past members have included Cassandre, Josef Mller-Brockmann and Paul Rand. Current members include Wim Crouwel, Massimo Vignelli, Paula Scher and Marian Bantjes.</p><p>Each year AGI Open is held in a different world city and featurestalks, interviews, workshopsand debates.In recent years it has been staged in Porto, Barcelona, Hong Kong,Sao Paula, Seoul and Paris.</p>\",\"2\":{\"74\":{\"type\":\"1\",\"fields\":{\"projectYear\":\"2013\",\"projectOwner\":\"spin\",\"projectType\":[\"identity\"],\"projectCollaborators\":[{\"col1\":\"Spin\",\"col2\":\"http://spin.co.uk\"}],\"designers\":[{\"col1\":\"Dan Flynn\",\"col2\":\"http://byform.co\"},{\"col1\":\"Claudia Klat\",\"col2\":\"http://spin.co.uk\"},{\"col1\":\"Callin Mackintosh\",\"col2\":\"http://www.callinmackintosh.com/\"}],\"developers\":[{\"col1\":\"Archive Studio\",\"col2\":\"http://archive.studio\"}],\"strategists\":null,\"discipline\":[\"identity\",\"digital\",\"motion\"]}}},\"18\":[\"226\"],\"15\":{\"234\":{\"type\":\"2\",\"fields\":{\"picture\":[\"222\"],\"digital\":true}},\"235\":{\"type\":\"2\",\"fields\":{\"picture\":[\"223\"],\"digital\":true}},\"236\":{\"type\":\"2\",\"fields\":{\"picture\":[\"224\"],\"digital\":true}},\"237\":{\"type\":\"2\",\"fields\":{\"picture\":[\"225\"],\"digital\":true}},\"238\":{\"type\":\"2\",\"fields\":{\"picture\":[\"227\"],\"digital\":true}},\"239\":{\"type\":\"2\",\"fields\":{\"picture\":[\"229\"],\"digital\":true}},\"240\":{\"type\":\"2\",\"fields\":{\"picture\":[\"230\"],\"digital\":false}},\"241\":{\"type\":\"2\",\"fields\":{\"picture\":[\"231\"],\"digital\":false}},\"242\":{\"type\":\"2\",\"fields\":{\"picture\":[\"232\"],\"digital\":false}},\"243\":{\"type\":\"2\",\"fields\":{\"picture\":[\"233\"],\"digital\":false}}},\"13\":\"http://agi-open.com\"}}','2018-11-17 08:35:35','2018-11-17 08:35:35','1dc7bffa-7f3e-416e-af3a-968db4cfb861'),
	(163,58,2,1,1,7,'','{\"typeId\":\"2\",\"authorId\":\"1\",\"title\":\"Matter\",\"slug\":\"google-zoo-1\",\"postDate\":1540095300,\"expiryDate\":null,\"enabled\":true,\"newParentId\":null,\"fields\":{\"31\":false,\"1\":\"<p>Matter are out to fix a broken energy market and bring solar to millions of tenants around the world.</p><p>Solar energy is clean energy. Its also cheaper than grid electricity, but for millions of renters solar has been out of reach, until now. Matter givestenants access tocheap, clean energy, and landlords access to a new revenue stream.</p>\",\"2\":{\"59\":{\"type\":\"1\",\"fields\":{\"projectYear\":\"2015\",\"projectOwner\":\"maud\",\"projectType\":[\"identity\",\"product\"],\"projectCollaborators\":[{\"col1\":\"Maud\",\"col2\":\"http://maud.com.au\"}],\"designers\":[{\"col1\":\"Dan Flynn\",\"col2\":\"http://byform.co/\"},{\"col1\":\"Adam Vella\",\"col2\":\"http://adamvella.com.au/\"}],\"developers\":[{\"col1\":\"Sandbox\",\"col2\":\"http://sandbox.digital/\"}],\"strategists\":null,\"discipline\":[\"identity\",\"digital\",\"strategy\"]}}},\"18\":[\"64\"],\"15\":{\"251\":{\"type\":\"2\",\"fields\":{\"picture\":[\"249\"],\"digital\":false}},\"252\":{\"type\":\"2\",\"fields\":{\"picture\":[\"250\"],\"digital\":false}},\"253\":{\"type\":\"2\",\"fields\":{\"picture\":[\"244\"],\"digital\":false}},\"254\":{\"type\":\"2\",\"fields\":{\"picture\":[\"245\"],\"digital\":false}},\"255\":{\"type\":\"2\",\"fields\":{\"picture\":[\"246\"],\"digital\":true}},\"256\":{\"type\":\"2\",\"fields\":{\"picture\":[\"247\"],\"digital\":true}},\"257\":{\"type\":\"2\",\"fields\":{\"picture\":[\"248\"],\"digital\":true}},\"258\":{\"type\":\"2\",\"fields\":{\"picture\":[],\"digital\":false}}}}}','2018-11-17 08:39:17','2018-11-17 08:39:17','6a6272e2-8118-4958-b65c-290ec20a352b'),
	(164,15,2,1,1,11,'','{\"typeId\":\"2\",\"authorId\":\"1\",\"title\":\"Osko\",\"slug\":\"osko\",\"postDate\":1540009920,\"expiryDate\":null,\"enabled\":true,\"newParentId\":null,\"fields\":{\"31\":false,\"1\":\"<p>Several years in the making and involving contribution from every major financial institution, Osko brings instant payments to all of Australia.</p><p>Osko brings 24/7 nationwide payments to Australia, all in under 60 seconds. Other features include 280 character payment descriptions, PayID, the ability to request money and the option of adding attachments. Osko is set to become synonymous with these features as Australia begins to see Osko appear in apps, statements and transaction records.</p>\",\"2\":{\"16\":{\"type\":\"1\",\"fields\":{\"projectYear\":\"2018\",\"projectOwner\":\"maud\",\"projectType\":[\"identity\"],\"projectCollaborators\":[{\"col1\":\"Maud\",\"col2\":\"http://www.maud.com.au\"}],\"designers\":[{\"col1\":\"Dan Flynn\",\"col2\":\"http://byform.co\"},{\"col1\":\"Sam Turner\",\"col2\":\"https://studiolathe.com\"}],\"developers\":null,\"strategists\":[{\"col1\":\"Dan Flynn\",\"col2\":\"http://byform.co\"}],\"discipline\":[\"identity\",\"motion\",\"strategy\"]}}},\"18\":[\"45\"],\"15\":{\"41\":{\"type\":\"2\",\"fields\":{\"picture\":[\"37\"],\"digital\":false,\"video\":false}},\"67\":{\"type\":\"2\",\"fields\":{\"picture\":[\"66\"],\"digital\":false,\"video\":false}},\"68\":{\"type\":\"2\",\"fields\":{\"picture\":[\"259\"],\"digital\":false,\"video\":true}},\"43\":{\"type\":\"2\",\"fields\":{\"picture\":[\"44\"],\"digital\":false,\"video\":false}},\"17\":{\"type\":\"2\",\"fields\":{\"picture\":[\"34\"],\"digital\":false,\"video\":false}},\"40\":{\"type\":\"2\",\"fields\":{\"picture\":[\"35\"],\"digital\":false,\"video\":false}},\"42\":{\"type\":\"2\",\"fields\":{\"picture\":[\"45\"],\"digital\":false,\"video\":false}}},\"13\":\"http://osko.com.au\"}}','2018-11-18 00:29:16','2018-11-18 00:29:16','31e1c482-f557-47de-97eb-fc07c8ffb78e'),
	(165,15,2,1,1,12,'','{\"typeId\":\"2\",\"authorId\":\"1\",\"title\":\"Osko\",\"slug\":\"osko\",\"postDate\":1540009920,\"expiryDate\":null,\"enabled\":true,\"newParentId\":null,\"fields\":{\"31\":false,\"1\":\"<p>Several years in the making and involving contribution from every major financial institution, Osko brings instant payments to all of Australia.</p><p>Osko brings 24/7 nationwide payments to Australia, all in under 60 seconds. Other features include 280 character payment descriptions, PayID, the ability to request money and the option of adding attachments. Osko is set to become synonymous with these features as Australia begins to see Osko appear in apps, statements and transaction records.</p>\",\"2\":{\"16\":{\"type\":\"1\",\"fields\":{\"projectYear\":\"2018\",\"projectOwner\":\"maud\",\"projectType\":[\"identity\"],\"projectCollaborators\":[{\"col1\":\"Maud\",\"col2\":\"http://www.maud.com.au\"}],\"designers\":[{\"col1\":\"Dan Flynn\",\"col2\":\"http://byform.co\"},{\"col1\":\"Sam Turner\",\"col2\":\"https://studiolathe.com\"}],\"developers\":null,\"strategists\":[{\"col1\":\"Dan Flynn\",\"col2\":\"http://byform.co\"}],\"discipline\":[\"identity\",\"motion\",\"strategy\"]}}},\"18\":[\"45\"],\"15\":{\"68\":{\"type\":\"2\",\"fields\":{\"picture\":[\"259\"],\"digital\":false,\"video\":true}},\"41\":{\"type\":\"2\",\"fields\":{\"picture\":[\"37\"],\"digital\":false,\"video\":false}},\"67\":{\"type\":\"2\",\"fields\":{\"picture\":[\"66\"],\"digital\":false,\"video\":false}},\"43\":{\"type\":\"2\",\"fields\":{\"picture\":[\"44\"],\"digital\":false,\"video\":false}},\"17\":{\"type\":\"2\",\"fields\":{\"picture\":[\"34\"],\"digital\":false,\"video\":false}},\"40\":{\"type\":\"2\",\"fields\":{\"picture\":[\"35\"],\"digital\":false,\"video\":false}},\"42\":{\"type\":\"2\",\"fields\":{\"picture\":[\"45\"],\"digital\":false,\"video\":false}}},\"13\":\"http://osko.com.au\"}}','2018-11-18 00:35:07','2018-11-18 00:35:07','c6f78f76-9f60-49b2-8f16-52363cb0cfd8'),
	(166,15,2,1,1,13,'','{\"typeId\":\"2\",\"authorId\":\"1\",\"title\":\"Osko\",\"slug\":\"osko\",\"postDate\":1540009920,\"expiryDate\":null,\"enabled\":true,\"newParentId\":null,\"fields\":{\"31\":false,\"1\":\"<p>Several years in the making and involving contribution from every major financial institution, Osko brings instant payments to all of Australia.</p><p>Osko brings 24/7 nationwide payments to Australia, all in under 60 seconds. Other features include 280 character payment descriptions, PayID, the ability to request money and the option of adding attachments. Osko is set to become synonymous with these features as Australia begins to see Osko appear in apps, statements and transaction records.</p>\",\"2\":{\"16\":{\"type\":\"1\",\"fields\":{\"projectYear\":\"2018\",\"projectOwner\":\"maud\",\"projectType\":[\"identity\"],\"projectCollaborators\":[{\"col1\":\"Maud\",\"col2\":\"http://www.maud.com.au\"}],\"designers\":[{\"col1\":\"Dan Flynn\",\"col2\":\"http://byform.co\"},{\"col1\":\"Sam Turner\",\"col2\":\"https://studiolathe.com\"}],\"developers\":null,\"strategists\":[{\"col1\":\"Dan Flynn\",\"col2\":\"http://byform.co\"}],\"discipline\":[\"identity\",\"motion\",\"strategy\"]}}},\"18\":[\"45\"],\"15\":{\"68\":{\"type\":\"2\",\"fields\":{\"picture\":[\"259\"],\"digital\":true,\"video\":true}},\"41\":{\"type\":\"2\",\"fields\":{\"picture\":[\"37\"],\"digital\":false,\"video\":false}},\"67\":{\"type\":\"2\",\"fields\":{\"picture\":[\"66\"],\"digital\":false,\"video\":false}},\"43\":{\"type\":\"2\",\"fields\":{\"picture\":[\"44\"],\"digital\":false,\"video\":false}},\"17\":{\"type\":\"2\",\"fields\":{\"picture\":[\"34\"],\"digital\":false,\"video\":false}},\"40\":{\"type\":\"2\",\"fields\":{\"picture\":[\"35\"],\"digital\":false,\"video\":false}},\"42\":{\"type\":\"2\",\"fields\":{\"picture\":[\"45\"],\"digital\":false,\"video\":false}}},\"13\":\"http://osko.com.au\"}}','2018-11-18 00:52:53','2018-11-18 00:52:53','a41e217a-9777-480a-b0bc-107f0b375314'),
	(167,15,2,1,1,14,'','{\"typeId\":\"2\",\"authorId\":\"1\",\"title\":\"Osko\",\"slug\":\"osko\",\"postDate\":1540009920,\"expiryDate\":null,\"enabled\":true,\"newParentId\":null,\"fields\":{\"31\":false,\"1\":\"<p>Several years in the making and involving contribution from every major financial institution, Osko brings instant payments to all of Australia.</p><p>Osko brings 24/7 nationwide payments to Australia, all in under 60 seconds. Other features include 280 character payment descriptions, PayID, the ability to request money and the option of adding attachments. Osko is set to become synonymous with these features as Australia begins to see Osko appear in apps, statements and transaction records.</p>\",\"2\":{\"16\":{\"type\":\"1\",\"fields\":{\"projectYear\":\"2018\",\"projectOwner\":\"maud\",\"projectType\":[\"identity\"],\"projectCollaborators\":[{\"col1\":\"Maud\",\"col2\":\"http://www.maud.com.au\"}],\"designers\":[{\"col1\":\"Dan Flynn\",\"col2\":\"http://byform.co\"},{\"col1\":\"Sam Turner\",\"col2\":\"https://studiolathe.com\"}],\"developers\":null,\"strategists\":[{\"col1\":\"Dan Flynn\",\"col2\":\"http://byform.co\"}],\"discipline\":[\"identity\",\"motion\",\"strategy\"]}}},\"18\":[\"45\"],\"15\":{\"68\":{\"type\":\"2\",\"fields\":{\"picture\":[\"259\"],\"digital\":true,\"video\":true}},\"260\":{\"type\":\"2\",\"fields\":{\"picture\":[\"259\"],\"digital\":false,\"video\":true}},\"41\":{\"type\":\"2\",\"fields\":{\"picture\":[\"37\"],\"digital\":false,\"video\":false}},\"67\":{\"type\":\"2\",\"fields\":{\"picture\":[\"66\"],\"digital\":false,\"video\":false}},\"43\":{\"type\":\"2\",\"fields\":{\"picture\":[\"44\"],\"digital\":false,\"video\":false}},\"17\":{\"type\":\"2\",\"fields\":{\"picture\":[\"34\"],\"digital\":false,\"video\":false}},\"40\":{\"type\":\"2\",\"fields\":{\"picture\":[\"35\"],\"digital\":false,\"video\":false}},\"42\":{\"type\":\"2\",\"fields\":{\"picture\":[\"45\"],\"digital\":false,\"video\":false}}},\"13\":\"http://osko.com.au\"}}','2018-11-18 03:11:43','2018-11-18 03:11:43','6e30a37c-d87f-43fb-bcfa-244f1dfd53d5'),
	(168,15,2,1,1,15,'','{\"typeId\":\"2\",\"authorId\":\"1\",\"title\":\"Osko\",\"slug\":\"osko\",\"postDate\":1540009920,\"expiryDate\":null,\"enabled\":true,\"newParentId\":null,\"fields\":{\"31\":false,\"1\":\"<p>Several years in the making and involving contribution from every major financial institution, Osko brings instant payments to all of Australia.</p><p>Osko brings 24/7 nationwide payments to Australia, all in under 60 seconds. Other features include 280 character payment descriptions, PayID, the ability to request money and the option of adding attachments. Osko is set to become synonymous with these features as Australia begins to see Osko appear in apps, statements and transaction records.</p>\",\"2\":{\"16\":{\"type\":\"1\",\"fields\":{\"projectYear\":\"2018\",\"projectOwner\":\"maud\",\"projectType\":[\"identity\"],\"projectCollaborators\":[{\"col1\":\"Maud\",\"col2\":\"http://www.maud.com.au\"}],\"designers\":[{\"col1\":\"Dan Flynn\",\"col2\":\"http://byform.co\"},{\"col1\":\"Sam Turner\",\"col2\":\"https://studiolathe.com\"}],\"developers\":null,\"strategists\":[{\"col1\":\"Dan Flynn\",\"col2\":\"http://byform.co\"}],\"discipline\":[\"identity\",\"motion\",\"strategy\"]}}},\"18\":[\"45\"],\"15\":{\"260\":{\"type\":\"2\",\"fields\":{\"picture\":[\"259\"],\"digital\":false,\"video\":true}},\"41\":{\"type\":\"2\",\"fields\":{\"picture\":[\"37\"],\"digital\":false,\"video\":false}},\"67\":{\"type\":\"2\",\"fields\":{\"picture\":[\"66\"],\"digital\":false,\"video\":false}},\"43\":{\"type\":\"2\",\"fields\":{\"picture\":[\"44\"],\"digital\":false,\"video\":false}},\"17\":{\"type\":\"2\",\"fields\":{\"picture\":[\"34\"],\"digital\":false,\"video\":false}},\"40\":{\"type\":\"2\",\"fields\":{\"picture\":[\"35\"],\"digital\":false,\"video\":false}},\"42\":{\"type\":\"2\",\"fields\":{\"picture\":[\"45\"],\"digital\":false,\"video\":false}}},\"13\":\"http://osko.com.au\"}}','2018-11-18 05:26:03','2018-11-18 05:26:03','daead845-b4f6-49c2-bb95-c50f4179e8ad'),
	(169,50,2,1,1,16,'','{\"typeId\":\"2\",\"authorId\":\"1\",\"title\":\"Foxtel\",\"slug\":\"foxtel\",\"postDate\":1540094760,\"expiryDate\":null,\"enabled\":true,\"newParentId\":null,\"fields\":{\"31\":false,\"1\":\"<p>As the countries largest producer and broadcaster Foxtel is synonymous with film and TV in Australia. With a new product, and much more affordable pricing model, Foxtel are striving to deliver the worlds best entertainment to everyone in Australia.</p><p>Full case study coming soon.</p><p></p><p></p>\",\"2\":{\"51\":{\"type\":\"1\",\"fields\":{\"projectYear\":\"2018\",\"projectOwner\":\"maud\",\"projectType\":[\"identity\",\"product\"],\"projectCollaborators\":[{\"col1\":\"Maud\",\"col2\":\"http://www.maud.com.au\"}],\"designers\":[{\"col1\":\"Dan Flynn\",\"col2\":\"www.byform.co\"},{\"col1\":\"Tomas Sabbatucci\",\"col2\":\"http://cargocollective.com/tomassabbatucci\"},{\"col1\":\"Adam Vella\",\"col2\":\"http://adamvella.com.au\"},{\"col1\":\"Tom Fethers\",\"col2\":\"http://www.maud.com.au\"}],\"developers\":null,\"strategists\":[{\"col1\":\"Lisa Aitken\",\"col2\":\"https://www.maud.com.au\"},{\"col1\":\"Paul O\'Connor\",\"col2\":\"https://www.maud.com.au\"}],\"discipline\":[\"identity\",\"digital\",\"motion\",\"strategy\"]}}},\"18\":[\"116\"],\"15\":{\"186\":{\"type\":\"2\",\"fields\":{\"picture\":[\"185\"],\"digital\":false,\"video\":false}},\"263\":{\"type\":\"2\",\"fields\":{\"picture\":[\"187\"],\"digital\":false,\"video\":true}},\"264\":{\"type\":\"2\",\"fields\":{\"picture\":[\"189\"],\"digital\":false,\"video\":true}}},\"13\":\"http://foxtel.com.au\"}}','2018-11-18 05:51:21','2018-11-18 05:51:21','45a9053a-277b-441b-ace5-42653b25e9ce'),
	(170,50,2,1,1,17,'','{\"typeId\":\"2\",\"authorId\":\"1\",\"title\":\"Foxtel\",\"slug\":\"foxtel\",\"postDate\":1540094760,\"expiryDate\":null,\"enabled\":true,\"newParentId\":null,\"fields\":{\"31\":false,\"1\":\"<p>As the countries largest producer and broadcaster Foxtel is synonymous with film and TV in Australia. With a new product, and much more affordable pricing model, Foxtel are striving to deliver the worlds best entertainment to everyone in Australia.</p><p>Full case study coming soon.</p><p></p><p></p>\",\"2\":{\"51\":{\"type\":\"1\",\"fields\":{\"projectYear\":\"2018\",\"projectOwner\":\"maud\",\"projectType\":[\"identity\",\"product\"],\"projectCollaborators\":[{\"col1\":\"Maud\",\"col2\":\"http://www.maud.com.au\"}],\"designers\":[{\"col1\":\"Dan Flynn\",\"col2\":\"www.byform.co\"},{\"col1\":\"Tomas Sabbatucci\",\"col2\":\"http://cargocollective.com/tomassabbatucci\"},{\"col1\":\"Adam Vella\",\"col2\":\"http://adamvella.com.au\"},{\"col1\":\"Tom Fethers\",\"col2\":\"http://www.maud.com.au\"}],\"developers\":null,\"strategists\":[{\"col1\":\"Lisa Aitken\",\"col2\":\"https://www.maud.com.au\"},{\"col1\":\"Paul O\'Connor\",\"col2\":\"https://www.maud.com.au\"}],\"discipline\":[\"identity\",\"digital\",\"motion\",\"strategy\"]}}},\"18\":[\"116\"],\"15\":{\"186\":{\"type\":\"2\",\"fields\":{\"picture\":[\"185\"],\"digital\":false,\"video\":false}},\"263\":{\"type\":\"2\",\"fields\":{\"picture\":[\"187\"],\"digital\":false,\"video\":false}},\"264\":{\"type\":\"2\",\"fields\":{\"picture\":[\"189\"],\"digital\":false,\"video\":false}}},\"13\":\"http://foxtel.com.au\"}}','2018-11-18 05:52:03','2018-11-18 05:52:03','d4be3a97-b415-4a9f-bc51-504f8e44c8ee'),
	(171,50,2,1,1,18,'','{\"typeId\":\"2\",\"authorId\":\"1\",\"title\":\"Foxtel\",\"slug\":\"foxtel\",\"postDate\":1540094760,\"expiryDate\":null,\"enabled\":true,\"newParentId\":null,\"fields\":{\"31\":false,\"1\":\"<p>As the countries largest producer and broadcaster Foxtel is synonymous with film and TV in Australia. With a new product, and much more affordable pricing model, Foxtel are striving to deliver the worlds best entertainment to everyone in Australia.</p><p>Full case study coming soon.</p><p></p><p></p>\",\"2\":{\"51\":{\"type\":\"1\",\"fields\":{\"projectYear\":\"2018\",\"projectOwner\":\"maud\",\"projectType\":[\"identity\",\"product\"],\"projectCollaborators\":[{\"col1\":\"Maud\",\"col2\":\"http://www.maud.com.au\"}],\"designers\":[{\"col1\":\"Dan Flynn\",\"col2\":\"www.byform.co\"},{\"col1\":\"Tomas Sabbatucci\",\"col2\":\"http://cargocollective.com/tomassabbatucci\"},{\"col1\":\"Adam Vella\",\"col2\":\"http://adamvella.com.au\"},{\"col1\":\"Tom Fethers\",\"col2\":\"http://www.maud.com.au\"}],\"developers\":null,\"strategists\":[{\"col1\":\"Lisa Aitken\",\"col2\":\"https://www.maud.com.au\"},{\"col1\":\"Paul O\'Connor\",\"col2\":\"https://www.maud.com.au\"}],\"discipline\":[\"identity\",\"digital\",\"motion\",\"strategy\"]}}},\"18\":[\"116\"],\"15\":{\"186\":{\"type\":\"2\",\"fields\":{\"picture\":[\"185\"],\"digital\":false,\"video\":false}},\"263\":{\"type\":\"2\",\"fields\":{\"picture\":[\"187\"],\"digital\":false,\"video\":true}},\"264\":{\"type\":\"2\",\"fields\":{\"picture\":[\"189\"],\"digital\":false,\"video\":true}}},\"13\":\"http://foxtel.com.au\"}}','2018-11-18 05:52:25','2018-11-18 05:52:25','f416493a-ba88-4325-9e4c-bc14d5a6c878'),
	(172,75,2,1,1,6,'','{\"typeId\":\"2\",\"authorId\":\"1\",\"title\":\"Wired Magazine\",\"slug\":\"wired-magazine\",\"postDate\":1541826060,\"expiryDate\":null,\"enabled\":true,\"newParentId\":null,\"fields\":{\"31\":true,\"1\":\"<p>Print and motion cover for Wired magazine.</p>\",\"2\":{\"76\":{\"type\":\"1\",\"fields\":{\"projectYear\":\"2013\",\"projectOwner\":\"spin\",\"projectType\":[\"identity\"],\"projectCollaborators\":[{\"col1\":\"Spin\",\"col2\":\"http://spin.co.uk\"}],\"designers\":[{\"col1\":\"Dan Flynn\",\"col2\":\"http://byform.co\"}],\"developers\":null,\"strategists\":null,\"discipline\":[\"identity\",\"digital\",\"motion\"]}}},\"18\":[\"157\"],\"15\":{\"220\":{\"type\":\"2\",\"fields\":{\"picture\":[\"219\"],\"digital\":true,\"video\":false}},\"221\":{\"type\":\"2\",\"fields\":{\"picture\":[\"218\"],\"digital\":false,\"video\":true}}},\"13\":\"http://wired.com\"}}','2018-11-18 05:57:39','2018-11-18 05:57:39','80123150-855b-4e70-bcb1-90b6939e5f34'),
	(173,75,2,1,1,7,'','{\"typeId\":\"2\",\"authorId\":\"1\",\"title\":\"Wired Magazine\",\"slug\":\"wired-magazine\",\"postDate\":1541826060,\"expiryDate\":null,\"enabled\":true,\"newParentId\":null,\"fields\":{\"31\":true,\"1\":\"<p>Print and motion cover for Wired magazine.</p>\",\"2\":{\"76\":{\"type\":\"1\",\"fields\":{\"projectYear\":\"2013\",\"projectOwner\":\"spin\",\"projectType\":[\"identity\"],\"projectCollaborators\":[{\"col1\":\"Spin\",\"col2\":\"http://spin.co.uk\"}],\"designers\":[{\"col1\":\"Dan Flynn\",\"col2\":\"http://byform.co\"}],\"developers\":null,\"strategists\":null,\"discipline\":[\"identity\",\"digital\",\"motion\"]}}},\"18\":[\"157\"],\"15\":{\"220\":{\"type\":\"2\",\"fields\":{\"picture\":[\"219\"],\"digital\":true,\"video\":true}},\"221\":{\"type\":\"2\",\"fields\":{\"picture\":[\"218\"],\"digital\":false,\"video\":false}}},\"13\":\"http://wired.com\"}}','2018-11-18 05:58:06','2018-11-18 05:58:06','8fd0d123-2ed9-45b9-b098-7081b0b741a0'),
	(174,50,2,1,1,19,'','{\"typeId\":\"2\",\"authorId\":\"1\",\"title\":\"Foxtel\",\"slug\":\"foxtel\",\"postDate\":1540094760,\"expiryDate\":null,\"enabled\":true,\"newParentId\":null,\"fields\":{\"31\":false,\"1\":\"<p>As the countries largest producer and broadcaster Foxtel is synonymous with film and TV in Australia. With a new product, and much more affordable pricing model, Foxtel are striving to deliver the worlds best entertainment to everyone in Australia.</p><p>Full case study coming soon.</p><p></p><p></p>\",\"2\":{\"51\":{\"type\":\"1\",\"fields\":{\"projectYear\":\"2018\",\"projectOwner\":\"maud\",\"projectType\":[\"identity\",\"product\"],\"projectCollaborators\":[{\"col1\":\"Maud\",\"col2\":\"http://www.maud.com.au\"}],\"designers\":[{\"col1\":\"Dan Flynn\",\"col2\":\"www.byform.co\"},{\"col1\":\"Tomas Sabbatucci\",\"col2\":\"http://cargocollective.com/tomassabbatucci\"},{\"col1\":\"Adam Vella\",\"col2\":\"http://adamvella.com.au\"},{\"col1\":\"Tom Fethers\",\"col2\":\"http://www.maud.com.au\"}],\"developers\":null,\"strategists\":[{\"col1\":\"Lisa Aitken\",\"col2\":\"https://www.maud.com.au\"},{\"col1\":\"Paul O\'Connor\",\"col2\":\"https://www.maud.com.au\"}],\"discipline\":[\"identity\",\"digital\",\"motion\",\"strategy\"]}}},\"18\":[\"116\"],\"15\":{\"186\":{\"type\":\"2\",\"fields\":{\"picture\":[\"185\"],\"digital\":false,\"video\":false}},\"263\":{\"type\":\"2\",\"fields\":{\"picture\":[\"187\"],\"digital\":false,\"video\":true}},\"264\":{\"type\":\"2\",\"fields\":{\"picture\":[\"189\"],\"digital\":false,\"video\":true}},\"265\":{\"type\":\"2\",\"fields\":{\"picture\":[\"188\"],\"digital\":false,\"video\":false}},\"266\":{\"type\":\"2\",\"fields\":{\"picture\":[\"192\"],\"digital\":false,\"video\":false}}},\"13\":\"http://foxtel.com.au\"}}','2018-11-18 06:00:29','2018-11-18 06:00:29','6af4ba69-45cb-42f8-a304-b4e632a33030'),
	(175,50,2,1,1,20,'','{\"typeId\":\"2\",\"authorId\":\"1\",\"title\":\"Foxtel\",\"slug\":\"foxtel\",\"postDate\":1540094760,\"expiryDate\":null,\"enabled\":true,\"newParentId\":null,\"fields\":{\"31\":false,\"1\":\"<p>As the countries largest producer and broadcaster Foxtel is synonymous with film and TV in Australia. With a new product, and much more affordable pricing model, Foxtel are striving to deliver the worlds best entertainment to everyone in Australia.</p><p>Full case study coming soon.</p><p></p><p></p>\",\"2\":{\"51\":{\"type\":\"1\",\"fields\":{\"projectYear\":\"2018\",\"projectOwner\":\"maud\",\"projectType\":[\"identity\",\"product\"],\"projectCollaborators\":[{\"col1\":\"Maud\",\"col2\":\"http://www.maud.com.au\"}],\"designers\":[{\"col1\":\"Dan Flynn\",\"col2\":\"www.byform.co\"},{\"col1\":\"Tomas Sabbatucci\",\"col2\":\"http://cargocollective.com/tomassabbatucci\"},{\"col1\":\"Adam Vella\",\"col2\":\"http://adamvella.com.au\"},{\"col1\":\"Tom Fethers\",\"col2\":\"http://www.maud.com.au\"}],\"developers\":null,\"strategists\":[{\"col1\":\"Lisa Aitken\",\"col2\":\"https://www.maud.com.au\"},{\"col1\":\"Paul O\'Connor\",\"col2\":\"https://www.maud.com.au\"}],\"discipline\":[\"identity\",\"digital\",\"motion\",\"strategy\"]}}},\"18\":[\"116\"],\"15\":{\"186\":{\"type\":\"2\",\"fields\":{\"picture\":[\"185\"],\"digital\":false,\"video\":false}},\"263\":{\"type\":\"2\",\"fields\":{\"picture\":[\"187\"],\"digital\":false,\"video\":true}},\"267\":{\"type\":\"2\",\"fields\":{\"picture\":[\"190\"],\"digital\":false,\"video\":false}},\"265\":{\"type\":\"2\",\"fields\":{\"picture\":[\"188\"],\"digital\":false,\"video\":false}},\"264\":{\"type\":\"2\",\"fields\":{\"picture\":[\"189\"],\"digital\":false,\"video\":true}}},\"13\":\"http://foxtel.com.au\"}}','2018-11-18 06:01:23','2018-11-18 06:01:23','8c819139-6d87-4cb8-b053-a8d5fbf5579a'),
	(176,50,2,1,1,21,'','{\"typeId\":\"2\",\"authorId\":\"1\",\"title\":\"Foxtel\",\"slug\":\"foxtel\",\"postDate\":1540094760,\"expiryDate\":null,\"enabled\":true,\"newParentId\":null,\"fields\":{\"31\":false,\"1\":\"<p>As the countries largest producer and broadcaster Foxtel is synonymous with film and TV in Australia. With a new product, and much more affordable pricing model, Foxtel are striving to deliver the worlds best entertainment to everyone in Australia.</p><p>Full case study coming soon.</p><p></p><p></p>\",\"2\":{\"51\":{\"type\":\"1\",\"fields\":{\"projectYear\":\"2018\",\"projectOwner\":\"maud\",\"projectType\":[\"identity\",\"product\"],\"projectCollaborators\":[{\"col1\":\"Maud\",\"col2\":\"http://www.maud.com.au\"}],\"designers\":[{\"col1\":\"Dan Flynn\",\"col2\":\"www.byform.co\"},{\"col1\":\"Tomas Sabbatucci\",\"col2\":\"http://cargocollective.com/tomassabbatucci\"},{\"col1\":\"Adam Vella\",\"col2\":\"http://adamvella.com.au\"},{\"col1\":\"Tom Fethers\",\"col2\":\"http://www.maud.com.au\"}],\"developers\":null,\"strategists\":[{\"col1\":\"Lisa Aitken\",\"col2\":\"https://www.maud.com.au\"},{\"col1\":\"Paul O\'Connor\",\"col2\":\"https://www.maud.com.au\"}],\"discipline\":[\"identity\",\"digital\",\"motion\",\"strategy\"]}}},\"18\":[\"116\"],\"15\":{\"186\":{\"type\":\"2\",\"fields\":{\"picture\":[\"185\"],\"digital\":false,\"video\":false}},\"263\":{\"type\":\"2\",\"fields\":{\"picture\":[\"187\"],\"digital\":false,\"video\":true}},\"267\":{\"type\":\"2\",\"fields\":{\"picture\":[\"190\"],\"digital\":false,\"video\":true}},\"264\":{\"type\":\"2\",\"fields\":{\"picture\":[\"189\"],\"digital\":false,\"video\":true}},\"265\":{\"type\":\"2\",\"fields\":{\"picture\":[\"188\"],\"digital\":false,\"video\":true}}},\"13\":\"http://foxtel.com.au\"}}','2018-11-18 06:01:44','2018-11-18 06:01:44','547139a3-b8cf-4841-b6aa-12bf44b81db8'),
	(177,73,2,1,1,7,'','{\"typeId\":\"2\",\"authorId\":\"1\",\"title\":\"AGI Open\",\"slug\":\"agi-open\",\"postDate\":1541824380,\"expiryDate\":null,\"enabled\":true,\"newParentId\":null,\"fields\":{\"31\":true,\"1\":\"<p>The AGI Open is one of the leading international design conferences. It is a two-day event featuring over 30 of the worlds leading graphic designers  all members of the Alliance Graphique Internationale (AGI).</p><p>The Alliance Graphique Internationale unites the worlds leading graphic designers in a professional gathering of common interest and intent. Membership is by invitation only: to be a member is to be judged a person of influence and importance nationally and internationally by existing members.Founded in 1954, past members have included Cassandre, Josef Mller-Brockmann and Paul Rand. Current members include Wim Crouwel, Massimo Vignelli, Paula Scher and Marian Bantjes.</p><p>Each year AGI Open is held in a different world city and featurestalks, interviews, workshopsand debates.In recent years it has been staged in Porto, Barcelona, Hong Kong,Sao Paula, Seoul and Paris.</p>\",\"2\":{\"74\":{\"type\":\"1\",\"fields\":{\"projectYear\":\"2013\",\"projectOwner\":\"spin\",\"projectType\":[\"identity\"],\"projectCollaborators\":[{\"col1\":\"Spin\",\"col2\":\"http://spin.co.uk\"}],\"designers\":[{\"col1\":\"Dan Flynn\",\"col2\":\"http://byform.co\"},{\"col1\":\"Claudia Klat\",\"col2\":\"http://spin.co.uk\"},{\"col1\":\"Callin Mackintosh\",\"col2\":\"http://www.callinmackintosh.com/\"}],\"developers\":[{\"col1\":\"Archive Studio\",\"col2\":\"http://archive.studio\"}],\"strategists\":null,\"discipline\":[\"identity\",\"digital\",\"motion\"]}}},\"18\":[\"226\"],\"15\":{\"234\":{\"type\":\"2\",\"fields\":{\"picture\":[\"222\"],\"digital\":true,\"video\":false}},\"235\":{\"type\":\"2\",\"fields\":{\"picture\":[\"223\"],\"digital\":true,\"video\":false}},\"236\":{\"type\":\"2\",\"fields\":{\"picture\":[\"224\"],\"digital\":true,\"video\":false}},\"268\":{\"type\":\"2\",\"fields\":{\"picture\":[\"228\"],\"digital\":false,\"video\":false}},\"240\":{\"type\":\"2\",\"fields\":{\"picture\":[\"230\"],\"digital\":false,\"video\":false}},\"241\":{\"type\":\"2\",\"fields\":{\"picture\":[\"231\"],\"digital\":false,\"video\":false}},\"242\":{\"type\":\"2\",\"fields\":{\"picture\":[\"232\"],\"digital\":false,\"video\":false}},\"243\":{\"type\":\"2\",\"fields\":{\"picture\":[\"233\"],\"digital\":false,\"video\":false}}},\"13\":\"http://agi-open.com\"}}','2018-11-18 06:02:50','2018-11-18 06:02:50','9c020a2f-3dd2-42d5-9c40-d2f6eae31452'),
	(178,83,2,1,1,9,'','{\"typeId\":\"2\",\"authorId\":\"1\",\"title\":\"Matthew Hilton\",\"slug\":\"matthew-hilton\",\"postDate\":1541826420,\"expiryDate\":null,\"enabled\":true,\"newParentId\":null,\"fields\":{\"31\":true,\"1\":\"<p>One of Britains most esteemed industrial designers and a Royal Designer for Industry, Matthew\'s furniture is held in the permanent collections of the Victoria &amp; Albert Museum, and the Geffrye Museum, London.</p><p>Working in premium, robust materials including solid hardwood, cast iron, and brass, Hilton creates rigorously functional products that improve with the mark of age. Thinking like a sculptor, Matthew Hilton considers every view of a product equally, allowing for a sense of delight and surprise over the years as the user discovers new details and complexities.Matthew\'s site and identity were nominated for<a href=\\\"https://www.designboom.com/design/designs-of-the-year-2012-shortlist/\\\">Designs of the Year</a>in 2012.</p>\",\"2\":{\"84\":{\"type\":\"1\",\"fields\":{\"projectYear\":\"2011\",\"projectOwner\":\"spin\",\"projectType\":[\"portfolio\"],\"projectCollaborators\":[{\"col1\":\"Spin\",\"col2\":\"http://spin.co.uk\"}],\"designers\":[{\"col1\":\"Dan Flynn\",\"col2\":\"http://byform.co\"},{\"col1\":\"Patrick Eley\",\"col2\":\"https://www.linkedin.com/in/patrick-eley-b7303a32/\"}],\"developers\":[{\"col1\":\"Archive\",\"col2\":\"http://archive.studio\"}],\"strategists\":null,\"discipline\":[\"identity\"]}}},\"18\":[\"160\"],\"15\":{\"199\":{\"type\":\"2\",\"fields\":{\"picture\":[\"198\"],\"digital\":true,\"video\":false}},\"200\":{\"type\":\"2\",\"fields\":{\"picture\":[\"197\"],\"digital\":true,\"video\":false}},\"201\":{\"type\":\"2\",\"fields\":{\"picture\":[\"194\"],\"digital\":true,\"video\":false}},\"202\":{\"type\":\"2\",\"fields\":{\"picture\":[\"195\"],\"digital\":true,\"video\":false}},\"203\":{\"type\":\"2\",\"fields\":{\"picture\":[\"196\"],\"digital\":true,\"video\":false}}},\"13\":\"http://matthewhilton.com\"}}','2018-11-18 06:03:21','2018-11-18 06:03:21','e947d09d-fab7-4070-a13f-30f734ab5bc4'),
	(179,50,2,1,1,22,'','{\"typeId\":\"2\",\"authorId\":\"1\",\"title\":\"Foxtel\",\"slug\":\"foxtel\",\"postDate\":1540094760,\"expiryDate\":null,\"enabled\":true,\"newParentId\":null,\"fields\":{\"31\":false,\"1\":\"<p>As the countries largest producer and broadcaster Foxtel is synonymous with film and TV in Australia. With a new product, and much more affordable pricing model, Foxtel are striving to deliver the worlds best entertainment to everyone in Australia.</p><p>Full case study coming soon.</p><p></p><p></p>\",\"2\":{\"51\":{\"type\":\"1\",\"fields\":{\"projectYear\":\"2018\",\"projectOwner\":\"maud\",\"projectType\":[\"identity\",\"product\"],\"projectCollaborators\":[{\"col1\":\"Maud\",\"col2\":\"http://www.maud.com.au\"}],\"designers\":[{\"col1\":\"Dan Flynn\",\"col2\":\"http://byform.co\"},{\"col1\":\"Tomas Sabbatucci\",\"col2\":\"http://cargocollective.com/tomassabbatucci\"},{\"col1\":\"Adam Vella\",\"col2\":\"http://adamvella.com.au\"},{\"col1\":\"Tom Fethers\",\"col2\":\"http://www.maud.com.au\"}],\"developers\":null,\"strategists\":[{\"col1\":\"Lisa Aitken\",\"col2\":\"https://www.maud.com.au\"},{\"col1\":\"Paul O\'Connor\",\"col2\":\"https://www.maud.com.au\"}],\"discipline\":[\"identity\",\"digital\",\"motion\",\"strategy\"]}}},\"18\":[\"116\"],\"15\":{\"186\":{\"type\":\"2\",\"fields\":{\"picture\":[\"185\"],\"digital\":false,\"video\":false}},\"263\":{\"type\":\"2\",\"fields\":{\"picture\":[\"187\"],\"digital\":false,\"video\":true}},\"267\":{\"type\":\"2\",\"fields\":{\"picture\":[\"190\"],\"digital\":false,\"video\":true}},\"264\":{\"type\":\"2\",\"fields\":{\"picture\":[\"189\"],\"digital\":false,\"video\":true}},\"265\":{\"type\":\"2\",\"fields\":{\"picture\":[\"188\"],\"digital\":false,\"video\":true}}},\"13\":\"http://foxtel.com.au\"}}','2018-11-18 06:05:56','2018-11-18 06:05:56','4c89f7e2-3e28-44ee-82a4-29c5a8a5b060'),
	(180,56,2,1,1,8,'','{\"typeId\":\"2\",\"authorId\":\"1\",\"title\":\"Google Zoo\",\"slug\":\"google-zoo\",\"postDate\":1540095300,\"expiryDate\":null,\"enabled\":true,\"newParentId\":null,\"fields\":{\"31\":false,\"1\":\"<p>Described as a think tank for brands and agencies, the Zoo are Googles somewhat incognito wing of the tech giant.</p><p>Comprised of a global team of technologists, creatives, strategists and producers; Google Zoo explore how creative thinking and technology can combine to create new interaction between brands and consumers. Their analytical yet imaginative process informed a playful yet pragmatic identity design.</p>\",\"2\":{\"57\":{\"type\":\"1\",\"fields\":{\"projectYear\":\"2016\",\"projectOwner\":\"maud\",\"projectType\":[\"identity\"],\"projectCollaborators\":[{\"col1\":\"Maud\",\"col2\":\"http://maud.com.au\"}],\"designers\":[{\"col1\":\"Dan Flynn\",\"col2\":\"http://byform.co\"}],\"developers\":null,\"strategists\":null,\"discipline\":[\"identity\",\"motion\"]}}},\"18\":[\"60\"],\"15\":{\"176\":{\"type\":\"2\",\"fields\":{\"picture\":[\"169\"],\"digital\":false,\"video\":false}},\"178\":{\"type\":\"2\",\"fields\":{\"picture\":[\"170\"],\"digital\":false,\"video\":false}},\"179\":{\"type\":\"2\",\"fields\":{\"picture\":[\"171\"],\"digital\":false,\"video\":false}},\"180\":{\"type\":\"2\",\"fields\":{\"picture\":[\"172\"],\"digital\":false,\"video\":false}},\"181\":{\"type\":\"2\",\"fields\":{\"picture\":[\"175\"],\"digital\":false,\"video\":false}},\"182\":{\"type\":\"2\",\"fields\":{\"picture\":[\"174\"],\"digital\":false,\"video\":false}},\"177\":{\"type\":\"2\",\"fields\":{\"picture\":[\"173\"],\"digital\":false,\"video\":false}},\"184\":{\"type\":\"2\",\"fields\":{\"picture\":[\"183\"],\"digital\":false,\"video\":false}}}}}','2018-11-18 06:06:01','2018-11-18 06:06:01','b9472ffa-fa89-48e5-97f1-41bdbaca7b13'),
	(181,69,2,1,1,9,'','{\"typeId\":\"2\",\"authorId\":\"1\",\"title\":\"Bill Byron wines\",\"slug\":\"bill-byron-wines\",\"postDate\":1541823180,\"expiryDate\":null,\"enabled\":true,\"newParentId\":null,\"fields\":{\"31\":false,\"1\":\"<p>Named after the late William Byron; Bill Byron wines was founded to honour his larger-than-life legacy.</p><p>Their first wine, an organic blend of Shiraz, Cabernet and Merlot, contains hand selected grapes from lots 101, 102 and 105 from their New South Wales [AUS] vineyard; established by Bill Byron himself. Bills legacy and the location of these historic vines lay the foundation for the identity, website and label design; big, bold and without pretension.</p>\",\"2\":{\"70\":{\"type\":\"1\",\"fields\":{\"projectYear\":\"2014\",\"projectOwner\":\"maud\",\"projectType\":[\"identity\",\"product\"],\"projectCollaborators\":[{\"col1\":\"Maud\",\"col2\":\"http://maud.com.au\"}],\"designers\":[{\"col1\":\"Dan Flynn\",\"col2\":\"http://byform.co\"},{\"col1\":\"Adam Vella\",\"col2\":\"http://adamvella.com.au\"}],\"developers\":[{\"col1\":\"Sandbox\",\"col2\":\"http://sandboxdigital.com.au/\"}],\"strategists\":null,\"discipline\":[\"identity\",\"digital\",\"motion\",\"strategy\"]}}},\"18\":[\"128\"],\"15\":{\"139\":{\"type\":\"2\",\"fields\":{\"picture\":[\"129\"],\"digital\":false,\"video\":false}},\"140\":{\"type\":\"2\",\"fields\":{\"picture\":[\"126\"],\"digital\":false,\"video\":false}},\"141\":{\"type\":\"2\",\"fields\":{\"picture\":[\"131\"],\"digital\":true,\"video\":false}},\"142\":{\"type\":\"2\",\"fields\":{\"picture\":[\"135\"],\"digital\":true,\"video\":false}},\"143\":{\"type\":\"2\",\"fields\":{\"picture\":[\"123\"],\"digital\":false,\"video\":false}},\"144\":{\"type\":\"2\",\"fields\":{\"picture\":[\"132\"],\"digital\":false,\"video\":false}},\"145\":{\"type\":\"2\",\"fields\":{\"picture\":[\"134\"],\"digital\":false,\"video\":false}},\"146\":{\"type\":\"2\",\"fields\":{\"picture\":[\"133\"],\"digital\":false,\"video\":false}},\"147\":{\"type\":\"2\",\"fields\":{\"picture\":[\"137\"],\"digital\":false,\"video\":false}}},\"13\":\"http://billbyronwines.com\"}}','2018-11-18 06:06:09','2018-11-18 06:06:09','64ebfee6-da17-45f8-a7a4-aeb4d1e5f292'),
	(182,71,2,1,1,9,'','{\"typeId\":\"2\",\"authorId\":\"1\",\"title\":\"M&M\",\"slug\":\"m-m\",\"postDate\":1541823420,\"expiryDate\":null,\"enabled\":true,\"newParentId\":null,\"fields\":{\"31\":false,\"1\":\"<p>Every December the Monkeys and Maud host a festive lunch, to celebrate the years successes.</p><p>This year, in place of a traditional invitation,we created a series of unique screen-printed posters. With 10+ \\\"M\\\" designs, 8 paper stocks, and 4 colour variations we created a wide variety of designs, ensuring no two people received the same print.</p>\",\"2\":{\"72\":{\"type\":\"1\",\"fields\":{\"projectYear\":\"2014\",\"projectOwner\":\"maud\",\"projectType\":[\"identity\"],\"projectCollaborators\":[{\"col1\":\"Maud\",\"col2\":\"http://maud.com.au\"}],\"designers\":[{\"col1\":\"Dan Flynn\",\"col2\":\"http://byform.co\"}],\"developers\":null,\"strategists\":null,\"discipline\":[\"identity\"]}}},\"18\":[\"148\"],\"15\":{\"152\":{\"type\":\"2\",\"fields\":{\"picture\":[\"149\"],\"digital\":false,\"video\":false}},\"153\":{\"type\":\"2\",\"fields\":{\"picture\":[\"151\"],\"digital\":false,\"video\":false}},\"155\":{\"type\":\"2\",\"fields\":{\"picture\":[\"150\"],\"digital\":false,\"video\":false}}}}}','2018-11-18 06:06:13','2018-11-18 06:06:13','df3d259f-d46b-4f51-b488-ea7f0945b21a'),
	(183,3,2,1,1,15,'','{\"typeId\":\"2\",\"authorId\":\"1\",\"title\":\"AGI\",\"slug\":\"agi\",\"postDate\":1539496200,\"expiryDate\":null,\"enabled\":true,\"newParentId\":null,\"fields\":{\"31\":false,\"1\":\"<p>The Alliance Graphique Internationale [AGI] was established in 1951 as a means of uniting the worlds leading creative talents in design, advertising, and illustration. Bass, Calvert, Crouwel, Saville, Scherthe AGI is a whos who of design. Membership is prestigious. Prospective members are invited to present work to the jury on the basis of quality and reputation. Members range from single practitioners to partners in global agencies. The first phase of strategic implementation sees the AGI site positioned as a source of design inspiration and education for professionals and students alike.</p>\",\"2\":{\"4\":{\"type\":\"1\",\"fields\":{\"projectYear\":\"2017\",\"projectOwner\":\"form\",\"projectType\":[\"product\",\"portfolio\"],\"projectCollaborators\":[{\"col1\":\"Atelier David Smith\",\"col2\":\"http://atelier.ie\"},{\"col1\":\"Dan Flynn\",\"col2\":\"http://byform.com\"}],\"designers\":[{\"col1\":\"Dan Flynn\",\"col2\":\"http://byform.co\"},{\"col1\":\"David Smith \",\"col2\":\"http://atelier.ie\"}],\"developers\":[{\"col1\":\"Archive Studio\",\"col2\":\"http://archive.studio\"}],\"strategists\":null,\"discipline\":[\"digital\"]}}},\"18\":[\"18\"],\"15\":{\"168\":{\"type\":\"2\",\"fields\":{\"picture\":[\"163\"],\"digital\":false,\"video\":false}},\"27\":{\"type\":\"2\",\"fields\":{\"picture\":[\"24\"],\"digital\":true,\"video\":false}},\"28\":{\"type\":\"2\",\"fields\":{\"picture\":[\"25\"],\"digital\":true,\"video\":false}},\"29\":{\"type\":\"2\",\"fields\":{\"picture\":[\"19\"],\"digital\":true,\"video\":false}},\"30\":{\"type\":\"2\",\"fields\":{\"picture\":[\"21\"],\"digital\":true,\"video\":false}},\"31\":{\"type\":\"2\",\"fields\":{\"picture\":[\"23\"],\"digital\":true,\"video\":false}},\"32\":{\"type\":\"2\",\"fields\":{\"picture\":[\"26\"],\"digital\":true,\"video\":false}}},\"13\":\"http://a-g-i.org\"}}','2018-11-18 06:06:31','2018-11-18 06:06:31','86c27436-9b0f-4919-8ecc-bbb9b99fd35e');

/*!40000 ALTER TABLE `entryversions` ENABLE KEYS */;
UNLOCK TABLES;


# Dump of table fieldgroups
# ------------------------------------------------------------

DROP TABLE IF EXISTS `fieldgroups`;

CREATE TABLE `fieldgroups` (
  `id` int(11) NOT NULL AUTO_INCREMENT,
  `name` varchar(255) NOT NULL,
  `dateCreated` datetime NOT NULL,
  `dateUpdated` datetime NOT NULL,
  `uid` char(36) NOT NULL DEFAULT '0',
  PRIMARY KEY (`id`),
  UNIQUE KEY `fieldgroups_name_unq_idx` (`name`)
) ENGINE=InnoDB DEFAULT CHARSET=utf8;

LOCK TABLES `fieldgroups` WRITE;
/*!40000 ALTER TABLE `fieldgroups` DISABLE KEYS */;

INSERT INTO `fieldgroups` (`id`, `name`, `dateCreated`, `dateUpdated`, `uid`)
VALUES
	(1,'Project','2018-10-14 04:54:48','2018-10-14 05:13:50','abb6b8a9-52d4-48fa-8979-30162bb90652'),
	(2,'Information','2018-10-14 06:07:26','2018-10-14 06:07:26','38a96c42-7b8d-4adb-8f73-668084da1c72');

/*!40000 ALTER TABLE `fieldgroups` ENABLE KEYS */;
UNLOCK TABLES;


# Dump of table fieldlayoutfields
# ------------------------------------------------------------

DROP TABLE IF EXISTS `fieldlayoutfields`;

CREATE TABLE `fieldlayoutfields` (
  `id` int(11) NOT NULL AUTO_INCREMENT,
  `layoutId` int(11) NOT NULL,
  `tabId` int(11) NOT NULL,
  `fieldId` int(11) NOT NULL,
  `required` tinyint(1) NOT NULL DEFAULT '0',
  `sortOrder` smallint(6) unsigned DEFAULT NULL,
  `dateCreated` datetime NOT NULL,
  `dateUpdated` datetime NOT NULL,
  `uid` char(36) NOT NULL DEFAULT '0',
  PRIMARY KEY (`id`),
  UNIQUE KEY `fieldlayoutfields_layoutId_fieldId_unq_idx` (`layoutId`,`fieldId`),
  KEY `fieldlayoutfields_sortOrder_idx` (`sortOrder`),
  KEY `fieldlayoutfields_tabId_idx` (`tabId`),
  KEY `fieldlayoutfields_fieldId_idx` (`fieldId`),
  CONSTRAINT `fieldlayoutfields_fieldId_fk` FOREIGN KEY (`fieldId`) REFERENCES `fields` (`id`) ON DELETE CASCADE,
  CONSTRAINT `fieldlayoutfields_layoutId_fk` FOREIGN KEY (`layoutId`) REFERENCES `fieldlayouts` (`id`) ON DELETE CASCADE,
  CONSTRAINT `fieldlayoutfields_tabId_fk` FOREIGN KEY (`tabId`) REFERENCES `fieldlayouttabs` (`id`) ON DELETE CASCADE
) ENGINE=InnoDB DEFAULT CHARSET=utf8;

LOCK TABLES `fieldlayoutfields` WRITE;
/*!40000 ALTER TABLE `fieldlayoutfields` DISABLE KEYS */;

INSERT INTO `fieldlayoutfields` (`id`, `layoutId`, `tabId`, `fieldId`, `required`, `sortOrder`, `dateCreated`, `dateUpdated`, `uid`)
VALUES
	(124,6,32,26,0,1,'2018-10-14 06:21:43','2018-10-14 06:21:43','e0aab1eb-5ccb-48e8-a390-d32cf3d16520'),
	(125,6,32,27,0,2,'2018-10-14 06:21:43','2018-10-14 06:21:43','05ac577c-49c6-4d47-b707-c7c5696428b7'),
	(126,6,32,28,0,3,'2018-10-14 06:21:43','2018-10-14 06:21:43','dce5bf81-d7d4-4bb1-b4a4-ebf826814581'),
	(127,6,32,29,0,4,'2018-10-14 06:21:43','2018-10-14 06:21:43','1c264e1b-2074-44d8-9145-48cecd07642c'),
	(128,6,32,30,0,5,'2018-10-14 06:21:43','2018-10-14 06:21:43','c1dd07a1-2eea-4b7b-b43f-8ebbccca5209'),
	(131,7,35,20,0,1,'2018-10-14 06:25:04','2018-10-14 06:25:04','1b354791-f24b-4b46-b719-e98131a4e142'),
	(132,1,36,21,0,1,'2018-10-14 06:25:20','2018-10-14 06:25:20','9f39fb87-b2f1-43f8-bdfa-cecf051d73cd'),
	(133,1,36,22,0,2,'2018-10-14 06:25:20','2018-10-14 06:25:20','ffef8696-bc69-4688-85e3-f523c8de69c5'),
	(134,1,36,24,0,3,'2018-10-14 06:25:20','2018-10-14 06:25:20','198407d5-96b0-4cbb-976e-f84397bc66db'),
	(135,1,36,25,0,4,'2018-10-14 06:25:20','2018-10-14 06:25:20','b43ead1e-2658-42dc-b074-3b33e15ecb72'),
	(138,4,38,14,1,1,'2018-10-20 05:49:06','2018-10-20 05:49:06','45a3c001-8842-4253-92d6-fdb7b0e378e2'),
	(139,4,38,3,1,2,'2018-10-20 05:49:06','2018-10-20 05:49:06','6d97bd11-c9d9-48ce-b8d0-68abd29505b6'),
	(140,4,38,11,1,3,'2018-10-20 05:49:06','2018-10-20 05:49:06','1271c956-351d-4b2c-b48e-1d0ca4fed7da'),
	(141,4,38,7,0,4,'2018-10-20 05:49:06','2018-10-20 05:49:06','2c4c5806-9bb9-4be2-b002-4b49c412644c'),
	(142,4,38,8,0,5,'2018-10-20 05:49:06','2018-10-20 05:49:06','96245bc5-01b4-4050-97d8-fff804e1a5f1'),
	(143,4,38,9,0,6,'2018-10-20 05:49:06','2018-10-20 05:49:06','29907245-4286-4a76-acce-da7c13201932'),
	(144,4,38,10,0,7,'2018-10-20 05:49:06','2018-10-20 05:49:06','c21a57a9-efb2-4c70-92f6-41277f95fce7'),
	(145,4,38,12,0,8,'2018-10-20 05:49:06','2018-10-20 05:49:06','886020a2-24e9-4eac-a35d-d2a4ace61010'),
	(146,2,39,1,0,1,'2018-11-10 04:11:14','2018-11-10 04:11:14','be5f434b-c212-43db-84fd-d8e7f079ccbe'),
	(147,2,39,13,0,2,'2018-11-10 04:11:14','2018-11-10 04:11:14','13d3953a-c2a5-4417-88df-e6401c642858'),
	(148,2,39,2,0,3,'2018-11-10 04:11:14','2018-11-10 04:11:14','48e0a3f5-2841-4d6f-b8e1-202912b2b03d'),
	(149,2,39,31,0,4,'2018-11-10 04:11:14','2018-11-10 04:11:14','4a604157-eec1-435f-95ed-714a4fb126e8'),
	(150,2,40,18,0,1,'2018-11-10 04:11:14','2018-11-10 04:11:14','b77fa3e6-847c-4212-b58d-fc86f03b3a8d'),
	(151,2,40,15,0,2,'2018-11-10 04:11:14','2018-11-10 04:11:14','503407b3-192b-40ea-927b-b578f47b2229'),
	(155,5,42,17,0,1,'2018-11-18 00:34:45','2018-11-18 00:34:45','324f7de6-d3a5-4b2e-95bb-e2817d65b552'),
	(156,5,42,19,0,2,'2018-11-18 00:34:45','2018-11-18 00:34:45','1e643b20-f74e-4755-936b-6d60423c0d1a'),
	(157,5,42,32,0,3,'2018-11-18 00:34:45','2018-11-18 00:34:45','82d747d3-ff8a-405a-ba66-2c4b92451a87');

/*!40000 ALTER TABLE `fieldlayoutfields` ENABLE KEYS */;
UNLOCK TABLES;


# Dump of table fieldlayouts
# ------------------------------------------------------------

DROP TABLE IF EXISTS `fieldlayouts`;

CREATE TABLE `fieldlayouts` (
  `id` int(11) NOT NULL AUTO_INCREMENT,
  `type` varchar(255) NOT NULL,
  `dateCreated` datetime NOT NULL,
  `dateUpdated` datetime NOT NULL,
  `uid` char(36) NOT NULL DEFAULT '0',
  PRIMARY KEY (`id`),
  KEY `fieldlayouts_type_idx` (`type`)
) ENGINE=InnoDB DEFAULT CHARSET=utf8;

LOCK TABLES `fieldlayouts` WRITE;
/*!40000 ALTER TABLE `fieldlayouts` DISABLE KEYS */;

INSERT INTO `fieldlayouts` (`id`, `type`, `dateCreated`, `dateUpdated`, `uid`)
VALUES
	(1,'craft\\elements\\Entry','2018-10-14 05:02:11','2018-10-14 06:25:20','8e10e31b-d09f-4a0f-b14b-f78619a4d5d8'),
	(2,'craft\\elements\\Entry','2018-10-14 05:03:54','2018-11-10 04:11:14','a9c86f01-1565-4cf1-ab4e-4189332b0cba'),
	(3,'craft\\elements\\Asset','2018-10-14 05:09:02','2018-10-14 05:09:12','ab118212-3de8-45c4-a281-14798b88d121'),
	(4,'verbb\\supertable\\elements\\SuperTableBlockElement','2018-10-14 05:28:23','2018-10-20 05:49:06','503fcfe5-7595-4a7d-b6ea-f7fabd158968'),
	(5,'verbb\\supertable\\elements\\SuperTableBlockElement','2018-10-14 05:55:07','2018-11-18 00:34:45','1577f6d5-2d2a-4cf6-8999-ce3fc3157685'),
	(6,'verbb\\supertable\\elements\\SuperTableBlockElement','2018-10-14 06:21:26','2018-10-14 06:21:43','e4f947af-da7b-4c2b-aaa8-91514251b56c'),
	(7,'craft\\elements\\Entry','2018-10-14 06:23:10','2018-10-14 06:25:04','d426c5c7-9c49-4b1f-b743-b980902ad74d'),
	(8,'craft\\elements\\Entry','2018-11-17 06:05:16','2018-11-17 06:05:29','02907311-4861-4862-a113-dc4dcf581cdd'),
	(9,'craft\\elements\\Asset','2018-11-17 06:28:59','2018-11-17 06:28:59','09ae5f0a-b51d-480c-bf6c-f50af57eb421');

/*!40000 ALTER TABLE `fieldlayouts` ENABLE KEYS */;
UNLOCK TABLES;


# Dump of table fieldlayouttabs
# ------------------------------------------------------------

DROP TABLE IF EXISTS `fieldlayouttabs`;

CREATE TABLE `fieldlayouttabs` (
  `id` int(11) NOT NULL AUTO_INCREMENT,
  `layoutId` int(11) NOT NULL,
  `name` varchar(255) NOT NULL,
  `sortOrder` smallint(6) unsigned DEFAULT NULL,
  `dateCreated` datetime NOT NULL,
  `dateUpdated` datetime NOT NULL,
  `uid` char(36) NOT NULL DEFAULT '0',
  PRIMARY KEY (`id`),
  KEY `fieldlayouttabs_sortOrder_idx` (`sortOrder`),
  KEY `fieldlayouttabs_layoutId_idx` (`layoutId`),
  CONSTRAINT `fieldlayouttabs_layoutId_fk` FOREIGN KEY (`layoutId`) REFERENCES `fieldlayouts` (`id`) ON DELETE CASCADE
) ENGINE=InnoDB DEFAULT CHARSET=utf8;

LOCK TABLES `fieldlayouttabs` WRITE;
/*!40000 ALTER TABLE `fieldlayouttabs` DISABLE KEYS */;

INSERT INTO `fieldlayouttabs` (`id`, `layoutId`, `name`, `sortOrder`, `dateCreated`, `dateUpdated`, `uid`)
VALUES
	(32,6,'Content',1,'2018-10-14 06:21:43','2018-10-14 06:21:43','b07d6ce1-6679-41ae-848a-0d7239bed1ca'),
	(35,7,'Introduction',1,'2018-10-14 06:25:04','2018-10-14 06:25:04','847a2970-47d2-4266-a743-96b3561aec9e'),
	(36,1,'Information',1,'2018-10-14 06:25:20','2018-10-14 06:25:20','ad89256f-6d7a-4333-a74d-5bd0d298f4ce'),
	(38,4,'Content',1,'2018-10-20 05:49:06','2018-10-20 05:49:06','f24963e4-78f2-461f-86a0-200c846a4a45'),
	(39,2,'Information',1,'2018-11-10 04:11:14','2018-11-10 04:11:14','67ac0a27-381c-4370-89fe-145d498816fd'),
	(40,2,'Images',2,'2018-11-10 04:11:14','2018-11-10 04:11:14','81c9c202-8673-4dc9-a9a6-51e87100c01b'),
	(42,5,'Content',1,'2018-11-18 00:34:45','2018-11-18 00:34:45','a44882a1-903e-481f-a528-cae35f988fcd');

/*!40000 ALTER TABLE `fieldlayouttabs` ENABLE KEYS */;
UNLOCK TABLES;


# Dump of table fields
# ------------------------------------------------------------

DROP TABLE IF EXISTS `fields`;

CREATE TABLE `fields` (
  `id` int(11) NOT NULL AUTO_INCREMENT,
  `groupId` int(11) DEFAULT NULL,
  `name` varchar(255) NOT NULL,
  `handle` varchar(64) NOT NULL,
  `context` varchar(255) NOT NULL DEFAULT 'global',
  `instructions` text,
  `translationMethod` varchar(255) NOT NULL DEFAULT 'none',
  `translationKeyFormat` text,
  `type` varchar(255) NOT NULL,
  `settings` text,
  `dateCreated` datetime NOT NULL,
  `dateUpdated` datetime NOT NULL,
  `uid` char(36) NOT NULL DEFAULT '0',
  PRIMARY KEY (`id`),
  UNIQUE KEY `fields_handle_context_unq_idx` (`handle`,`context`),
  KEY `fields_groupId_idx` (`groupId`),
  KEY `fields_context_idx` (`context`),
  CONSTRAINT `fields_groupId_fk` FOREIGN KEY (`groupId`) REFERENCES `fieldgroups` (`id`) ON DELETE CASCADE
) ENGINE=InnoDB DEFAULT CHARSET=utf8;

LOCK TABLES `fields` WRITE;
/*!40000 ALTER TABLE `fields` DISABLE KEYS */;

INSERT INTO `fields` (`id`, `groupId`, `name`, `handle`, `context`, `instructions`, `translationMethod`, `translationKeyFormat`, `type`, `settings`, `dateCreated`, `dateUpdated`, `uid`)
VALUES
	(1,1,'Project description','projectDescription','global','Explain the project.','none',NULL,'craft\\ckeditor\\Field','{\"purifierConfig\":\"\",\"purifyHtml\":\"1\",\"columnType\":\"text\"}','2018-10-14 05:15:05','2018-10-14 06:06:18','fbcd7364-86f6-4f19-bbbb-41817b4b8e1f'),
	(2,1,'Project details','projectDetails','global','Who did what on the project','site',NULL,'verbb\\supertable\\fields\\SuperTableField','{\"minRows\":\"\",\"maxRows\":\"\",\"localizeBlocks\":false,\"staticField\":\"1\",\"columns\":{\"14\":{\"width\":\"\"},\"3\":{\"width\":\"\"},\"11\":{\"width\":\"\"},\"7\":{\"width\":\"\"},\"8\":{\"width\":\"\"},\"9\":{\"width\":\"\"},\"10\":{\"width\":\"\"},\"12\":{\"width\":\"\"}},\"contentTable\":null,\"fieldLayout\":\"row\",\"selectionLabel\":\"\"}','2018-10-14 05:18:46','2018-10-20 05:49:06','0ab07cd3-8878-4d81-9b2a-25416572f14b'),
	(3,NULL,'Project owner','projectOwner','superTableBlockType:1','','none',NULL,'craft\\fields\\Dropdown','{\"options\":[{\"label\":\"Form\",\"value\":\"form\",\"default\":\"\"},{\"label\":\"Maud\",\"value\":\"maud\",\"default\":\"\"},{\"label\":\"Spin\",\"value\":\"spin\",\"default\":\"\"}]}','2018-10-14 05:28:23','2018-10-20 05:49:06','54e704a0-d0d8-4555-8eed-ba0fc01a87c9'),
	(7,NULL,'Project collaborators','projectCollaborators','superTableBlockType:1','','none',NULL,'craft\\fields\\Table','{\"addRowLabel\":\"Add a collaborator\",\"maxRows\":\"\",\"minRows\":\"\",\"columns\":{\"col1\":{\"heading\":\"Collaborator\",\"handle\":\"collaborator\",\"width\":\"\",\"type\":\"singleline\"},\"col2\":{\"heading\":\"Website\",\"handle\":\"website\",\"width\":\"\",\"type\":\"singleline\"}},\"defaults\":{\"row1\":{\"col1\":\"\",\"col2\":\"\"}},\"columnType\":\"text\"}','2018-10-14 05:40:24','2018-10-20 05:49:06','5212bf03-4dac-45d7-a0b7-5dab3eadbd34'),
	(8,NULL,'Designers','designers','superTableBlockType:1','','none',NULL,'craft\\fields\\Table','{\"addRowLabel\":\"Add a designer\",\"maxRows\":\"\",\"minRows\":\"\",\"columns\":{\"col1\":{\"heading\":\"Designer\",\"handle\":\"designer\",\"width\":\"\",\"type\":\"singleline\"},\"col2\":{\"heading\":\"Website\",\"handle\":\"website\",\"width\":\"\",\"type\":\"singleline\"}},\"defaults\":{\"row1\":{\"col1\":\"\",\"col2\":\"\"}},\"columnType\":\"text\"}','2018-10-14 05:41:13','2018-10-20 05:49:06','c957ab1d-5a3d-4eb4-98a2-15f8cb61964b'),
	(9,NULL,'Developers','developers','superTableBlockType:1','','none',NULL,'craft\\fields\\Table','{\"addRowLabel\":\"Add a developer\",\"maxRows\":\"\",\"minRows\":\"\",\"columns\":{\"col1\":{\"heading\":\"Developer\",\"handle\":\"developer\",\"width\":\"\",\"type\":\"singleline\"},\"col2\":{\"heading\":\"Website\",\"handle\":\"website\",\"width\":\"\",\"type\":\"singleline\"}},\"defaults\":{\"row1\":{\"col1\":\"\",\"col2\":\"\"}},\"columnType\":\"text\"}','2018-10-14 05:41:42','2018-10-20 05:49:06','9d126c71-e85c-45dc-a67c-da08d603512a'),
	(10,NULL,'Strategists','strategists','superTableBlockType:1','','none',NULL,'craft\\fields\\Table','{\"addRowLabel\":\"Add a strategist\",\"maxRows\":\"\",\"minRows\":\"0\",\"columns\":{\"col1\":{\"heading\":\"Strategist\",\"handle\":\"strategist\",\"width\":\"\",\"type\":\"singleline\"},\"col2\":{\"heading\":\"Website\",\"handle\":\"website\",\"width\":\"\",\"type\":\"singleline\"}},\"defaults\":{\"row1\":{\"col1\":\"\",\"col2\":\"\"}},\"columnType\":\"text\"}','2018-10-14 05:42:22','2018-10-20 05:49:06','6468d099-571b-46e6-b9dc-4dab5166adb3'),
	(11,NULL,'Project type','projectType','superTableBlockType:1','','none',NULL,'craft\\fields\\MultiSelect','{\"options\":[{\"label\":\"Identity\",\"value\":\"identity\",\"default\":\"1\"},{\"label\":\"Product\",\"value\":\"product\",\"default\":\"\"},{\"label\":\"Portfolio\",\"value\":\"portfolio\",\"default\":\"\"}]}','2018-10-14 05:43:15','2018-10-20 05:49:06','d994179d-0155-4563-bf13-b4097cfd50a1'),
	(12,NULL,'Discipline','discipline','superTableBlockType:1','','none',NULL,'craft\\fields\\MultiSelect','{\"options\":[{\"label\":\"Identity\",\"value\":\"identity\",\"default\":\"\"},{\"label\":\"Digital\",\"value\":\"digital\",\"default\":\"\"},{\"label\":\"Development\",\"value\":\"development\",\"default\":\"\"},{\"label\":\"Motion\",\"value\":\"motion\",\"default\":\"\"},{\"label\":\"Strategy\",\"value\":\"strategy\",\"default\":\"\"}]}','2018-10-14 05:45:05','2018-10-20 05:49:06','bcde52c4-1514-4588-9ce8-2c86721c45bd'),
	(13,1,'Project url','projectUrl','global','','none',NULL,'craft\\fields\\PlainText','{\"placeholder\":\"www.website.com\",\"code\":\"1\",\"multiline\":\"\",\"initialRows\":\"4\",\"charLimit\":\"\",\"columnType\":\"text\"}','2018-10-14 05:45:54','2018-10-14 05:53:10','1bd5d36c-4d4d-4539-8d2f-831495c4a95c'),
	(14,NULL,'Project year','projectYear','superTableBlockType:1','','none',NULL,'craft\\fields\\Number','{\"defaultValue\":\"2000\",\"min\":\"2000\",\"max\":null,\"decimals\":0,\"size\":\"4\"}','2018-10-14 05:47:48','2018-10-20 05:49:06','102af8f0-1045-4b3c-b02e-e5661bdc5fa6'),
	(15,1,'Project images','projectImages','global','','site',NULL,'verbb\\supertable\\fields\\SuperTableField','{\"minRows\":\"\",\"maxRows\":\"\",\"localizeBlocks\":false,\"staticField\":\"\",\"columns\":{\"17\":{\"width\":\"50%\"},\"19\":{\"width\":\"\"},\"32\":{\"width\":\"\"}},\"contentTable\":null,\"fieldLayout\":\"table\",\"selectionLabel\":\"Add an image\"}','2018-10-14 05:55:06','2018-11-18 00:34:45','c50a53d0-423b-4f28-ba79-f84dfc6c2d15'),
	(17,NULL,'Picture','picture','superTableBlockType:2','','site',NULL,'craft\\fields\\Assets','{\"useSingleFolder\":\"1\",\"defaultUploadLocationSource\":\"folder:1\",\"defaultUploadLocationSubpath\":\"\",\"singleUploadLocationSource\":\"folder:1\",\"singleUploadLocationSubpath\":\"\",\"restrictFiles\":\"\",\"allowedKinds\":null,\"sources\":\"*\",\"source\":null,\"targetSiteId\":null,\"viewMode\":\"large\",\"limit\":\"1\",\"selectionLabel\":\"\",\"localizeRelations\":false}','2018-10-14 05:55:07','2018-11-18 00:34:45','4f51eaaa-a132-409a-80fc-cb86c70a9ddd'),
	(18,1,'Project hero image','projectHeroImage','global','','site',NULL,'craft\\fields\\Assets','{\"useSingleFolder\":\"1\",\"defaultUploadLocationSource\":\"folder:1\",\"defaultUploadLocationSubpath\":\"\",\"singleUploadLocationSource\":\"folder:1\",\"singleUploadLocationSubpath\":\"\",\"restrictFiles\":\"\",\"allowedKinds\":null,\"sources\":\"*\",\"source\":null,\"targetSiteId\":null,\"viewMode\":\"large\",\"limit\":\"1\",\"selectionLabel\":\"\",\"localizeRelations\":false}','2018-10-14 05:59:10','2018-10-14 05:59:10','6740ffbd-aa96-4325-aaff-d0e77811796d'),
	(19,NULL,'Digital','digital','superTableBlockType:2','','none',NULL,'craft\\fields\\Lightswitch','{\"default\":\"\"}','2018-10-14 06:01:26','2018-11-18 00:34:45','0b5a9f54-5245-4c14-b1eb-b5d02fb4af54'),
	(20,2,'Site intro','siteIntro','global','','none',NULL,'craft\\ckeditor\\Field','{\"purifierConfig\":\"\",\"purifyHtml\":\"1\",\"columnType\":\"text\"}','2018-10-14 06:06:34','2018-10-14 07:42:58','c61c08ff-365d-417c-a390-da0141d7f06e'),
	(21,2,'Info intro','infoIntro','global','','none',NULL,'craft\\ckeditor\\Field','{\"purifierConfig\":\"\",\"purifyHtml\":\"1\",\"columnType\":\"text\"}','2018-10-14 06:08:12','2018-10-14 06:08:12','6228f1d1-b72f-404f-911e-4c4d594ac884'),
	(22,2,'Biography','biography','global','','none',NULL,'craft\\ckeditor\\Field','{\"purifierConfig\":\"\",\"purifyHtml\":\"1\",\"columnType\":\"text\"}','2018-10-14 06:08:33','2018-10-14 06:08:33','49b69a5e-e650-43b0-9782-684fa86d3537'),
	(24,2,'Contact intro','contactIntro','global','','none',NULL,'craft\\fields\\PlainText','{\"placeholder\":\"\",\"code\":\"\",\"multiline\":\"\",\"initialRows\":\"4\",\"charLimit\":\"\",\"columnType\":\"text\"}','2018-10-14 06:16:39','2018-10-14 08:03:57','34b4863f-e30d-478e-a1df-11a41f846a34'),
	(25,2,'Contact details','contactDetails','global','','site',NULL,'verbb\\supertable\\fields\\SuperTableField','{\"minRows\":\"\",\"maxRows\":\"\",\"localizeBlocks\":false,\"staticField\":\"1\",\"columns\":{\"26\":{\"width\":\"\"},\"27\":{\"width\":\"\"},\"28\":{\"width\":\"\"},\"29\":{\"width\":\"\"},\"30\":{\"width\":\"\"}},\"contentTable\":null,\"fieldLayout\":\"row\",\"selectionLabel\":\"\"}','2018-10-14 06:18:16','2018-10-14 06:21:43','0ba3647e-b470-4bed-a744-efbe10265e46'),
	(26,NULL,'Email','email','superTableBlockType:3','','none',NULL,'craft\\fields\\PlainText','{\"placeholder\":\"\",\"code\":\"1\",\"multiline\":\"\",\"initialRows\":\"4\",\"charLimit\":\"\",\"columnType\":\"text\"}','2018-10-14 06:21:26','2018-10-14 06:21:43','09a7de1f-fac9-4c22-a0d0-bc3b2826ad54'),
	(27,NULL,'Phone','phone','superTableBlockType:3','','none',NULL,'craft\\fields\\PlainText','{\"placeholder\":\"\",\"code\":\"1\",\"multiline\":\"\",\"initialRows\":\"4\",\"charLimit\":\"\",\"columnType\":\"text\"}','2018-10-14 06:21:26','2018-10-14 06:21:43','723d6292-e1a1-4153-a679-c87a5cb84b5c'),
	(28,NULL,'Twitter','twitter','superTableBlockType:3','','none',NULL,'craft\\fields\\PlainText','{\"placeholder\":\"\",\"code\":\"1\",\"multiline\":\"\",\"initialRows\":\"4\",\"charLimit\":\"\",\"columnType\":\"text\"}','2018-10-14 06:21:26','2018-10-14 06:21:43','177f6d56-1b50-4428-9f4b-217cd4cc6f42'),
	(29,NULL,'Insta','insta','superTableBlockType:3','','none',NULL,'craft\\fields\\PlainText','{\"placeholder\":\"\",\"code\":\"1\",\"multiline\":\"\",\"initialRows\":\"4\",\"charLimit\":\"\",\"columnType\":\"text\"}','2018-10-14 06:21:26','2018-10-14 06:21:43','70858f36-b155-4c74-b437-54f914b8246c'),
	(30,NULL,'Address','address','superTableBlockType:3','','none',NULL,'craft\\fields\\PlainText','{\"placeholder\":\"\",\"code\":\"1\",\"multiline\":\"1\",\"initialRows\":\"4\",\"charLimit\":\"\",\"columnType\":\"text\"}','2018-10-14 06:21:26','2018-10-14 06:21:43','751c1fb9-6c57-48e5-ae2b-ec6cf3daefef'),
	(31,1,'Hidden project','hiddenProject','global','Slide to hide','none',NULL,'craft\\fields\\Lightswitch','{\"default\":\"\"}','2018-11-10 04:11:00','2018-11-10 04:11:00','dc5b07a2-8df3-4cc7-948c-5e5843245281'),
	(32,NULL,'Video','video','superTableBlockType:2','Select if you would like to upload a video, with sound and play controls. Leave off for video loops','none',NULL,'craft\\fields\\Lightswitch','{\"default\":\"\"}','2018-11-18 00:28:43','2018-11-18 00:34:45','0d0b7c00-cc80-4ae9-ab71-00806971c1c5');

/*!40000 ALTER TABLE `fields` ENABLE KEYS */;
UNLOCK TABLES;


# Dump of table globalsets
# ------------------------------------------------------------

DROP TABLE IF EXISTS `globalsets`;

CREATE TABLE `globalsets` (
  `id` int(11) NOT NULL AUTO_INCREMENT,
  `name` varchar(255) NOT NULL,
  `handle` varchar(255) NOT NULL,
  `fieldLayoutId` int(11) DEFAULT NULL,
  `dateCreated` datetime NOT NULL,
  `dateUpdated` datetime NOT NULL,
  `uid` char(36) NOT NULL DEFAULT '0',
  PRIMARY KEY (`id`),
  UNIQUE KEY `globalsets_name_unq_idx` (`name`),
  UNIQUE KEY `globalsets_handle_unq_idx` (`handle`),
  KEY `globalsets_fieldLayoutId_idx` (`fieldLayoutId`),
  CONSTRAINT `globalsets_fieldLayoutId_fk` FOREIGN KEY (`fieldLayoutId`) REFERENCES `fieldlayouts` (`id`) ON DELETE SET NULL,
  CONSTRAINT `globalsets_id_fk` FOREIGN KEY (`id`) REFERENCES `elements` (`id`) ON DELETE CASCADE
) ENGINE=InnoDB DEFAULT CHARSET=utf8;



# Dump of table info
# ------------------------------------------------------------

DROP TABLE IF EXISTS `info`;

CREATE TABLE `info` (
  `id` int(11) NOT NULL AUTO_INCREMENT,
  `version` varchar(50) NOT NULL,
  `schemaVersion` varchar(15) NOT NULL,
  `edition` tinyint(3) unsigned NOT NULL,
  `timezone` varchar(30) DEFAULT NULL,
  `name` varchar(255) NOT NULL,
  `on` tinyint(1) NOT NULL DEFAULT '0',
  `maintenance` tinyint(1) NOT NULL DEFAULT '0',
  `fieldVersion` char(12) NOT NULL DEFAULT '000000000000',
  `dateCreated` datetime NOT NULL,
  `dateUpdated` datetime NOT NULL,
  `uid` char(36) NOT NULL DEFAULT '0',
  PRIMARY KEY (`id`)
) ENGINE=InnoDB DEFAULT CHARSET=utf8;

LOCK TABLES `info` WRITE;
/*!40000 ALTER TABLE `info` DISABLE KEYS */;

INSERT INTO `info` (`id`, `version`, `schemaVersion`, `edition`, `timezone`, `name`, `on`, `maintenance`, `fieldVersion`, `dateCreated`, `dateUpdated`, `uid`)
VALUES
	(1,'3.0.30.2','3.0.93',0,'America/Los_Angeles','Form',1,0,'VmQg5k4ovlki','2018-10-14 04:54:48','2018-11-18 00:34:45','a853acc8-a21a-41fc-8ead-dade11ad0130');

/*!40000 ALTER TABLE `info` ENABLE KEYS */;
UNLOCK TABLES;


# Dump of table matrixblocks
# ------------------------------------------------------------

DROP TABLE IF EXISTS `matrixblocks`;

CREATE TABLE `matrixblocks` (
  `id` int(11) NOT NULL,
  `ownerId` int(11) NOT NULL,
  `ownerSiteId` int(11) DEFAULT NULL,
  `fieldId` int(11) NOT NULL,
  `typeId` int(11) NOT NULL,
  `sortOrder` smallint(6) unsigned DEFAULT NULL,
  `dateCreated` datetime NOT NULL,
  `dateUpdated` datetime NOT NULL,
  `uid` char(36) NOT NULL DEFAULT '0',
  PRIMARY KEY (`id`),
  KEY `matrixblocks_ownerId_idx` (`ownerId`),
  KEY `matrixblocks_fieldId_idx` (`fieldId`),
  KEY `matrixblocks_typeId_idx` (`typeId`),
  KEY `matrixblocks_sortOrder_idx` (`sortOrder`),
  KEY `matrixblocks_ownerSiteId_idx` (`ownerSiteId`),
  CONSTRAINT `matrixblocks_fieldId_fk` FOREIGN KEY (`fieldId`) REFERENCES `fields` (`id`) ON DELETE CASCADE,
  CONSTRAINT `matrixblocks_id_fk` FOREIGN KEY (`id`) REFERENCES `elements` (`id`) ON DELETE CASCADE,
  CONSTRAINT `matrixblocks_ownerId_fk` FOREIGN KEY (`ownerId`) REFERENCES `elements` (`id`) ON DELETE CASCADE,
  CONSTRAINT `matrixblocks_ownerSiteId_fk` FOREIGN KEY (`ownerSiteId`) REFERENCES `sites` (`id`) ON DELETE CASCADE ON UPDATE CASCADE,
  CONSTRAINT `matrixblocks_typeId_fk` FOREIGN KEY (`typeId`) REFERENCES `matrixblocktypes` (`id`) ON DELETE CASCADE
) ENGINE=InnoDB DEFAULT CHARSET=utf8;



# Dump of table matrixblocktypes
# ------------------------------------------------------------

DROP TABLE IF EXISTS `matrixblocktypes`;

CREATE TABLE `matrixblocktypes` (
  `id` int(11) NOT NULL AUTO_INCREMENT,
  `fieldId` int(11) NOT NULL,
  `fieldLayoutId` int(11) DEFAULT NULL,
  `name` varchar(255) NOT NULL,
  `handle` varchar(255) NOT NULL,
  `sortOrder` smallint(6) unsigned DEFAULT NULL,
  `dateCreated` datetime NOT NULL,
  `dateUpdated` datetime NOT NULL,
  `uid` char(36) NOT NULL DEFAULT '0',
  PRIMARY KEY (`id`),
  UNIQUE KEY `matrixblocktypes_name_fieldId_unq_idx` (`name`,`fieldId`),
  UNIQUE KEY `matrixblocktypes_handle_fieldId_unq_idx` (`handle`,`fieldId`),
  KEY `matrixblocktypes_fieldId_idx` (`fieldId`),
  KEY `matrixblocktypes_fieldLayoutId_idx` (`fieldLayoutId`),
  CONSTRAINT `matrixblocktypes_fieldId_fk` FOREIGN KEY (`fieldId`) REFERENCES `fields` (`id`) ON DELETE CASCADE,
  CONSTRAINT `matrixblocktypes_fieldLayoutId_fk` FOREIGN KEY (`fieldLayoutId`) REFERENCES `fieldlayouts` (`id`) ON DELETE SET NULL
) ENGINE=InnoDB DEFAULT CHARSET=utf8;



# Dump of table migrations
# ------------------------------------------------------------

DROP TABLE IF EXISTS `migrations`;

CREATE TABLE `migrations` (
  `id` int(11) NOT NULL AUTO_INCREMENT,
  `pluginId` int(11) DEFAULT NULL,
  `type` enum('app','plugin','content') NOT NULL DEFAULT 'app',
  `name` varchar(255) NOT NULL,
  `applyTime` datetime NOT NULL,
  `dateCreated` datetime NOT NULL,
  `dateUpdated` datetime NOT NULL,
  `uid` char(36) NOT NULL DEFAULT '0',
  PRIMARY KEY (`id`),
  KEY `migrations_pluginId_idx` (`pluginId`),
  KEY `migrations_type_pluginId_idx` (`type`,`pluginId`),
  CONSTRAINT `migrations_pluginId_fk` FOREIGN KEY (`pluginId`) REFERENCES `plugins` (`id`) ON DELETE CASCADE
) ENGINE=InnoDB DEFAULT CHARSET=utf8;

LOCK TABLES `migrations` WRITE;
/*!40000 ALTER TABLE `migrations` DISABLE KEYS */;

INSERT INTO `migrations` (`id`, `pluginId`, `type`, `name`, `applyTime`, `dateCreated`, `dateUpdated`, `uid`)
VALUES
	(1,NULL,'app','Install','2018-10-14 04:54:50','2018-10-14 04:54:50','2018-10-14 04:54:50','8c996e31-a426-4fb6-ab41-81b3977807a2'),
	(2,NULL,'app','m150403_183908_migrations_table_changes','2018-10-14 04:54:50','2018-10-14 04:54:50','2018-10-14 04:54:50','17d4bf19-9aad-47d1-88f9-e24d51a1062f'),
	(3,NULL,'app','m150403_184247_plugins_table_changes','2018-10-14 04:54:50','2018-10-14 04:54:50','2018-10-14 04:54:50','a35fa246-74b0-4e79-9c0d-4c123b0186bc'),
	(4,NULL,'app','m150403_184533_field_version','2018-10-14 04:54:50','2018-10-14 04:54:50','2018-10-14 04:54:50','e4515b47-7d06-4cc9-8e25-b64ea68502bf'),
	(5,NULL,'app','m150403_184729_type_columns','2018-10-14 04:54:50','2018-10-14 04:54:50','2018-10-14 04:54:50','9a2f9c4a-704f-48d8-98eb-062ba34c9858'),
	(6,NULL,'app','m150403_185142_volumes','2018-10-14 04:54:50','2018-10-14 04:54:50','2018-10-14 04:54:50','2bf630bc-8225-410c-a054-20bb6c02b0d4'),
	(7,NULL,'app','m150428_231346_userpreferences','2018-10-14 04:54:50','2018-10-14 04:54:50','2018-10-14 04:54:50','b01efab3-f9d2-4a87-a116-00777ce21b02'),
	(8,NULL,'app','m150519_150900_fieldversion_conversion','2018-10-14 04:54:50','2018-10-14 04:54:50','2018-10-14 04:54:50','ece4a9ab-089e-4653-af3a-c3fe9938d1ed'),
	(9,NULL,'app','m150617_213829_update_email_settings','2018-10-14 04:54:50','2018-10-14 04:54:50','2018-10-14 04:54:50','975f0f4c-856d-497e-bbbd-53ce6e1f3476'),
	(10,NULL,'app','m150721_124739_templatecachequeries','2018-10-14 04:54:50','2018-10-14 04:54:50','2018-10-14 04:54:50','d8fe870c-cd7d-4796-a241-a63caa718f3a'),
	(11,NULL,'app','m150724_140822_adjust_quality_settings','2018-10-14 04:54:50','2018-10-14 04:54:50','2018-10-14 04:54:50','45269e89-f582-4200-b0f4-fe470806c08f'),
	(12,NULL,'app','m150815_133521_last_login_attempt_ip','2018-10-14 04:54:50','2018-10-14 04:54:50','2018-10-14 04:54:50','82d52dc9-630c-4f2e-b3b7-9b57b9cf2c2f'),
	(13,NULL,'app','m151002_095935_volume_cache_settings','2018-10-14 04:54:50','2018-10-14 04:54:50','2018-10-14 04:54:50','101a5cd0-c8bb-4a9a-b484-5340eb14d97e'),
	(14,NULL,'app','m151005_142750_volume_s3_storage_settings','2018-10-14 04:54:50','2018-10-14 04:54:50','2018-10-14 04:54:50','a5982483-f8af-40b8-845d-e53db84fc6f4'),
	(15,NULL,'app','m151016_133600_delete_asset_thumbnails','2018-10-14 04:54:50','2018-10-14 04:54:50','2018-10-14 04:54:50','40b78576-7cfc-4235-a55d-d6f06d16a986'),
	(16,NULL,'app','m151209_000000_move_logo','2018-10-14 04:54:50','2018-10-14 04:54:50','2018-10-14 04:54:50','ab26b813-6db5-4eb0-bc31-01bcfd7949dd'),
	(17,NULL,'app','m151211_000000_rename_fileId_to_assetId','2018-10-14 04:54:50','2018-10-14 04:54:50','2018-10-14 04:54:50','24574128-bdc7-41d7-be43-8c37e43398ef'),
	(18,NULL,'app','m151215_000000_rename_asset_permissions','2018-10-14 04:54:50','2018-10-14 04:54:50','2018-10-14 04:54:50','f6ed572b-3557-4ab1-adeb-8c847a33e0f8'),
	(19,NULL,'app','m160707_000001_rename_richtext_assetsource_setting','2018-10-14 04:54:50','2018-10-14 04:54:50','2018-10-14 04:54:50','25e7e34a-2a71-4ba8-b258-cb85f5ae0e18'),
	(20,NULL,'app','m160708_185142_volume_hasUrls_setting','2018-10-14 04:54:50','2018-10-14 04:54:50','2018-10-14 04:54:50','c9e14d2a-3fa7-49f9-b332-63a0efe2c1aa'),
	(21,NULL,'app','m160714_000000_increase_max_asset_filesize','2018-10-14 04:54:50','2018-10-14 04:54:50','2018-10-14 04:54:50','39c2db3e-0866-437e-a58b-0c7e0b90f97d'),
	(22,NULL,'app','m160727_194637_column_cleanup','2018-10-14 04:54:50','2018-10-14 04:54:50','2018-10-14 04:54:50','2ea34754-5c1c-4e57-8e45-3c389c241aef'),
	(23,NULL,'app','m160804_110002_userphotos_to_assets','2018-10-14 04:54:50','2018-10-14 04:54:50','2018-10-14 04:54:50','419257cc-52f4-47d8-8283-a9a943c70b4a'),
	(24,NULL,'app','m160807_144858_sites','2018-10-14 04:54:50','2018-10-14 04:54:50','2018-10-14 04:54:50','724dbfe3-e87c-436b-9f94-d0a1d8639bb9'),
	(25,NULL,'app','m160829_000000_pending_user_content_cleanup','2018-10-14 04:54:50','2018-10-14 04:54:50','2018-10-14 04:54:50','113428bc-195c-48ee-a3a2-9c7ddb8a4b5e'),
	(26,NULL,'app','m160830_000000_asset_index_uri_increase','2018-10-14 04:54:50','2018-10-14 04:54:50','2018-10-14 04:54:50','0c7259e7-51cc-4f43-97d2-84380ae816a1'),
	(27,NULL,'app','m160912_230520_require_entry_type_id','2018-10-14 04:54:50','2018-10-14 04:54:50','2018-10-14 04:54:50','36a78929-675f-4a1f-a82e-686d4b65b3b8'),
	(28,NULL,'app','m160913_134730_require_matrix_block_type_id','2018-10-14 04:54:50','2018-10-14 04:54:50','2018-10-14 04:54:50','d97a459c-8373-48c3-8fd0-63e58ae2997a'),
	(29,NULL,'app','m160920_174553_matrixblocks_owner_site_id_nullable','2018-10-14 04:54:50','2018-10-14 04:54:50','2018-10-14 04:54:50','d201d5fc-73f8-49f5-9ea3-8857cb1e7a94'),
	(30,NULL,'app','m160920_231045_usergroup_handle_title_unique','2018-10-14 04:54:50','2018-10-14 04:54:50','2018-10-14 04:54:50','e7b42aaf-2f05-4044-bda3-ad4b722e5f62'),
	(31,NULL,'app','m160925_113941_route_uri_parts','2018-10-14 04:54:50','2018-10-14 04:54:50','2018-10-14 04:54:50','aa9be947-faa1-4ac0-b99d-ea481898cde9'),
	(32,NULL,'app','m161006_205918_schemaVersion_not_null','2018-10-14 04:54:50','2018-10-14 04:54:50','2018-10-14 04:54:50','9fd4a138-d1d5-4bf2-9a55-c2077587e272'),
	(33,NULL,'app','m161007_130653_update_email_settings','2018-10-14 04:54:50','2018-10-14 04:54:50','2018-10-14 04:54:50','e7eb7931-685e-4e09-ae4b-03e250426d93'),
	(34,NULL,'app','m161013_175052_newParentId','2018-10-14 04:54:50','2018-10-14 04:54:50','2018-10-14 04:54:50','60910c36-18d4-4c44-993d-375b195dc9ea'),
	(35,NULL,'app','m161021_102916_fix_recent_entries_widgets','2018-10-14 04:54:50','2018-10-14 04:54:50','2018-10-14 04:54:50','4a3ba82b-6776-4ea8-92bd-f15497d1d16e'),
	(36,NULL,'app','m161021_182140_rename_get_help_widget','2018-10-14 04:54:50','2018-10-14 04:54:50','2018-10-14 04:54:50','316fb6bb-5828-4221-81d0-7c41440ab27e'),
	(37,NULL,'app','m161025_000000_fix_char_columns','2018-10-14 04:54:50','2018-10-14 04:54:50','2018-10-14 04:54:50','bb4a096c-5758-4f85-92bb-ccf33dd4f54f'),
	(38,NULL,'app','m161029_124145_email_message_languages','2018-10-14 04:54:50','2018-10-14 04:54:50','2018-10-14 04:54:50','3aff9cea-da61-4adc-b76c-8ddb89d72c37'),
	(39,NULL,'app','m161108_000000_new_version_format','2018-10-14 04:54:50','2018-10-14 04:54:50','2018-10-14 04:54:50','bd73bbcd-9811-41ba-81d5-ba83acdd2d9b'),
	(40,NULL,'app','m161109_000000_index_shuffle','2018-10-14 04:54:50','2018-10-14 04:54:50','2018-10-14 04:54:50','3560ab74-8c40-4390-93f5-365ed7858128'),
	(41,NULL,'app','m161122_185500_no_craft_app','2018-10-14 04:54:50','2018-10-14 04:54:50','2018-10-14 04:54:50','b280476c-321d-403a-8cd4-f1cb03d2e4f3'),
	(42,NULL,'app','m161125_150752_clear_urlmanager_cache','2018-10-14 04:54:50','2018-10-14 04:54:50','2018-10-14 04:54:50','ea633fce-3bfc-474e-8c7d-cf66d3d1b9a0'),
	(43,NULL,'app','m161220_000000_volumes_hasurl_notnull','2018-10-14 04:54:50','2018-10-14 04:54:50','2018-10-14 04:54:50','fd97aa0d-4a5e-4f75-8a10-d2729268a964'),
	(44,NULL,'app','m170114_161144_udates_permission','2018-10-14 04:54:50','2018-10-14 04:54:50','2018-10-14 04:54:50','d2168d87-296e-439a-bbf9-cad7c56a7e63'),
	(45,NULL,'app','m170120_000000_schema_cleanup','2018-10-14 04:54:50','2018-10-14 04:54:50','2018-10-14 04:54:50','2d5b2171-8ef5-4c19-b84e-dbf3e5be74ae'),
	(46,NULL,'app','m170126_000000_assets_focal_point','2018-10-14 04:54:50','2018-10-14 04:54:50','2018-10-14 04:54:50','48479c41-a803-4735-8afe-a3fa0614d7c2'),
	(47,NULL,'app','m170206_142126_system_name','2018-10-14 04:54:50','2018-10-14 04:54:50','2018-10-14 04:54:50','2054c22a-6833-4f97-9143-ebec61d00889'),
	(48,NULL,'app','m170217_044740_category_branch_limits','2018-10-14 04:54:50','2018-10-14 04:54:50','2018-10-14 04:54:50','404afe42-af63-4045-8cd7-62b7088fcee0'),
	(49,NULL,'app','m170217_120224_asset_indexing_columns','2018-10-14 04:54:50','2018-10-14 04:54:50','2018-10-14 04:54:50','c35b6d24-3c05-4e6d-822d-084354948a75'),
	(50,NULL,'app','m170223_224012_plain_text_settings','2018-10-14 04:54:50','2018-10-14 04:54:50','2018-10-14 04:54:50','2f282141-2115-46d5-b423-d1468e93ab34'),
	(51,NULL,'app','m170227_120814_focal_point_percentage','2018-10-14 04:54:50','2018-10-14 04:54:50','2018-10-14 04:54:50','cfb7aecc-895e-4d44-b1de-3393429a65a4'),
	(52,NULL,'app','m170228_171113_system_messages','2018-10-14 04:54:50','2018-10-14 04:54:50','2018-10-14 04:54:50','79502439-f22d-4ed4-81bc-17421148e0e8'),
	(53,NULL,'app','m170303_140500_asset_field_source_settings','2018-10-14 04:54:50','2018-10-14 04:54:50','2018-10-14 04:54:50','eb8d75ff-e767-4914-8ec2-1cc90dc7fc0b'),
	(54,NULL,'app','m170306_150500_asset_temporary_uploads','2018-10-14 04:54:50','2018-10-14 04:54:50','2018-10-14 04:54:50','1a048181-5ccd-45a3-9c42-183d4c86585a'),
	(55,NULL,'app','m170414_162429_rich_text_config_setting','2018-10-14 04:54:50','2018-10-14 04:54:50','2018-10-14 04:54:50','c3d8f0c6-75d7-4877-a5b6-2dcb1452aaa4'),
	(56,NULL,'app','m170523_190652_element_field_layout_ids','2018-10-14 04:54:50','2018-10-14 04:54:50','2018-10-14 04:54:50','b3f39ad6-ecef-4432-840f-8b7f75ce20de'),
	(57,NULL,'app','m170612_000000_route_index_shuffle','2018-10-14 04:54:50','2018-10-14 04:54:50','2018-10-14 04:54:50','447f2feb-7bad-4a18-86d2-0244e472fa2d'),
	(58,NULL,'app','m170621_195237_format_plugin_handles','2018-10-14 04:54:50','2018-10-14 04:54:50','2018-10-14 04:54:50','efda536d-16ee-40ba-a967-824d029572d6'),
	(59,NULL,'app','m170630_161028_deprecation_changes','2018-10-14 04:54:50','2018-10-14 04:54:50','2018-10-14 04:54:50','e1d84580-af41-407e-994c-dda11127fa4b'),
	(60,NULL,'app','m170703_181539_plugins_table_tweaks','2018-10-14 04:54:50','2018-10-14 04:54:50','2018-10-14 04:54:50','79c41789-4ae0-4318-90a7-ab01b16ec232'),
	(61,NULL,'app','m170704_134916_sites_tables','2018-10-14 04:54:50','2018-10-14 04:54:50','2018-10-14 04:54:50','b60cf57f-ae07-424e-a69e-17ff6c5a757b'),
	(62,NULL,'app','m170706_183216_rename_sequences','2018-10-14 04:54:50','2018-10-14 04:54:50','2018-10-14 04:54:50','6b56a083-30b1-4ef0-a9fe-6c9833481e48'),
	(63,NULL,'app','m170707_094758_delete_compiled_traits','2018-10-14 04:54:50','2018-10-14 04:54:50','2018-10-14 04:54:50','7b58002a-e7bc-47b7-9932-603e2b077b1b'),
	(64,NULL,'app','m170731_190138_drop_asset_packagist','2018-10-14 04:54:50','2018-10-14 04:54:50','2018-10-14 04:54:50','4368d20d-b574-4725-84fa-821ebc264c12'),
	(65,NULL,'app','m170810_201318_create_queue_table','2018-10-14 04:54:50','2018-10-14 04:54:50','2018-10-14 04:54:50','276f85e1-a5d3-4eab-887e-2164ba668acf'),
	(66,NULL,'app','m170816_133741_delete_compiled_behaviors','2018-10-14 04:54:50','2018-10-14 04:54:50','2018-10-14 04:54:50','e2ce2c47-1500-4c59-b20f-e1e2bd6740e3'),
	(67,NULL,'app','m170821_180624_deprecation_line_nullable','2018-10-14 04:54:50','2018-10-14 04:54:50','2018-10-14 04:54:50','25cce9c6-99e4-4f2b-b047-e292dcb4cff8'),
	(68,NULL,'app','m170903_192801_longblob_for_queue_jobs','2018-10-14 04:54:50','2018-10-14 04:54:50','2018-10-14 04:54:50','95c3cd14-2833-42a5-850c-62e81ad8ee6b'),
	(69,NULL,'app','m170914_204621_asset_cache_shuffle','2018-10-14 04:54:50','2018-10-14 04:54:50','2018-10-14 04:54:50','75ded7ac-987b-4b61-aca7-939ee878fbaa'),
	(70,NULL,'app','m171011_214115_site_groups','2018-10-14 04:54:50','2018-10-14 04:54:50','2018-10-14 04:54:50','a559916a-d1ad-465c-9cad-b1b628950eec'),
	(71,NULL,'app','m171012_151440_primary_site','2018-10-14 04:54:50','2018-10-14 04:54:50','2018-10-14 04:54:50','6e80128d-f560-4f88-9545-818fbc79b7e7'),
	(72,NULL,'app','m171013_142500_transform_interlace','2018-10-14 04:54:50','2018-10-14 04:54:50','2018-10-14 04:54:50','294235b2-712c-43aa-bd8e-9e49843822e1'),
	(73,NULL,'app','m171016_092553_drop_position_select','2018-10-14 04:54:50','2018-10-14 04:54:50','2018-10-14 04:54:50','58967573-32d4-42a6-be22-b55d885148aa'),
	(74,NULL,'app','m171016_221244_less_strict_translation_method','2018-10-14 04:54:50','2018-10-14 04:54:50','2018-10-14 04:54:50','773d2beb-218b-41b9-bb92-a0a51cc610c6'),
	(75,NULL,'app','m171107_000000_assign_group_permissions','2018-10-14 04:54:50','2018-10-14 04:54:50','2018-10-14 04:54:50','aa745514-9ecb-453f-bf3b-129d242ae73d'),
	(76,NULL,'app','m171117_000001_templatecache_index_tune','2018-10-14 04:54:50','2018-10-14 04:54:50','2018-10-14 04:54:50','1d92172e-3a37-4afc-bb52-274f9765f9dd'),
	(77,NULL,'app','m171126_105927_disabled_plugins','2018-10-14 04:54:50','2018-10-14 04:54:50','2018-10-14 04:54:50','754a7429-3f18-46c2-be1c-1efcbebb1f51'),
	(78,NULL,'app','m171130_214407_craftidtokens_table','2018-10-14 04:54:50','2018-10-14 04:54:50','2018-10-14 04:54:50','f9513907-834d-4f96-8cef-dc81a5eae3c4'),
	(79,NULL,'app','m171202_004225_update_email_settings','2018-10-14 04:54:50','2018-10-14 04:54:50','2018-10-14 04:54:50','7e0f2562-4151-4181-804b-b45fa4ea5241'),
	(80,NULL,'app','m171204_000001_templatecache_index_tune_deux','2018-10-14 04:54:50','2018-10-14 04:54:50','2018-10-14 04:54:50','1530c5db-0564-40fc-87ab-a090eb006d89'),
	(81,NULL,'app','m171205_130908_remove_craftidtokens_refreshtoken_column','2018-10-14 04:54:50','2018-10-14 04:54:50','2018-10-14 04:54:50','c62c37c6-6439-4e4f-bea9-abb5888ac7c4'),
	(82,NULL,'app','m171218_143135_longtext_query_column','2018-10-14 04:54:50','2018-10-14 04:54:50','2018-10-14 04:54:50','a7836586-38fa-4b65-8142-e7a5b6fe4f41'),
	(83,NULL,'app','m171231_055546_environment_variables_to_aliases','2018-10-14 04:54:50','2018-10-14 04:54:50','2018-10-14 04:54:50','3fa33747-fa7b-4c91-9798-69cf173c5a07'),
	(84,NULL,'app','m180113_153740_drop_users_archived_column','2018-10-14 04:54:50','2018-10-14 04:54:50','2018-10-14 04:54:50','1887db64-03f3-44b8-8acb-88edffdeff3c'),
	(85,NULL,'app','m180122_213433_propagate_entries_setting','2018-10-14 04:54:50','2018-10-14 04:54:50','2018-10-14 04:54:50','a0440c1e-1593-4de9-aaed-e4dee83f56fe'),
	(86,NULL,'app','m180124_230459_fix_propagate_entries_values','2018-10-14 04:54:50','2018-10-14 04:54:50','2018-10-14 04:54:50','7b8a77fc-8ea8-416e-a61b-8bfbc820b01e'),
	(87,NULL,'app','m180128_235202_set_tag_slugs','2018-10-14 04:54:50','2018-10-14 04:54:50','2018-10-14 04:54:50','0057f15a-69ea-4003-8533-d7baa2cedc74'),
	(88,NULL,'app','m180202_185551_fix_focal_points','2018-10-14 04:54:50','2018-10-14 04:54:50','2018-10-14 04:54:50','1ed89642-b724-4516-8876-07df675c87f2'),
	(89,NULL,'app','m180217_172123_tiny_ints','2018-10-14 04:54:50','2018-10-14 04:54:50','2018-10-14 04:54:50','d370c225-b46b-40c9-b89e-a691b8e2371b'),
	(90,NULL,'app','m180321_233505_small_ints','2018-10-14 04:54:50','2018-10-14 04:54:50','2018-10-14 04:54:50','1614b1bc-c202-4182-9e76-ea6981416f44'),
	(91,NULL,'app','m180328_115523_new_license_key_statuses','2018-10-14 04:54:50','2018-10-14 04:54:50','2018-10-14 04:54:50','99e902e2-ceef-4af1-924c-672d24b1addc'),
	(92,NULL,'app','m180404_182320_edition_changes','2018-10-14 04:54:50','2018-10-14 04:54:50','2018-10-14 04:54:50','96fcb11f-b59e-4ab8-b72f-e1785d2ad795'),
	(93,NULL,'app','m180411_102218_fix_db_routes','2018-10-14 04:54:50','2018-10-14 04:54:50','2018-10-14 04:54:50','2ee2aba7-d869-4094-a1cc-8a66446027b1'),
	(94,NULL,'app','m180416_205628_resourcepaths_table','2018-10-14 04:54:50','2018-10-14 04:54:50','2018-10-14 04:54:50','15f09f5b-d4af-498d-ac0d-9de1129a8397'),
	(95,NULL,'app','m180418_205713_widget_cleanup','2018-10-14 04:54:50','2018-10-14 04:54:50','2018-10-14 04:54:50','e8414afc-1c51-41ad-9bd3-56d02579061e'),
	(96,NULL,'app','m180824_193422_case_sensitivity_fixes','2018-10-14 04:54:50','2018-10-14 04:54:50','2018-10-14 04:54:50','9926b584-30ce-437c-8a8e-0f755c135d68'),
	(97,NULL,'app','m180901_151639_fix_matrixcontent_tables','2018-10-14 04:54:50','2018-10-14 04:54:50','2018-10-14 04:54:50','d5c2ea2f-ebb4-43c9-bb26-93976f55b852'),
	(98,1,'plugin','Install','2018-10-14 05:06:49','2018-10-14 05:06:49','2018-10-14 05:06:49','82ae544f-9676-4339-96a8-638f9889f1e4'),
	(99,1,'plugin','m180210_000000_migrate_content_tables','2018-10-14 05:06:49','2018-10-14 05:06:49','2018-10-14 05:06:49','2a0603f0-a668-4273-ae6e-8dbedd08ec09'),
	(100,1,'plugin','m180211_000000_type_columns','2018-10-14 05:06:49','2018-10-14 05:06:49','2018-10-14 05:06:49','daa444f1-3c9a-4910-9ac0-31d469b9a1de'),
	(101,1,'plugin','m180219_000000_sites','2018-10-14 05:06:49','2018-10-14 05:06:49','2018-10-14 05:06:49','d18b6b8d-afa9-4145-a6b2-c879dc128d40'),
	(102,1,'plugin','m180220_000000_fix_context','2018-10-14 05:06:49','2018-10-14 05:06:49','2018-10-14 05:06:49','2cf3caaf-b954-498e-bb86-eca82b61092a');

/*!40000 ALTER TABLE `migrations` ENABLE KEYS */;
UNLOCK TABLES;


# Dump of table plugins
# ------------------------------------------------------------

DROP TABLE IF EXISTS `plugins`;

CREATE TABLE `plugins` (
  `id` int(11) NOT NULL AUTO_INCREMENT,
  `handle` varchar(255) NOT NULL,
  `version` varchar(255) NOT NULL,
  `schemaVersion` varchar(255) NOT NULL,
  `licenseKey` char(24) DEFAULT NULL,
  `licenseKeyStatus` enum('valid','invalid','mismatched','astray','unknown') NOT NULL DEFAULT 'unknown',
  `enabled` tinyint(1) NOT NULL DEFAULT '0',
  `settings` text,
  `installDate` datetime NOT NULL,
  `dateCreated` datetime NOT NULL,
  `dateUpdated` datetime NOT NULL,
  `uid` char(36) NOT NULL DEFAULT '0',
  PRIMARY KEY (`id`),
  UNIQUE KEY `plugins_handle_unq_idx` (`handle`),
  KEY `plugins_enabled_idx` (`enabled`)
) ENGINE=InnoDB DEFAULT CHARSET=utf8;

LOCK TABLES `plugins` WRITE;
/*!40000 ALTER TABLE `plugins` DISABLE KEYS */;

INSERT INTO `plugins` (`id`, `handle`, `version`, `schemaVersion`, `licenseKey`, `licenseKeyStatus`, `enabled`, `settings`, `installDate`, `dateCreated`, `dateUpdated`, `uid`)
VALUES
	(1,'super-table','2.0.10','2.0.4',NULL,'unknown',1,NULL,'2018-10-14 05:06:49','2018-10-14 05:06:49','2018-11-18 06:04:33','484fd2d4-2275-495c-9304-573268e4bc53'),
	(2,'ckeditor','1.0.0-beta.2','1.0.0',NULL,'unknown',1,NULL,'2018-10-14 06:05:52','2018-10-14 06:05:52','2018-11-18 06:04:33','65b8c923-b3df-4a5e-bcc1-4eef797d93ab');

/*!40000 ALTER TABLE `plugins` ENABLE KEYS */;
UNLOCK TABLES;


# Dump of table queue
# ------------------------------------------------------------

DROP TABLE IF EXISTS `queue`;

CREATE TABLE `queue` (
  `id` int(11) NOT NULL AUTO_INCREMENT,
  `job` longblob NOT NULL,
  `description` text,
  `timePushed` int(11) NOT NULL,
  `ttr` int(11) NOT NULL,
  `delay` int(11) NOT NULL DEFAULT '0',
  `priority` int(11) unsigned NOT NULL DEFAULT '1024',
  `dateReserved` datetime DEFAULT NULL,
  `timeUpdated` int(11) DEFAULT NULL,
  `progress` smallint(6) NOT NULL DEFAULT '0',
  `attempt` int(11) DEFAULT NULL,
  `fail` tinyint(1) DEFAULT '0',
  `dateFailed` datetime DEFAULT NULL,
  `error` text,
  PRIMARY KEY (`id`),
  KEY `queue_fail_timeUpdated_timePushed_idx` (`fail`,`timeUpdated`,`timePushed`),
  KEY `queue_fail_timeUpdated_delay_idx` (`fail`,`timeUpdated`,`delay`)
) ENGINE=InnoDB DEFAULT CHARSET=utf8;



# Dump of table relations
# ------------------------------------------------------------

DROP TABLE IF EXISTS `relations`;

CREATE TABLE `relations` (
  `id` int(11) NOT NULL AUTO_INCREMENT,
  `fieldId` int(11) NOT NULL,
  `sourceId` int(11) NOT NULL,
  `sourceSiteId` int(11) DEFAULT NULL,
  `targetId` int(11) NOT NULL,
  `sortOrder` smallint(6) unsigned DEFAULT NULL,
  `dateCreated` datetime NOT NULL,
  `dateUpdated` datetime NOT NULL,
  `uid` char(36) NOT NULL DEFAULT '0',
  PRIMARY KEY (`id`),
  UNIQUE KEY `relations_fieldId_sourceId_sourceSiteId_targetId_unq_idx` (`fieldId`,`sourceId`,`sourceSiteId`,`targetId`),
  KEY `relations_sourceId_idx` (`sourceId`),
  KEY `relations_targetId_idx` (`targetId`),
  KEY `relations_sourceSiteId_idx` (`sourceSiteId`),
  CONSTRAINT `relations_fieldId_fk` FOREIGN KEY (`fieldId`) REFERENCES `fields` (`id`) ON DELETE CASCADE,
  CONSTRAINT `relations_sourceId_fk` FOREIGN KEY (`sourceId`) REFERENCES `elements` (`id`) ON DELETE CASCADE,
  CONSTRAINT `relations_sourceSiteId_fk` FOREIGN KEY (`sourceSiteId`) REFERENCES `sites` (`id`) ON DELETE CASCADE ON UPDATE CASCADE,
  CONSTRAINT `relations_targetId_fk` FOREIGN KEY (`targetId`) REFERENCES `elements` (`id`) ON DELETE CASCADE
) ENGINE=InnoDB DEFAULT CHARSET=utf8;

LOCK TABLES `relations` WRITE;
/*!40000 ALTER TABLE `relations` DISABLE KEYS */;

INSERT INTO `relations` (`id`, `fieldId`, `sourceId`, `sourceSiteId`, `targetId`, `sortOrder`, `dateCreated`, `dateUpdated`, `uid`)
VALUES
	(268,18,48,NULL,5,1,'2018-11-10 06:59:47','2018-11-10 06:59:47','10af1189-b1f1-4e9b-abe0-f198e7f9de5f'),
	(314,18,52,NULL,61,1,'2018-11-10 07:30:49','2018-11-10 07:30:49','34e8310b-b937-43c3-8360-9ed718d59b2d'),
	(315,17,102,NULL,99,1,'2018-11-10 07:30:49','2018-11-10 07:30:49','05989d2a-0c7a-4c35-adff-c271bd8db8cf'),
	(316,17,103,NULL,86,1,'2018-11-10 07:30:49','2018-11-10 07:30:49','fba7a3bf-0819-4e1b-8813-33f9c6a1484d'),
	(317,17,104,NULL,92,1,'2018-11-10 07:30:49','2018-11-10 07:30:49','06669738-2bed-41ec-80ef-5cdfeb830c1e'),
	(318,17,105,NULL,89,1,'2018-11-10 07:30:49','2018-11-10 07:30:49','d9f6df2a-8575-43d8-9e3f-c53fb18b0b53'),
	(319,17,106,NULL,91,1,'2018-11-10 07:30:49','2018-11-10 07:30:49','8fd7f7fa-3e04-45f0-b180-4a98ecc5190a'),
	(320,17,107,NULL,85,1,'2018-11-10 07:30:49','2018-11-10 07:30:49','4725e481-0880-4d2e-9946-b0e8e5451ad5'),
	(321,17,108,NULL,90,1,'2018-11-10 07:30:49','2018-11-10 07:30:49','137f9213-bbb5-41f8-88b2-a1d8743a9d02'),
	(322,17,109,NULL,94,1,'2018-11-10 07:30:49','2018-11-10 07:30:49','129ece3a-1215-4ef5-ac49-54489183a4b4'),
	(323,17,110,NULL,100,1,'2018-11-10 07:30:49','2018-11-10 07:30:49','c3a14ca0-8b82-4edb-bf1b-3b397d59c3c2'),
	(324,17,111,NULL,101,1,'2018-11-10 07:30:49','2018-11-10 07:30:49','5f626afd-0c8a-418c-9862-b3601b66ad2b'),
	(325,17,112,NULL,93,1,'2018-11-10 07:30:49','2018-11-10 07:30:49','a367b6aa-20e0-4ed9-84a9-ac6155131916'),
	(327,18,79,NULL,159,1,'2018-11-10 07:32:52','2018-11-10 07:32:52','e5972127-afe0-471c-9f61-4e601d4f5e4a'),
	(343,18,54,NULL,114,1,'2018-11-10 07:41:57','2018-11-10 07:41:57','5ce82afd-0b42-47a6-9a81-7712f1711ad3'),
	(358,18,46,NULL,120,1,'2018-11-17 07:00:30','2018-11-17 07:00:30','6324b240-4cdc-4443-b388-0e560cc8fc88'),
	(359,17,121,NULL,119,1,'2018-11-17 07:00:30','2018-11-17 07:00:30','d5c82586-deab-43c0-a8b2-0f1e964da069'),
	(360,17,164,NULL,163,1,'2018-11-17 07:00:30','2018-11-17 07:00:30','edef86bc-b564-42bf-a5fc-a8cf8417321a'),
	(361,17,165,NULL,163,1,'2018-11-17 07:00:30','2018-11-17 07:00:30','b3511060-0265-4b71-b4ac-7224406632c2'),
	(362,18,12,NULL,115,1,'2018-11-17 07:00:45','2018-11-17 07:00:45','69eff6a6-fe8e-4c28-aae9-81f01e1a0363'),
	(414,18,77,NULL,158,1,'2018-11-17 08:12:42','2018-11-17 08:12:42','b1817423-98f3-48dc-9220-5343775a5757'),
	(415,17,210,NULL,207,1,'2018-11-17 08:12:42','2018-11-17 08:12:42','0472a66a-b8dd-454f-b74f-1aeb8a1ad1d4'),
	(416,17,211,NULL,208,1,'2018-11-17 08:12:42','2018-11-17 08:12:42','ba30077c-06f4-42fd-b77a-3884b55d34e9'),
	(417,17,212,NULL,209,1,'2018-11-17 08:12:42','2018-11-17 08:12:42','4dfe3d9f-1f7e-48b4-8e95-69a0cb5fd5dd'),
	(418,17,213,NULL,204,1,'2018-11-17 08:12:42','2018-11-17 08:12:42','f696dcd1-98fa-4afa-8e72-70a2a6ee85f4'),
	(419,17,214,NULL,205,1,'2018-11-17 08:12:42','2018-11-17 08:12:42','3d57644f-ac2e-4c8b-8f35-3a7cf3d1419b'),
	(420,17,215,NULL,206,1,'2018-11-17 08:12:42','2018-11-17 08:12:42','75c161f0-0d38-4428-ba55-9fec7fa8ad8b'),
	(426,18,81,NULL,161,1,'2018-11-17 08:22:16','2018-11-17 08:22:16','24ce0ab9-ad27-4dad-989a-842a95913f91'),
	(427,17,217,NULL,216,1,'2018-11-17 08:22:16','2018-11-17 08:22:16','ea959024-cd97-4763-9970-7dc9a97b0d7c'),
	(456,18,58,NULL,64,1,'2018-11-17 08:39:17','2018-11-17 08:39:17','b2898400-54b4-40b4-97c2-bbd89bac9843'),
	(457,17,251,NULL,249,1,'2018-11-17 08:39:17','2018-11-17 08:39:17','d23a46c7-8dbc-4ba1-ab06-b0552e14e87f'),
	(458,17,252,NULL,250,1,'2018-11-17 08:39:17','2018-11-17 08:39:17','c1b7c7e0-4d0c-4972-8d9a-baa0472cdf17'),
	(459,17,253,NULL,244,1,'2018-11-17 08:39:17','2018-11-17 08:39:17','c446f55d-ae37-434c-94a1-8a78fe3fff7a'),
	(460,17,254,NULL,245,1,'2018-11-17 08:39:17','2018-11-17 08:39:17','78a49f55-e819-455f-96cd-075d5368cb0f'),
	(461,17,255,NULL,246,1,'2018-11-17 08:39:17','2018-11-17 08:39:17','8f3ff646-53f0-4115-9539-b84f091d500a'),
	(462,17,256,NULL,247,1,'2018-11-17 08:39:17','2018-11-17 08:39:17','0ef3a07a-620f-4c50-841d-0a201a060e8a'),
	(463,17,257,NULL,248,1,'2018-11-17 08:39:17','2018-11-17 08:39:17','f6e3c79b-6c33-4ca1-9646-9a3ad96d98ec'),
	(497,18,15,NULL,45,1,'2018-11-18 05:26:03','2018-11-18 05:26:03','81acfe33-cae6-4c97-b186-30c45d5e4254'),
	(498,17,260,NULL,259,1,'2018-11-18 05:26:03','2018-11-18 05:26:03','113c2742-ad10-496a-80ed-edb6a56442f6'),
	(499,17,41,NULL,37,1,'2018-11-18 05:26:03','2018-11-18 05:26:03','f2865b4f-f3a3-4403-bd62-2f98856bff46'),
	(500,17,67,NULL,66,1,'2018-11-18 05:26:03','2018-11-18 05:26:03','1e6acf6b-cd70-41c7-be8c-b006e8b74d1b'),
	(501,17,43,NULL,44,1,'2018-11-18 05:26:03','2018-11-18 05:26:03','dfdcb3a7-c7fa-4921-8bcf-d1255843a72f'),
	(502,17,17,NULL,34,1,'2018-11-18 05:26:03','2018-11-18 05:26:03','9066f744-1558-4b2a-b080-f8ed6c6bde99'),
	(503,17,40,NULL,35,1,'2018-11-18 05:26:03','2018-11-18 05:26:03','58b72ccb-224d-4b98-a324-4c81fefba336'),
	(504,17,42,NULL,45,1,'2018-11-18 05:26:03','2018-11-18 05:26:03','aeecc83d-8837-4b0c-93bc-4126f7da088e'),
	(520,18,75,NULL,157,1,'2018-11-18 05:58:06','2018-11-18 05:58:06','acc85750-cea9-4110-a1b3-9a3e20646295'),
	(521,17,220,NULL,219,1,'2018-11-18 05:58:06','2018-11-18 05:58:06','28f5e08f-bf5f-4840-bc80-e85994db597c'),
	(522,17,221,NULL,218,1,'2018-11-18 05:58:06','2018-11-18 05:58:06','d19cdceb-6f9b-4234-b62c-076402fcca08'),
	(541,18,73,NULL,226,1,'2018-11-18 06:02:49','2018-11-18 06:02:49','2318a1fd-9618-4f78-8c4e-ccbd77ce3861'),
	(542,17,234,NULL,222,1,'2018-11-18 06:02:49','2018-11-18 06:02:49','c17bf1e9-3dd7-4362-81d6-3f1ffbe2974d'),
	(543,17,235,NULL,223,1,'2018-11-18 06:02:50','2018-11-18 06:02:50','65c544d1-4c25-46d1-b39e-d3d6be8c85d6'),
	(544,17,236,NULL,224,1,'2018-11-18 06:02:50','2018-11-18 06:02:50','e1196c01-603d-4c0f-b419-f83b251c4ffb'),
	(545,17,268,NULL,228,1,'2018-11-18 06:02:50','2018-11-18 06:02:50','df646f55-e1f8-46c5-a769-4064a4e7f95f'),
	(546,17,240,NULL,230,1,'2018-11-18 06:02:50','2018-11-18 06:02:50','3ab5f61e-b1b2-465a-be82-287537626e6c'),
	(547,17,241,NULL,231,1,'2018-11-18 06:02:50','2018-11-18 06:02:50','3e8f35d2-f6a8-42b8-8c44-69d277d77e53'),
	(548,17,242,NULL,232,1,'2018-11-18 06:02:50','2018-11-18 06:02:50','34a545c6-4eb4-4a48-a650-6b7147c66a9e'),
	(549,17,243,NULL,233,1,'2018-11-18 06:02:50','2018-11-18 06:02:50','fe0a4859-eab6-410b-bcb9-53836ed59788'),
	(550,18,83,NULL,160,1,'2018-11-18 06:03:21','2018-11-18 06:03:21','233db2cd-a7a0-4ca5-a07b-951ef345f74c'),
	(551,17,199,NULL,198,1,'2018-11-18 06:03:21','2018-11-18 06:03:21','923b1f8a-b50b-4b04-a63b-e2612afa3e2d'),
	(552,17,200,NULL,197,1,'2018-11-18 06:03:21','2018-11-18 06:03:21','aa1f0892-aab0-44aa-ad9d-a4ee3b7ac4cb'),
	(553,17,201,NULL,194,1,'2018-11-18 06:03:21','2018-11-18 06:03:21','85abf06d-ab2f-4bd8-94ae-fe10b4a3a43f'),
	(554,17,202,NULL,195,1,'2018-11-18 06:03:21','2018-11-18 06:03:21','f123b89e-8acd-4c21-88b8-ae09bf2b1272'),
	(555,17,203,NULL,196,1,'2018-11-18 06:03:21','2018-11-18 06:03:21','c1463805-a14b-4edb-a39f-59601e46de00'),
	(556,18,50,NULL,116,1,'2018-11-18 06:05:56','2018-11-18 06:05:56','a7613521-c0f6-4ff1-88c6-b3156d61d59e'),
	(557,17,186,NULL,185,1,'2018-11-18 06:05:56','2018-11-18 06:05:56','bcc46cd2-632d-4eb7-a5b2-bc0d72b5a013'),
	(558,17,263,NULL,187,1,'2018-11-18 06:05:56','2018-11-18 06:05:56','b71a1ae6-736f-4f89-8f08-b9a41f604e64'),
	(559,17,267,NULL,190,1,'2018-11-18 06:05:56','2018-11-18 06:05:56','b82dc8fa-7b4a-47d9-9d22-e1c274995db2'),
	(560,17,264,NULL,189,1,'2018-11-18 06:05:56','2018-11-18 06:05:56','0bf61ffb-39ad-4537-9a49-417c88f93e22'),
	(561,17,265,NULL,188,1,'2018-11-18 06:05:56','2018-11-18 06:05:56','010d88ce-481d-445c-a420-2ca2b3c19690'),
	(562,18,56,NULL,60,1,'2018-11-18 06:06:01','2018-11-18 06:06:01','5e0aa1ee-d625-40c7-8ee6-1b16951ddd28'),
	(563,17,176,NULL,169,1,'2018-11-18 06:06:01','2018-11-18 06:06:01','64cc1a28-d8a4-4a19-8d6a-5c300ba0b249'),
	(564,17,178,NULL,170,1,'2018-11-18 06:06:01','2018-11-18 06:06:01','5a7fe5e9-5de1-4100-8cf5-a196a40535cf'),
	(565,17,179,NULL,171,1,'2018-11-18 06:06:01','2018-11-18 06:06:01','c3cb8415-b864-4338-b715-38ff81afb072'),
	(566,17,180,NULL,172,1,'2018-11-18 06:06:01','2018-11-18 06:06:01','e2f97101-920f-4919-a107-f69106fe9ba0'),
	(567,17,181,NULL,175,1,'2018-11-18 06:06:01','2018-11-18 06:06:01','0d6e5694-df8d-4359-9700-485c26d050e6'),
	(568,17,182,NULL,174,1,'2018-11-18 06:06:01','2018-11-18 06:06:01','9b04cd63-3751-4d5c-8385-5cd93ea198ee'),
	(569,17,177,NULL,173,1,'2018-11-18 06:06:01','2018-11-18 06:06:01','ade8ef35-74cc-40aa-b2dd-6a045201a23a'),
	(570,17,184,NULL,183,1,'2018-11-18 06:06:01','2018-11-18 06:06:01','aad80efa-81e5-4960-ae5d-d7cad9f2fed1'),
	(571,18,69,NULL,128,1,'2018-11-18 06:06:08','2018-11-18 06:06:08','3d4386af-c53b-4d25-b05f-89cb09129400'),
	(572,17,139,NULL,129,1,'2018-11-18 06:06:08','2018-11-18 06:06:08','225adb59-d0b6-481b-8298-f75c4b7bb37e'),
	(573,17,140,NULL,126,1,'2018-11-18 06:06:08','2018-11-18 06:06:08','4697cf27-974a-4641-bb56-b3fbefec3a51'),
	(574,17,141,NULL,131,1,'2018-11-18 06:06:08','2018-11-18 06:06:08','829888fa-d640-4091-b8d8-da871504f885'),
	(575,17,142,NULL,135,1,'2018-11-18 06:06:08','2018-11-18 06:06:08','275d86c0-21e2-451b-929c-a731b9d07529'),
	(576,17,143,NULL,123,1,'2018-11-18 06:06:08','2018-11-18 06:06:08','834a2560-13da-462e-a277-3542089aabfc'),
	(577,17,144,NULL,132,1,'2018-11-18 06:06:08','2018-11-18 06:06:08','944be78a-c58f-41e2-8753-d31a885fff79'),
	(578,17,145,NULL,134,1,'2018-11-18 06:06:08','2018-11-18 06:06:08','3362bc7c-e1c4-41c7-b82a-23c4912c09ca'),
	(579,17,146,NULL,133,1,'2018-11-18 06:06:08','2018-11-18 06:06:08','926357e3-5e83-428d-85df-e7bf1e05585a'),
	(580,17,147,NULL,137,1,'2018-11-18 06:06:08','2018-11-18 06:06:08','267126a4-aca0-4be8-97c4-4981626664eb'),
	(581,18,71,NULL,148,1,'2018-11-18 06:06:13','2018-11-18 06:06:13','0290896b-190a-4062-b3bd-bb6f57f1a7f5'),
	(582,17,152,NULL,149,1,'2018-11-18 06:06:13','2018-11-18 06:06:13','ab9c60fd-192b-43e1-ab55-fa439836b7af'),
	(583,17,153,NULL,151,1,'2018-11-18 06:06:13','2018-11-18 06:06:13','7209094b-76bd-471b-8f60-62757185993d'),
	(584,17,155,NULL,150,1,'2018-11-18 06:06:13','2018-11-18 06:06:13','8bdee242-2472-4045-bb3e-decaa9090ada'),
	(585,18,3,NULL,18,1,'2018-11-18 06:06:30','2018-11-18 06:06:30','d0e245c0-3019-4b3a-8902-e07eb6f8a27e'),
	(586,17,168,NULL,163,1,'2018-11-18 06:06:30','2018-11-18 06:06:30','7c9a5bfb-6d05-48d2-bc8d-a86a90ae027e'),
	(587,17,27,NULL,24,1,'2018-11-18 06:06:30','2018-11-18 06:06:30','a51d93cd-8295-4cb4-8cc9-85e18b385b08'),
	(588,17,28,NULL,25,1,'2018-11-18 06:06:30','2018-11-18 06:06:30','98ee73dd-ae65-44d7-b1f5-aed2f344bb77'),
	(589,17,29,NULL,19,1,'2018-11-18 06:06:30','2018-11-18 06:06:30','60084d5e-95ea-4ec4-bc43-048913265ed5'),
	(590,17,30,NULL,21,1,'2018-11-18 06:06:31','2018-11-18 06:06:31','e4418d66-c32e-4bc5-a357-f28a9898a9b6'),
	(591,17,31,NULL,23,1,'2018-11-18 06:06:31','2018-11-18 06:06:31','9594b3c5-8b18-426d-b930-8af589bf8e68'),
	(592,17,32,NULL,26,1,'2018-11-18 06:06:31','2018-11-18 06:06:31','107be6cb-830c-4eea-bc0c-532439445ea5');

/*!40000 ALTER TABLE `relations` ENABLE KEYS */;
UNLOCK TABLES;


# Dump of table resourcepaths
# ------------------------------------------------------------

DROP TABLE IF EXISTS `resourcepaths`;

CREATE TABLE `resourcepaths` (
  `hash` varchar(255) NOT NULL,
  `path` varchar(255) NOT NULL,
  PRIMARY KEY (`hash`)
) ENGINE=InnoDB DEFAULT CHARSET=utf8;

LOCK TABLES `resourcepaths` WRITE;
/*!40000 ALTER TABLE `resourcepaths` DISABLE KEYS */;

INSERT INTO `resourcepaths` (`hash`, `path`)
VALUES
	('133c4fd8','@lib/velocity'),
	('1c6328aa','@lib'),
	('1f2339fc','@app/web/assets/feed/dist'),
	('22b96124','@app/web/assets/utilities/dist'),
	('2449e952','@bower/jquery/dist'),
	('29e1b1c7','@lib/jquery.payment'),
	('2b3b8a5','@bower/jquery/dist'),
	('2b930f7b','@app/web/assets/tablesettings/dist'),
	('2d231350','@lib/element-resize-detector'),
	('2ee96d93','@app/web/assets/matrixsettings/dist'),
	('35c61e2f','@lib/velocity'),
	('39d9680b','@app/web/assets/feed/dist'),
	('3a99795d','@lib'),
	('40c223b5','@app/web/assets/cp/dist'),
	('44330d3','@app/web/assets/utilities/dist'),
	('44fc36cb','@app/web/assets/login/dist'),
	('45cf17a1','@app/web/assets/updateswidget/dist'),
	('4b5dbb60','@app/web/assets/craftsupport/dist'),
	('53cd53cf','@app/web/assets/installer/dist'),
	('559a459e','@app/web/assets/updater/dist'),
	('5bfa6e9e','@app/web/assets/pluginstore/dist'),
	('5d8f0438','@app/web/assets/recententries/dist'),
	('5d95d47d','@lib/jquery-ui'),
	('6206673c','@app/web/assets/login/dist'),
	('63354656','@app/web/assets/updateswidget/dist'),
	('66387242','@app/web/assets/cp/dist'),
	('6c37c08e','@craft/ckeditor/assets/field/dist'),
	('6da7ea97','@app/web/assets/craftsupport/dist'),
	('77912a47','@app/web/assets/generalsettings/dist'),
	('7b6f858a','@lib/jquery-ui'),
	('7b7555cf','@app/web/assets/recententries/dist'),
	('7d003f69','@app/web/assets/pluginstore/dist'),
	('80bca473','@lib/d3'),
	('80bd363c','@lib/fabric'),
	('8133c64','@app/web/assets/matrixsettings/dist'),
	('82537ffc','@app/web/assets/deprecationerrors/dist'),
	('83cf6df9','@app/web/assets/dashboard/dist'),
	('84a843b7','@app/web/assets/fields/dist'),
	('8593fe0e','@app/web/assets/editentry/dist'),
	('87ace1f9','@verbb/supertable/resources/dist'),
	('89bdb8e0','@lib/jquery-touch-events'),
	('8b3bb269','@lib/prismjs'),
	('8e198422','@lib/picturefill'),
	('95fbe202','@lib/garnishjs'),
	('96f185dc','@lib/fileupload'),
	('9c32a288','@app/web/assets/updates/dist'),
	('a2521240','@app/web/assets/fields/dist'),
	('a369aff9','@app/web/assets/editentry/dist'),
	('a4a92e0b','@app/web/assets/deprecationerrors/dist'),
	('a5353c0e','@app/web/assets/dashboard/dist'),
	('a646f584','@lib/d3'),
	('a64767cb','@lib/fabric'),
	('a8e3d5d5','@lib/picturefill'),
	('adc1e39e','@lib/prismjs'),
	('af47e917','@lib/jquery-touch-events'),
	('b00bd42b','@lib/fileupload'),
	('b301b3f5','@lib/garnishjs'),
	('bac8f37f','@app/web/assets/updates/dist'),
	('bc87e2da','@app/web/assets/dbbackup/dist'),
	('bd942a7','@lib/element-resize-detector'),
	('c90ee4ae','@lib/timepicker'),
	('d00bed2c','@lib/xregexp'),
	('d0254871','@vendor/craftcms/ckeditor/lib/ckeditor/dist'),
	('d695e8c','@app/web/assets/tablesettings/dist'),
	('da67a9a6','@lib/selectize'),
	('dd793f57','@app/web/assets/edittransform/dist'),
	('e7fe711d','@app/web/assets/plugins/dist'),
	('eff4b559','@lib/timepicker'),
	('f1be030','@lib/jquery.payment'),
	('f6f1bcdb','@lib/xregexp'),
	('fb836ea0','@app/web/assets/edittransform/dist'),
	('fc9df851','@lib/selectize');

/*!40000 ALTER TABLE `resourcepaths` ENABLE KEYS */;
UNLOCK TABLES;


# Dump of table routes
# ------------------------------------------------------------

DROP TABLE IF EXISTS `routes`;

CREATE TABLE `routes` (
  `id` int(11) NOT NULL AUTO_INCREMENT,
  `siteId` int(11) DEFAULT NULL,
  `uriParts` varchar(255) NOT NULL,
  `uriPattern` varchar(255) NOT NULL,
  `template` varchar(500) NOT NULL,
  `sortOrder` smallint(6) unsigned DEFAULT NULL,
  `dateCreated` datetime NOT NULL,
  `dateUpdated` datetime NOT NULL,
  `uid` char(36) NOT NULL DEFAULT '0',
  PRIMARY KEY (`id`),
  KEY `routes_uriPattern_idx` (`uriPattern`),
  KEY `routes_siteId_idx` (`siteId`),
  CONSTRAINT `routes_siteId_fk` FOREIGN KEY (`siteId`) REFERENCES `sites` (`id`) ON DELETE CASCADE ON UPDATE CASCADE
) ENGINE=InnoDB DEFAULT CHARSET=utf8;



# Dump of table searchindex
# ------------------------------------------------------------

DROP TABLE IF EXISTS `searchindex`;

CREATE TABLE `searchindex` (
  `elementId` int(11) NOT NULL,
  `attribute` varchar(25) NOT NULL,
  `fieldId` int(11) NOT NULL,
  `siteId` int(11) NOT NULL,
  `keywords` text NOT NULL,
  PRIMARY KEY (`elementId`,`attribute`,`fieldId`,`siteId`),
  FULLTEXT KEY `searchindex_keywords_idx` (`keywords`)
) ENGINE=MyISAM DEFAULT CHARSET=utf8;

LOCK TABLES `searchindex` WRITE;
/*!40000 ALTER TABLE `searchindex` DISABLE KEYS */;

INSERT INTO `searchindex` (`elementId`, `attribute`, `fieldId`, `siteId`, `keywords`)
VALUES
	(1,'username',0,1,' danflynn '),
	(1,'firstname',0,1,''),
	(1,'lastname',0,1,''),
	(1,'fullname',0,1,''),
	(1,'email',0,1,' dan design flynn gmail com '),
	(1,'slug',0,1,''),
	(2,'slug',0,1,' information '),
	(2,'title',0,1,' information '),
	(3,'field',1,1,' the alliance graphique internationale agi was established in 1951 as a means of uniting the world s leading creative talents in design advertising and illustration bass calvert crouwel saville scher the agi is a who s who of design membership is prestigious prospective members are invited to present work to the jury on the basis of quality and reputation members range from single practitioners to partners in global agencies the first phase of strategic implementation sees the agi site positioned as a source of design inspiration and education for professionals and students alike '),
	(3,'field',13,1,' http a g i org '),
	(3,'field',2,1,' dan flynn http byform co dan flynn http byform co david smith http atelier ie david smith http atelier ie archive studio http archive studio archive studio http archive studio digital atelier david smith http atelier ie atelier david smith http atelier ie dan flynn http byform com dan flynn http byform com form product portfolio 2017 '),
	(4,'field',14,1,' 2017 '),
	(4,'field',3,1,' form '),
	(4,'field',11,1,' product portfolio '),
	(4,'field',7,1,' atelier david smith http atelier ie atelier david smith http atelier ie dan flynn http byform com dan flynn http byform com '),
	(4,'field',8,1,' dan flynn http byform co dan flynn http byform co david smith http atelier ie david smith http atelier ie '),
	(4,'field',9,1,' archive studio http archive studio archive studio http archive studio '),
	(4,'field',10,1,''),
	(4,'field',12,1,' digital '),
	(4,'slug',0,1,''),
	(3,'slug',0,1,' agi '),
	(3,'title',0,1,' agi '),
	(3,'field',15,1,' agi screencast 1 agi work 1 agi members 1 agi dick elffers typografie 1 agi massimo vignelli knoll 1 agi tony brook spin360 1 agi tony brook overview '),
	(5,'filename',0,1,' landscape jpg '),
	(5,'extension',0,1,' jpg '),
	(5,'kind',0,1,' image '),
	(5,'slug',0,1,''),
	(5,'title',0,1,' landscape '),
	(6,'filename',0,1,' portrait jpg '),
	(6,'extension',0,1,' jpg '),
	(6,'kind',0,1,' image '),
	(6,'slug',0,1,''),
	(6,'title',0,1,' portrait '),
	(34,'extension',0,1,' jpg '),
	(3,'field',18,1,' agi homepage laptop '),
	(34,'filename',0,1,' osko identity standards cover jpg '),
	(44,'kind',0,1,' image '),
	(44,'slug',0,1,''),
	(44,'title',0,1,' osko bounce '),
	(2,'field',21,1,' dan s works spans both cultural and commercial sectors from large design institutions to tiny start ups and he is available on a project basis to help lead or support design teams remotely in house or in studio '),
	(2,'field',22,1,' dan flynn was born in cork ireland and studied visual communication at iadt dublin ba hons first class upon graduating dan spent time working at three renowned irish studios atelier detail and zero g before moving to london to begin a four year stint at internationally acclaimed studio spin under the mentorship of tony brook dan worked in an elite team on a diverse range of projects earning a nomination for designs of the year 2012 at the design museum london in late 2014 dan emigrated to australia here joined maud sydney in 2015 to begin work on a number of high profile jobs as creative director from 2015 18 dan lead some of the countries most complex identity projects for clients including ubank bpay suncorp google and australia post during this time dan also helped establish a second office in melbourne before starting a freelance practice in 2019 dan now provides design development strategy and consultancy services for cultural and commercial clients and has recently completed projects for the alliance graphique internationale and melbourne based start up shiftco '),
	(2,'field',24,1,' to discuss a project local or remote get in contact below '),
	(2,'field',25,1,' 353 napier street fitzroy melbourne vic 3065 australia dan byform co function_form 61 439 849 717 function_form '),
	(10,'field',26,1,' dan byform co '),
	(10,'field',27,1,' 61 439 849 717 '),
	(10,'field',28,1,' function_form '),
	(10,'field',29,1,' function_form '),
	(10,'field',30,1,' 353 napier street fitzroy melbourne vic 3065 australia '),
	(10,'slug',0,1,''),
	(11,'slug',0,1,' index '),
	(11,'title',0,1,' homepage '),
	(11,'field',20,1,' design byform is the portfolio of dan flynn a freelance designer developer and creative director working out of melbourne australia dan specializes in finding simple solutions to complex problems his wide ranging expertise encompasses strategy design and development of visual identities products and portfolios '),
	(12,'field',1,1,' adam clarke is a colourist working out of absolute post in soho london with over 10 years experience in the post production industry adam specialises in grades for features commercials and music videos with a skill set spanning well beyond colour grading adam has led projects for brands such as sony ferrari vogue goldfraap and the prodigy full case study coming soon '),
	(12,'field',13,1,' http adamclarkecolour com '),
	(12,'field',2,1,' dan flynn http www byform co dan flynn http www byform co dan flynn http www byform co dan flynn http www byform co identity digital development strategy form http www byform co form http www byform co form identity portfolio 2019 dan flynn http www byform co dan flynn http www byform co '),
	(12,'field',18,1,' acc homepage '),
	(12,'field',15,1,''),
	(13,'field',14,1,' 2019 '),
	(13,'field',3,1,' form '),
	(13,'field',11,1,' identity portfolio '),
	(13,'field',7,1,' form http www byform co form http www byform co '),
	(13,'field',8,1,' dan flynn http www byform co dan flynn http www byform co '),
	(13,'field',9,1,' dan flynn http www byform co dan flynn http www byform co '),
	(13,'field',10,1,' dan flynn http www byform co dan flynn http www byform co '),
	(13,'field',12,1,' identity digital development strategy '),
	(13,'slug',0,1,''),
	(12,'slug',0,1,' adam clarke colour '),
	(12,'title',0,1,' adam clarke colour '),
	(45,'filename',0,1,' osko jump ratio gif '),
	(15,'field',1,1,' several years in the making and involving contribution from every major financial institution osko brings instant payments to all of australia osko brings 24 7 nationwide payments to australia all in under 60 seconds other features include 280 character payment descriptions payid the ability to request money and the option of adding attachments osko is set to become synonymous with these features as australia begins to see osko appear in apps statements and transaction records '),
	(15,'field',13,1,' http osko com au '),
	(15,'field',2,1,' dan flynn http byform co dan flynn http byform co sam turner https studiolathe com sam turner https studiolathe com identity motion strategy maud http www maud com au maud http www maud com au maud identity 2018 dan flynn http byform co dan flynn http byform co '),
	(15,'field',18,1,' osko jump '),
	(15,'field',15,1,' osko animation intro 1 osko logo horizontal osko safe area2 osko bounce osko identity standards cover osko identity standards spreads 2 osko jump '),
	(16,'field',14,1,' 2018 '),
	(16,'field',3,1,' maud '),
	(16,'field',11,1,' identity '),
	(16,'field',7,1,' maud http www maud com au maud http www maud com au '),
	(16,'field',8,1,' dan flynn http byform co dan flynn http byform co sam turner https studiolathe com sam turner https studiolathe com '),
	(16,'field',9,1,''),
	(16,'field',10,1,' dan flynn http byform co dan flynn http byform co '),
	(16,'field',12,1,' identity motion strategy '),
	(16,'slug',0,1,''),
	(17,'field',17,1,' osko identity standards cover '),
	(17,'field',19,1,''),
	(17,'slug',0,1,''),
	(15,'slug',0,1,' osko '),
	(15,'title',0,1,' osko '),
	(45,'extension',0,1,' gif '),
	(18,'filename',0,1,' agi homepage laptop jpg '),
	(18,'extension',0,1,' jpg '),
	(18,'kind',0,1,' image '),
	(18,'slug',0,1,''),
	(18,'title',0,1,' agi homepage laptop '),
	(19,'filename',0,1,' agi dick elffers typografie jpg '),
	(19,'extension',0,1,' jpg '),
	(19,'kind',0,1,' image '),
	(19,'slug',0,1,''),
	(19,'title',0,1,' agi dick elffers typografie '),
	(20,'filename',0,1,' agi dick elffers overview jpg '),
	(20,'extension',0,1,' jpg '),
	(20,'kind',0,1,' image '),
	(20,'slug',0,1,''),
	(20,'title',0,1,' agi dick elffers overview '),
	(21,'filename',0,1,' agi massimo vignelli knoll jpg '),
	(21,'extension',0,1,' jpg '),
	(21,'kind',0,1,' image '),
	(21,'slug',0,1,''),
	(21,'title',0,1,' agi massimo vignelli knoll '),
	(22,'filename',0,1,' agi massimo vignelli overview jpg '),
	(22,'extension',0,1,' jpg '),
	(22,'kind',0,1,' image '),
	(22,'slug',0,1,''),
	(22,'title',0,1,' agi massimo vignelli overview '),
	(23,'filename',0,1,' agi tony brook spin360 jpg '),
	(23,'extension',0,1,' jpg '),
	(23,'kind',0,1,' image '),
	(23,'slug',0,1,''),
	(23,'title',0,1,' agi tony brook spin360 '),
	(24,'filename',0,1,' agi work jpg '),
	(24,'extension',0,1,' jpg '),
	(24,'kind',0,1,' image '),
	(24,'slug',0,1,''),
	(24,'title',0,1,' agi work '),
	(25,'filename',0,1,' agi members jpg '),
	(25,'extension',0,1,' jpg '),
	(25,'kind',0,1,' image '),
	(25,'slug',0,1,''),
	(25,'title',0,1,' agi members '),
	(26,'filename',0,1,' agi tony brook overview jpg '),
	(26,'extension',0,1,' jpg '),
	(26,'kind',0,1,' image '),
	(26,'slug',0,1,''),
	(26,'title',0,1,' agi tony brook overview '),
	(27,'field',17,1,' agi work '),
	(27,'field',19,1,' 1 '),
	(27,'slug',0,1,''),
	(28,'field',17,1,' agi members '),
	(28,'field',19,1,' 1 '),
	(28,'slug',0,1,''),
	(29,'field',17,1,' agi dick elffers typografie '),
	(29,'field',19,1,' 1 '),
	(29,'slug',0,1,''),
	(30,'field',17,1,' agi massimo vignelli knoll '),
	(30,'field',19,1,' 1 '),
	(30,'slug',0,1,''),
	(31,'field',17,1,' agi tony brook spin360 '),
	(31,'field',19,1,' 1 '),
	(31,'slug',0,1,''),
	(32,'field',17,1,' agi tony brook overview '),
	(32,'field',19,1,' 1 '),
	(32,'slug',0,1,''),
	(34,'kind',0,1,' image '),
	(34,'slug',0,1,''),
	(34,'title',0,1,' osko identity standards cover '),
	(35,'filename',0,1,' osko identity standards spreads 2 jpg '),
	(35,'extension',0,1,' jpg '),
	(35,'kind',0,1,' image '),
	(35,'slug',0,1,''),
	(35,'title',0,1,' osko identity standards spreads 2 '),
	(44,'extension',0,1,' gif '),
	(44,'filename',0,1,' osko bounce gif '),
	(37,'filename',0,1,' osko logo horizontal jpg '),
	(37,'extension',0,1,' jpg '),
	(37,'kind',0,1,' image '),
	(37,'slug',0,1,''),
	(37,'title',0,1,' osko logo horizontal '),
	(38,'filename',0,1,' osko logo vertical jpg '),
	(38,'extension',0,1,' jpg '),
	(38,'kind',0,1,' image '),
	(38,'slug',0,1,''),
	(38,'title',0,1,' osko logo vertical '),
	(39,'filename',0,1,' osko logo jpg '),
	(39,'extension',0,1,' jpg '),
	(39,'kind',0,1,' image '),
	(39,'slug',0,1,''),
	(39,'title',0,1,' osko logo '),
	(40,'field',17,1,' osko identity standards spreads 2 '),
	(40,'field',19,1,''),
	(40,'slug',0,1,''),
	(41,'field',17,1,' osko logo horizontal '),
	(41,'field',19,1,''),
	(41,'slug',0,1,''),
	(42,'field',17,1,' osko jump '),
	(42,'field',19,1,''),
	(42,'slug',0,1,''),
	(43,'field',17,1,' osko bounce '),
	(43,'field',19,1,''),
	(43,'slug',0,1,''),
	(45,'kind',0,1,' image '),
	(45,'slug',0,1,''),
	(45,'title',0,1,' osko jump '),
	(46,'field',1,1,' founded in 2018 melbourne based start up are on a mission to change healthcare recruitment forever by connecting healthcare workers directly with hospitals they can cut out expensive inefficient agents saving hospitals time money and stress with digital staff banks automatic rostering and predictive forecasting shiftco helps hospitals deliver the best and safest care possible '),
	(46,'field',13,1,' http shiftco com au '),
	(46,'field',2,1,' dan flynn http byform co dan flynn http byform co dan flynn http byform co dan flynn http byform co identity digital development strategy form http byform co form http byform co form identity product 2019 dan flynn http byform co dan flynn http byform co '),
	(46,'field',18,1,' shiftco sales homepage '),
	(46,'field',15,1,' shiftco app homepage 1 agi screencast agi screencast '),
	(47,'field',14,1,' 2019 '),
	(47,'field',3,1,' form '),
	(47,'field',11,1,' identity product '),
	(47,'field',7,1,' form http byform co form http byform co '),
	(47,'field',8,1,' dan flynn http byform co dan flynn http byform co '),
	(47,'field',9,1,' dan flynn http byform co dan flynn http byform co '),
	(47,'field',10,1,' dan flynn http byform co dan flynn http byform co '),
	(47,'field',12,1,' identity digital development strategy '),
	(47,'slug',0,1,''),
	(46,'slug',0,1,' shiftco '),
	(46,'title',0,1,' shiftco '),
	(48,'field',1,1,' suncorp specialise in everything money finance insurance and banking based in brisbane queensland it has grown to be one of the biggest of australia s banks and is also the single largest insurer in the country '),
	(48,'field',13,1,' www suncorp com au '),
	(48,'field',2,1,' dan flynn http byform co dan flynn http byform co richard smalley http maud com au richard smalley http maud com au identity digital strategy maud http maud com au maud http maud com au maud identity 2017 paul o connor http maud com au paul o connor http maud com au '),
	(48,'field',18,1,' landscape '),
	(48,'field',15,1,''),
	(49,'field',14,1,' 2017 '),
	(49,'field',3,1,' maud '),
	(49,'field',11,1,' identity '),
	(49,'field',7,1,' maud http maud com au maud http maud com au '),
	(49,'field',8,1,' dan flynn http byform co dan flynn http byform co richard smalley http maud com au richard smalley http maud com au '),
	(49,'field',9,1,''),
	(49,'field',10,1,' paul o connor http maud com au paul o connor http maud com au '),
	(49,'field',12,1,' identity digital strategy '),
	(49,'slug',0,1,''),
	(48,'slug',0,1,' suncorp '),
	(48,'title',0,1,' suncorp '),
	(50,'field',1,1,' as the countries largest producer and broadcaster foxtel is synonymous with film and tv in australia with a new product and much more affordable pricing model foxtel are striving to deliver the worlds best entertainment to everyone in australia full case study coming soon '),
	(50,'field',13,1,' http foxtel com au '),
	(50,'field',2,1,' dan flynn http byform co dan flynn http byform co tomas sabbatucci http cargocollective com tomassabbatucci tomas sabbatucci http cargocollective com tomassabbatucci adam vella http adamvella com au adam vella http adamvella com au tom fethers http www maud com au tom fethers http www maud com au identity digital motion strategy maud http www maud com au maud http www maud com au maud identity product 2018 lisa aitken https www maud com au lisa aitken https www maud com au paul o connor https www maud com au paul o connor https www maud com au '),
	(50,'field',18,1,' foxtel logo red '),
	(50,'field',15,1,' foxtel sound 3 foxtel hbo circles aa dark 1 foxtel main fox id paper ba 1 foxtel main fox id ball bc 1 foxtel hbo tape aa light 1 '),
	(51,'field',14,1,' 2018 '),
	(51,'field',3,1,' maud '),
	(51,'field',11,1,' identity product '),
	(51,'field',7,1,' maud http www maud com au maud http www maud com au '),
	(51,'field',8,1,' dan flynn http byform co dan flynn http byform co tomas sabbatucci http cargocollective com tomassabbatucci tomas sabbatucci http cargocollective com tomassabbatucci adam vella http adamvella com au adam vella http adamvella com au tom fethers http www maud com au tom fethers http www maud com au '),
	(51,'field',9,1,''),
	(51,'field',10,1,' lisa aitken https www maud com au lisa aitken https www maud com au paul o connor https www maud com au paul o connor https www maud com au '),
	(51,'field',12,1,' identity digital motion strategy '),
	(51,'slug',0,1,''),
	(50,'slug',0,1,' foxtel '),
	(50,'title',0,1,' foxtel '),
	(52,'field',1,1,' founded in 2007 as australia s first online only bank ubank operate under a less is more ethoswith no physical branches a reduced portfolio of products and the lowest interest rates ubank operate at a lower cost than traditional banks by removing unnecessary extras they pass savings directly to customers this simplified straight forward ethos permeates ever facet of the business no gimmicks no tricks banking as it should be '),
	(52,'field',13,1,' http ubank com au '),
	(52,'field',2,1,' dan flynn http byform co dan flynn http byform co adam vella http adamvella com au adam vella http adamvella com au identity digital strategy maud http maud com au maud http maud com au maud identity product 2016 lisa aitken http maud com au lisa aitken http maud com au dan flynn http byform co dan flynn http byform co '),
	(52,'field',18,1,' ubank logo reveal '),
	(52,'field',15,1,' ubank horizontal ubank debit card 2 up 2 ubank statement ubank contract pack ubank forms ubank folders ubank suite ubank homepage laptop 1 ubank about 1 ubank urhome app ubank jcd 1 '),
	(53,'field',14,1,' 2016 '),
	(53,'field',3,1,' maud '),
	(53,'field',11,1,' identity product '),
	(53,'field',7,1,' maud http maud com au maud http maud com au '),
	(53,'field',8,1,' dan flynn http byform co dan flynn http byform co adam vella http adamvella com au adam vella http adamvella com au '),
	(53,'field',9,1,''),
	(53,'field',10,1,' lisa aitken http maud com au lisa aitken http maud com au dan flynn http byform co dan flynn http byform co '),
	(53,'field',12,1,' identity digital strategy '),
	(53,'slug',0,1,''),
	(52,'slug',0,1,' u bank '),
	(52,'title',0,1,' u bank '),
	(54,'field',1,1,' over 18 months in the making and involving collaboration from scores of people inside and outside of the business the australia post rebrand both respects the long standing history of its identity while also establishing a solid foundation to progress confidently into the next 30 years full case study coming soon '),
	(54,'field',13,1,' http auspost com au '),
	(54,'field',2,1,' owen cramp http owencramp com owen cramp http owencramp com dan flynn http byform co dan flynn http byform co dom hofstede http hofstede com au dom hofstede http hofstede com au tal levin http tallevin info tal levin http tallevin info tomas sabbatucci http cargocollective com tomassabbatucci tomas sabbatucci http cargocollective com tomassabbatucci sam turner http studiolathe com sam turner http studiolathe com identity digital motion strategy maud http maud com au maud http maud com au maud identity 2019 georgina milne https au linkedin com in georginamilne georgina milne https au linkedin com in georginamilne dan flynn http byform co dan flynn http byform co '),
	(54,'field',18,1,' auspost logo black '),
	(54,'field',15,1,''),
	(55,'field',14,1,' 2019 '),
	(55,'field',3,1,' maud '),
	(55,'field',11,1,' identity '),
	(55,'field',7,1,' maud http maud com au maud http maud com au '),
	(55,'field',8,1,' owen cramp http owencramp com owen cramp http owencramp com dan flynn http byform co dan flynn http byform co dom hofstede http hofstede com au dom hofstede http hofstede com au tal levin http tallevin info tal levin http tallevin info tomas sabbatucci http cargocollective com tomassabbatucci tomas sabbatucci http cargocollective com tomassabbatucci sam turner http studiolathe com sam turner http studiolathe com '),
	(55,'field',9,1,''),
	(55,'field',10,1,' georgina milne https au linkedin com in georginamilne georgina milne https au linkedin com in georginamilne dan flynn http byform co dan flynn http byform co '),
	(55,'field',12,1,' identity digital motion strategy '),
	(55,'slug',0,1,''),
	(54,'slug',0,1,' australia post '),
	(54,'title',0,1,' australia post '),
	(56,'field',1,1,' described as a think tank for brands and agencies the zoo are google s somewhat incognito wing of the tech giant comprised of a global team of technologists creatives strategists and producers google zoo explore how creative thinking and technology can combine to create new interaction between brands and consumers their analytical yet imaginative process informed a playful yet pragmatic identity design '),
	(56,'field',13,1,''),
	(56,'field',2,1,' dan flynn http byform co dan flynn http byform co identity motion maud http maud com au maud http maud com au maud identity 2016 '),
	(56,'field',18,1,' google zoo logo horizontal '),
	(56,'field',15,1,' google zoo loop google zoo business cards 2up google zoo business cards suite google zoo comp slip 2up google zoo suite google zoo poster think tank google zoo poster logo google zoo logo loop '),
	(57,'field',14,1,' 2016 '),
	(57,'field',3,1,' maud '),
	(57,'field',11,1,' identity '),
	(57,'field',7,1,' maud http maud com au maud http maud com au '),
	(57,'field',8,1,' dan flynn http byform co dan flynn http byform co '),
	(57,'field',9,1,''),
	(57,'field',10,1,''),
	(57,'field',12,1,' identity motion '),
	(57,'slug',0,1,''),
	(56,'slug',0,1,' google zoo '),
	(56,'title',0,1,' google zoo '),
	(58,'field',1,1,' matter are out to fix a broken energy market and bring solar to millions of tenants around the world solar energy is clean energy it s also cheaper than grid electricity but for millions of renters solar has been out of reach until now matter gives tenants access to cheap clean energy and landlords access to a new revenue stream '),
	(58,'field',13,1,''),
	(58,'field',2,1,' dan flynn http byform co dan flynn http byform co adam vella http adamvella com au adam vella http adamvella com au sandbox http sandbox digital sandbox http sandbox digital identity digital strategy maud http maud com au maud http maud com au maud identity product 2015 '),
	(58,'field',18,1,' matter homepage laptop '),
	(58,'field',15,1,' matter business cards matter stationery suite matter icon loop blue matter icon suite 1 matter homepage long 1 matter ipad 1 1 matter ipad 2 '),
	(59,'field',14,1,' 2015 '),
	(59,'field',3,1,' maud '),
	(59,'field',11,1,' identity product '),
	(59,'field',7,1,' maud http maud com au maud http maud com au '),
	(59,'field',8,1,' dan flynn http byform co dan flynn http byform co adam vella http adamvella com au adam vella http adamvella com au '),
	(59,'field',9,1,' sandbox http sandbox digital sandbox http sandbox digital '),
	(59,'field',10,1,''),
	(59,'field',12,1,' identity digital strategy '),
	(59,'slug',0,1,''),
	(58,'slug',0,1,' google zoo 1 '),
	(58,'title',0,1,' matter '),
	(60,'filename',0,1,' google zoo logo horizontal jpg '),
	(60,'extension',0,1,' jpg '),
	(60,'kind',0,1,' image '),
	(60,'slug',0,1,''),
	(60,'title',0,1,' google zoo logo horizontal '),
	(61,'filename',0,1,' ubank logo reveal gif '),
	(61,'extension',0,1,' gif '),
	(61,'kind',0,1,' image '),
	(61,'slug',0,1,''),
	(61,'title',0,1,' ubank logo reveal '),
	(62,'filename',0,1,' google zoo loop short 2 gif '),
	(62,'extension',0,1,' gif '),
	(62,'kind',0,1,' image '),
	(62,'slug',0,1,''),
	(62,'title',0,1,' google zoo loop short 2 '),
	(63,'filename',0,1,' ubank logo jpg '),
	(63,'extension',0,1,' jpg '),
	(63,'kind',0,1,' image '),
	(63,'slug',0,1,''),
	(63,'title',0,1,' ubank logo '),
	(64,'filename',0,1,' matter homepage laptop jpg '),
	(64,'extension',0,1,' jpg '),
	(64,'kind',0,1,' image '),
	(64,'slug',0,1,''),
	(64,'title',0,1,' matter homepage laptop '),
	(65,'filename',0,1,' osko colours3 jpg '),
	(65,'extension',0,1,' jpg '),
	(65,'kind',0,1,' image '),
	(65,'slug',0,1,''),
	(65,'title',0,1,' osko colours3 '),
	(66,'filename',0,1,' osko safe area2 jpg '),
	(66,'extension',0,1,' jpg '),
	(66,'kind',0,1,' image '),
	(66,'slug',0,1,''),
	(66,'title',0,1,' osko safe area2 '),
	(67,'field',17,1,' osko safe area2 '),
	(67,'field',19,1,''),
	(67,'slug',0,1,''),
	(263,'field',17,1,' foxtel hbo circles aa dark '),
	(186,'field',32,1,''),
	(3,'field',31,1,''),
	(12,'field',31,1,''),
	(15,'field',31,1,''),
	(46,'field',31,1,''),
	(48,'field',31,1,''),
	(50,'field',31,1,''),
	(52,'field',31,1,''),
	(54,'field',31,1,''),
	(56,'field',31,1,''),
	(58,'field',31,1,''),
	(69,'field',1,1,' named after the late william byron bill byron wines was founded to honour his larger than life legacy their first wine an organic blend of shiraz cabernet and merlot contains hand selected grapes from lots 101 102 and 105 from their new south wales aus vineyard established by bill byron himself bill s legacy and the location of these historic vines lay the foundation for the identity website and label design big bold and without pretension '),
	(69,'field',13,1,' http billbyronwines com '),
	(69,'field',2,1,' dan flynn http byform co dan flynn http byform co adam vella http adamvella com au adam vella http adamvella com au sandbox http sandboxdigital com au sandbox http sandboxdigital com au identity digital motion strategy maud http maud com au maud http maud com au maud identity product 2014 '),
	(69,'field',31,1,''),
	(69,'field',18,1,' bb wines horizontal '),
	(69,'field',15,1,' bb wines logo loop bb wines homepage laptop 1 bb wines menu 1 bb wines vineyard bb wines business cards bb wines suite 1 bb wines suite 3 bb wines suite 2 bbwines bottle mix stagger 2 '),
	(70,'field',14,1,' 2014 '),
	(70,'field',3,1,' maud '),
	(70,'field',11,1,' identity product '),
	(70,'field',7,1,' maud http maud com au maud http maud com au '),
	(70,'field',8,1,' dan flynn http byform co dan flynn http byform co adam vella http adamvella com au adam vella http adamvella com au '),
	(70,'field',9,1,' sandbox http sandboxdigital com au sandbox http sandboxdigital com au '),
	(70,'field',10,1,''),
	(70,'field',12,1,' identity digital motion strategy '),
	(70,'slug',0,1,''),
	(69,'slug',0,1,' bill byron wines '),
	(69,'title',0,1,' bill byron wines '),
	(71,'field',1,1,' every december the monkeys and maud host a festive lunch to celebrate the years successes this year in place of a traditional invitation we created a series of unique screen printed posters with 10 m designs 8 paper stocks and 4 colour variations we created a wide variety of designs ensuring no two people received the same print '),
	(71,'field',13,1,''),
	(71,'field',2,1,' dan flynn http byform co dan flynn http byform co identity maud http maud com au maud http maud com au maud identity 2014 '),
	(71,'field',31,1,''),
	(71,'field',18,1,' mmm loop '),
	(71,'field',15,1,' mmm 1 mmm 4 mmm 2 '),
	(72,'field',14,1,' 2014 '),
	(72,'field',3,1,' maud '),
	(72,'field',11,1,' identity '),
	(72,'field',7,1,' maud http maud com au maud http maud com au '),
	(72,'field',8,1,' dan flynn http byform co dan flynn http byform co '),
	(72,'field',9,1,''),
	(72,'field',10,1,''),
	(72,'field',12,1,' identity '),
	(72,'slug',0,1,''),
	(71,'slug',0,1,' m m '),
	(71,'title',0,1,' m m '),
	(73,'field',1,1,' the agi open is one of the leading international design conferences it is a two day event featuring over 30 of the world s leading graphic designers all members of the alliance graphique internationale agi the alliance graphique internationale unites the world s leading graphic designers in a professional gathering of common interest and intent membership is by invitation only to be a member is to be judged a person of influence and importance nationally and internationally by existing members founded in 1954 past members have included cassandre josef muller brockmann and paul rand current members include wim crouwel massimo vignelli paula scher and marian bantjes each year agi open is held in a different world city and features talks interviews workshops and debates in recent years it has been staged in porto barcelona hong kong sao paula seoul and paris '),
	(73,'field',13,1,' http agi open com '),
	(73,'field',2,1,' dan flynn http byform co dan flynn http byform co claudia klat http spin co uk claudia klat http spin co uk callin mackintosh http www callinmackintosh com callin mackintosh http www callinmackintosh com archive studio http archive studio archive studio http archive studio identity digital motion spin http spin co uk spin http spin co uk spin identity 2013 '),
	(73,'field',31,1,' 1 '),
	(73,'field',18,1,' agi open poster '),
	(73,'field',15,1,' 1 agi open home 1 agi open speakers 1 agi open peter saville agi open totes agi open speaker 1 agi open speaker 3 agi open sting a2 agi open sting a3 '),
	(74,'field',14,1,' 2013 '),
	(74,'field',3,1,' spin '),
	(74,'field',11,1,' identity '),
	(74,'field',7,1,' spin http spin co uk spin http spin co uk '),
	(74,'field',8,1,' dan flynn http byform co dan flynn http byform co claudia klat http spin co uk claudia klat http spin co uk callin mackintosh http www callinmackintosh com callin mackintosh http www callinmackintosh com '),
	(74,'field',9,1,' archive studio http archive studio archive studio http archive studio '),
	(74,'field',10,1,''),
	(74,'field',12,1,' identity digital motion '),
	(74,'slug',0,1,''),
	(73,'slug',0,1,' agi open '),
	(73,'title',0,1,' agi open '),
	(75,'field',1,1,' print and motion cover for wired magazine '),
	(75,'field',13,1,' http wired com '),
	(75,'field',2,1,' dan flynn http byform co dan flynn http byform co identity digital motion spin http spin co uk spin http spin co uk spin identity 2013 '),
	(75,'field',31,1,' 1 '),
	(75,'field',18,1,' wired logo '),
	(75,'field',15,1,' 1 wired magazine animated cover 1 wired magazine cover '),
	(76,'field',14,1,' 2013 '),
	(76,'field',3,1,' spin '),
	(76,'field',11,1,' identity '),
	(76,'field',7,1,' spin http spin co uk spin http spin co uk '),
	(76,'field',8,1,' dan flynn http byform co dan flynn http byform co '),
	(76,'field',9,1,''),
	(76,'field',10,1,''),
	(76,'field',12,1,' identity digital motion '),
	(76,'slug',0,1,''),
	(75,'slug',0,1,' wired magazine '),
	(75,'title',0,1,' wired magazine '),
	(77,'field',1,1,' delfina foundation is the largest not for profit art foundation in the uk founded in 2007 they are dedicated to facilitating artistic exchange and creative practice through residencies partnerships and public programming over the last twenty five years delfina has become synonymous with artistic development the foundation was established as the successor to delfina studio trust renowned in the international art world for nurturing and supporting many highly acclaimed artists and more than a dozen turner prize nominees delfina foundation is a non political and non grant making foundation '),
	(77,'field',13,1,' http delfinafoundation com '),
	(77,'field',2,1,' dan flynn http byform co dan flynn http byform co identity digital spin http spin co uk spin http spin co uk spin identity 2011 '),
	(77,'field',31,1,' 1 '),
	(77,'field',18,1,' delfina foundation logo df '),
	(77,'field',15,1,' delfina foundation cards delfina foundation suite delfina foundation tote delfina foundation ahmet ogut 1 delfina foundation ahmet ogut 3 delfina foundation ahmet ogut 4 '),
	(78,'field',14,1,' 2011 '),
	(78,'field',3,1,' spin '),
	(78,'field',11,1,' identity '),
	(78,'field',7,1,' spin http spin co uk spin http spin co uk '),
	(78,'field',8,1,' dan flynn http byform co dan flynn http byform co '),
	(78,'field',9,1,''),
	(78,'field',10,1,''),
	(78,'field',12,1,' identity digital '),
	(78,'slug',0,1,''),
	(77,'slug',0,1,' delfina foundation '),
	(77,'title',0,1,' delfina foundation '),
	(79,'field',1,1,''),
	(79,'field',13,1,''),
	(79,'field',2,1,' dan flynn http byform co dan flynn http byform co archive http archive studio archive http archive studio identity digital spin http spin co uk spin http spin co uk spin identity portfolio 2011 '),
	(79,'field',31,1,' 1 '),
	(79,'field',18,1,' edmund de waal homepage laptop '),
	(79,'field',15,1,''),
	(80,'field',14,1,' 2011 '),
	(80,'field',3,1,' spin '),
	(80,'field',11,1,' identity portfolio '),
	(80,'field',7,1,' spin http spin co uk spin http spin co uk '),
	(80,'field',8,1,' dan flynn http byform co dan flynn http byform co '),
	(80,'field',9,1,' archive http archive studio archive http archive studio '),
	(80,'field',10,1,''),
	(80,'field',12,1,' identity digital '),
	(80,'slug',0,1,''),
	(79,'slug',0,1,' edmund de waal '),
	(79,'title',0,1,' edmund de waal '),
	(81,'field',1,1,' russian ott service okko set out to disrupt a market renowned for piracy by striking a balance between traditional lean back tv watching and more active search and streaming combined with an excellent catalogue of film and tv okko have managed to gain a massive subscription base in a very short time full case study coming soon '),
	(81,'field',13,1,' http okko tv '),
	(81,'field',2,1,' dan flynn http byform co dan flynn http byform co identity strategy spin http spin co uk spin http spin co uk spin identity 2012 '),
	(81,'field',31,1,' 1 '),
	(81,'field',18,1,' okko logo '),
	(81,'field',15,1,' okko symbol '),
	(82,'field',14,1,' 2012 '),
	(82,'field',3,1,' spin '),
	(82,'field',11,1,' identity '),
	(82,'field',7,1,' spin http spin co uk spin http spin co uk '),
	(82,'field',8,1,' dan flynn http byform co dan flynn http byform co '),
	(82,'field',9,1,''),
	(82,'field',10,1,''),
	(82,'field',12,1,' identity strategy '),
	(82,'slug',0,1,''),
	(81,'slug',0,1,' okko '),
	(81,'title',0,1,' okko '),
	(83,'field',1,1,' one of britain s most esteemed industrial designers and a royal designer for industry matthew s furniture is held in the permanent collections of the victoria albert museum and the geffrye museum london working in premium robust materials including solid hardwood cast iron and brass hilton creates rigorously functional products that improve with the mark of age thinking like a sculptor matthew hilton considers every view of a product equally allowing for a sense of delight and surprise over the years as the user discovers new details and complexities matthew s site and identity were nominated for designs of the year in 2012 '),
	(83,'field',13,1,' http matthewhilton com '),
	(83,'field',2,1,' dan flynn http byform co dan flynn http byform co patrick eley https www linkedin com in patrick eley b7303a32 patrick eley https www linkedin com in patrick eley b7303a32 archive http archive studio archive http archive studio identity spin http spin co uk spin http spin co uk spin portfolio 2011 '),
	(83,'field',31,1,' 1 '),
	(83,'field',18,1,' matthew hilton laptop '),
	(83,'field',15,1,' 1 matthew hilton thin 1 matthew hilton tapas 1 matthew hilton directory 1 matthew hilton hastoe 1 matthew hilton maia '),
	(84,'field',14,1,' 2011 '),
	(84,'field',3,1,' spin '),
	(84,'field',11,1,' portfolio '),
	(84,'field',7,1,' spin http spin co uk spin http spin co uk '),
	(84,'field',8,1,' dan flynn http byform co dan flynn http byform co patrick eley https www linkedin com in patrick eley b7303a32 patrick eley https www linkedin com in patrick eley b7303a32 '),
	(84,'field',9,1,' archive http archive studio archive http archive studio '),
	(84,'field',10,1,''),
	(84,'field',12,1,' identity '),
	(84,'slug',0,1,''),
	(83,'slug',0,1,' matthew hilton '),
	(83,'title',0,1,' matthew hilton '),
	(85,'filename',0,1,' ubank folders jpg '),
	(85,'extension',0,1,' jpg '),
	(85,'kind',0,1,' image '),
	(85,'slug',0,1,''),
	(85,'title',0,1,' ubank folders '),
	(86,'filename',0,1,' ubank debit card 2 up 2 jpg '),
	(86,'extension',0,1,' jpg '),
	(86,'kind',0,1,' image '),
	(86,'slug',0,1,''),
	(86,'title',0,1,' ubank debit card 2 up 2 '),
	(87,'filename',0,1,' ubank debit card 2 up jpg '),
	(87,'extension',0,1,' jpg '),
	(87,'kind',0,1,' image '),
	(87,'slug',0,1,''),
	(87,'title',0,1,' ubank debit card 2 up '),
	(88,'filename',0,1,' ubank business cards 2 up jpg '),
	(88,'extension',0,1,' jpg '),
	(88,'kind',0,1,' image '),
	(88,'slug',0,1,''),
	(88,'title',0,1,' ubank business cards 2 up '),
	(89,'filename',0,1,' ubank contract pack jpg '),
	(89,'extension',0,1,' jpg '),
	(89,'kind',0,1,' image '),
	(89,'slug',0,1,''),
	(89,'title',0,1,' ubank contract pack '),
	(90,'filename',0,1,' ubank suite jpg '),
	(90,'extension',0,1,' jpg '),
	(90,'kind',0,1,' image '),
	(90,'slug',0,1,''),
	(90,'title',0,1,' ubank suite '),
	(91,'filename',0,1,' ubank forms jpg '),
	(91,'extension',0,1,' jpg '),
	(91,'kind',0,1,' image '),
	(91,'slug',0,1,''),
	(91,'title',0,1,' ubank forms '),
	(92,'filename',0,1,' ubank statement jpg '),
	(92,'extension',0,1,' jpg '),
	(92,'kind',0,1,' image '),
	(92,'slug',0,1,''),
	(92,'title',0,1,' ubank statement '),
	(93,'filename',0,1,' ubank jcd 1 jpg '),
	(93,'extension',0,1,' jpg '),
	(93,'kind',0,1,' image '),
	(93,'slug',0,1,''),
	(93,'title',0,1,' ubank jcd 1 '),
	(94,'filename',0,1,' ubank homepage laptop jpg '),
	(94,'extension',0,1,' jpg '),
	(94,'kind',0,1,' image '),
	(94,'slug',0,1,''),
	(94,'title',0,1,' ubank homepage laptop '),
	(95,'filename',0,1,' ubank urhome laptop jpg '),
	(95,'extension',0,1,' jpg '),
	(95,'kind',0,1,' image '),
	(95,'slug',0,1,''),
	(95,'title',0,1,' ubank urhome laptop '),
	(96,'filename',0,1,' ubank interior 5 jpg '),
	(96,'extension',0,1,' jpg '),
	(96,'kind',0,1,' image '),
	(96,'slug',0,1,''),
	(96,'title',0,1,' ubank interior 5 '),
	(97,'filename',0,1,' ubank interior 4 jpg '),
	(97,'extension',0,1,' jpg '),
	(97,'kind',0,1,' image '),
	(97,'slug',0,1,''),
	(97,'title',0,1,' ubank interior 4 '),
	(98,'filename',0,1,' ubank interior 3 jpg '),
	(98,'extension',0,1,' jpg '),
	(98,'kind',0,1,' image '),
	(98,'slug',0,1,''),
	(98,'title',0,1,' ubank interior 3 '),
	(99,'filename',0,1,' ubank horizontal jpg '),
	(99,'extension',0,1,' jpg '),
	(99,'kind',0,1,' image '),
	(99,'slug',0,1,''),
	(99,'title',0,1,' ubank horizontal '),
	(100,'filename',0,1,' ubank about jpg '),
	(100,'extension',0,1,' jpg '),
	(100,'kind',0,1,' image '),
	(100,'slug',0,1,''),
	(100,'title',0,1,' ubank about '),
	(101,'filename',0,1,' ubank urhome app jpg '),
	(101,'extension',0,1,' jpg '),
	(101,'kind',0,1,' image '),
	(101,'slug',0,1,''),
	(101,'title',0,1,' ubank urhome app '),
	(102,'field',17,1,' ubank horizontal '),
	(102,'field',19,1,''),
	(102,'slug',0,1,''),
	(103,'field',17,1,' ubank debit card 2 up 2 '),
	(103,'field',19,1,''),
	(103,'slug',0,1,''),
	(104,'field',17,1,' ubank statement '),
	(104,'field',19,1,''),
	(104,'slug',0,1,''),
	(105,'field',17,1,' ubank contract pack '),
	(105,'field',19,1,''),
	(105,'slug',0,1,''),
	(106,'field',17,1,' ubank forms '),
	(106,'field',19,1,''),
	(106,'slug',0,1,''),
	(107,'field',17,1,' ubank folders '),
	(107,'field',19,1,''),
	(107,'slug',0,1,''),
	(108,'field',17,1,' ubank suite '),
	(108,'field',19,1,''),
	(108,'slug',0,1,''),
	(109,'field',17,1,' ubank homepage laptop '),
	(109,'field',19,1,''),
	(109,'slug',0,1,''),
	(110,'field',17,1,' ubank about '),
	(110,'field',19,1,' 1 '),
	(110,'slug',0,1,''),
	(111,'field',17,1,' ubank urhome app '),
	(111,'field',19,1,' 1 '),
	(111,'slug',0,1,''),
	(112,'field',17,1,' ubank jcd 1 '),
	(112,'field',19,1,''),
	(112,'slug',0,1,''),
	(113,'filename',0,1,' auspost logo jpg '),
	(113,'extension',0,1,' jpg '),
	(113,'kind',0,1,' image '),
	(113,'slug',0,1,''),
	(113,'title',0,1,' auspost logo '),
	(114,'filename',0,1,' auspost logo black jpg '),
	(114,'extension',0,1,' jpg '),
	(114,'kind',0,1,' image '),
	(114,'slug',0,1,''),
	(114,'title',0,1,' auspost logo black '),
	(115,'filename',0,1,' acc homepage jpg '),
	(115,'extension',0,1,' jpg '),
	(115,'kind',0,1,' image '),
	(115,'slug',0,1,''),
	(115,'title',0,1,' acc homepage '),
	(116,'filename',0,1,' foxtel logo red jpg '),
	(116,'extension',0,1,' jpg '),
	(116,'kind',0,1,' image '),
	(116,'slug',0,1,''),
	(116,'title',0,1,' foxtel logo red '),
	(117,'filename',0,1,' foxtel logo black jpg '),
	(117,'extension',0,1,' jpg '),
	(117,'kind',0,1,' image '),
	(117,'slug',0,1,''),
	(117,'title',0,1,' foxtel logo black '),
	(119,'extension',0,1,' jpg '),
	(119,'kind',0,1,' image '),
	(119,'filename',0,1,' shiftco_app homepage jpg '),
	(119,'slug',0,1,''),
	(119,'title',0,1,' shiftco app homepage '),
	(120,'filename',0,1,' shiftco_sales homepage jpg '),
	(120,'extension',0,1,' jpg '),
	(120,'kind',0,1,' image '),
	(120,'slug',0,1,''),
	(120,'title',0,1,' shiftco sales homepage '),
	(121,'field',17,1,' shiftco app homepage '),
	(121,'field',19,1,''),
	(121,'slug',0,1,''),
	(122,'filename',0,1,' bbwines bottle row mix jpg '),
	(122,'extension',0,1,' jpg '),
	(122,'kind',0,1,' image '),
	(122,'slug',0,1,''),
	(122,'title',0,1,' bbwines bottle row mix '),
	(123,'filename',0,1,' bb wines business cards jpg '),
	(123,'extension',0,1,' jpg '),
	(123,'kind',0,1,' image '),
	(123,'slug',0,1,''),
	(123,'title',0,1,' bb wines business cards '),
	(124,'filename',0,1,' bb wines estate jpg '),
	(124,'extension',0,1,' jpg '),
	(124,'kind',0,1,' image '),
	(124,'slug',0,1,''),
	(124,'title',0,1,' bb wines estate '),
	(125,'filename',0,1,' bb wines folder jpg '),
	(125,'extension',0,1,' jpg '),
	(125,'kind',0,1,' image '),
	(125,'slug',0,1,''),
	(125,'title',0,1,' bb wines folder '),
	(126,'filename',0,1,' bb wines homepage laptop jpg '),
	(126,'extension',0,1,' jpg '),
	(126,'kind',0,1,' image '),
	(126,'slug',0,1,''),
	(126,'title',0,1,' bb wines homepage laptop '),
	(127,'filename',0,1,' bb wines homepage jpg '),
	(127,'extension',0,1,' jpg '),
	(127,'kind',0,1,' image '),
	(127,'slug',0,1,''),
	(127,'title',0,1,' bb wines homepage '),
	(128,'filename',0,1,' bb wines horizontal jpg '),
	(128,'extension',0,1,' jpg '),
	(128,'kind',0,1,' image '),
	(128,'slug',0,1,''),
	(128,'title',0,1,' bb wines horizontal '),
	(129,'filename',0,1,' bb wines logo loop gif '),
	(129,'extension',0,1,' gif '),
	(129,'kind',0,1,' image '),
	(129,'slug',0,1,''),
	(129,'title',0,1,' bb wines logo loop '),
	(130,'filename',0,1,' bb wines logo jpg '),
	(130,'extension',0,1,' jpg '),
	(130,'kind',0,1,' image '),
	(130,'slug',0,1,''),
	(130,'title',0,1,' bb wines logo '),
	(131,'filename',0,1,' bb wines menu jpg '),
	(131,'extension',0,1,' jpg '),
	(131,'kind',0,1,' image '),
	(131,'slug',0,1,''),
	(131,'title',0,1,' bb wines menu '),
	(132,'filename',0,1,' bb wines suite 1 jpg '),
	(132,'extension',0,1,' jpg '),
	(132,'kind',0,1,' image '),
	(132,'slug',0,1,''),
	(132,'title',0,1,' bb wines suite 1 '),
	(133,'filename',0,1,' bb wines suite 2 jpg '),
	(133,'extension',0,1,' jpg '),
	(133,'kind',0,1,' image '),
	(133,'slug',0,1,''),
	(133,'title',0,1,' bb wines suite 2 '),
	(134,'filename',0,1,' bb wines suite 3 jpg '),
	(134,'extension',0,1,' jpg '),
	(134,'kind',0,1,' image '),
	(134,'slug',0,1,''),
	(134,'title',0,1,' bb wines suite 3 '),
	(135,'filename',0,1,' bb wines vineyard jpg '),
	(135,'extension',0,1,' jpg '),
	(135,'kind',0,1,' image '),
	(135,'slug',0,1,''),
	(135,'title',0,1,' bb wines vineyard '),
	(137,'extension',0,1,' jpg '),
	(137,'kind',0,1,' image '),
	(137,'filename',0,1,' bbwines bottle mix stagger 2 jpg '),
	(137,'slug',0,1,''),
	(137,'title',0,1,' bbwines bottle mix stagger 2 '),
	(148,'filename',0,1,' mmm loop gif '),
	(139,'field',17,1,' bb wines logo loop '),
	(139,'field',19,1,''),
	(139,'slug',0,1,''),
	(140,'field',17,1,' bb wines homepage laptop '),
	(140,'field',19,1,''),
	(140,'slug',0,1,''),
	(141,'field',17,1,' bb wines menu '),
	(141,'field',19,1,' 1 '),
	(141,'slug',0,1,''),
	(142,'field',17,1,' bb wines vineyard '),
	(142,'field',19,1,' 1 '),
	(142,'slug',0,1,''),
	(143,'field',17,1,' bb wines business cards '),
	(143,'field',19,1,''),
	(143,'slug',0,1,''),
	(144,'field',17,1,' bb wines suite 1 '),
	(144,'field',19,1,''),
	(144,'slug',0,1,''),
	(145,'field',17,1,' bb wines suite 3 '),
	(145,'field',19,1,''),
	(145,'slug',0,1,''),
	(146,'field',17,1,' bb wines suite 2 '),
	(146,'field',19,1,''),
	(146,'slug',0,1,''),
	(147,'field',17,1,' bbwines bottle mix stagger 2 '),
	(147,'field',19,1,''),
	(147,'slug',0,1,''),
	(148,'extension',0,1,' gif '),
	(148,'kind',0,1,' image '),
	(148,'slug',0,1,''),
	(148,'title',0,1,' mmm loop '),
	(149,'filename',0,1,' mmm 1 jpg '),
	(149,'extension',0,1,' jpg '),
	(149,'kind',0,1,' image '),
	(149,'slug',0,1,''),
	(149,'title',0,1,' mmm 1 '),
	(150,'filename',0,1,' mmm 2 jpg '),
	(150,'extension',0,1,' jpg '),
	(150,'kind',0,1,' image '),
	(150,'slug',0,1,''),
	(150,'title',0,1,' mmm 2 '),
	(151,'filename',0,1,' mmm 4 jpg '),
	(151,'extension',0,1,' jpg '),
	(151,'kind',0,1,' image '),
	(151,'slug',0,1,''),
	(151,'title',0,1,' mmm 4 '),
	(152,'field',17,1,' mmm 1 '),
	(152,'field',19,1,''),
	(152,'slug',0,1,''),
	(153,'field',17,1,' mmm 4 '),
	(153,'field',19,1,''),
	(153,'slug',0,1,''),
	(156,'filename',0,1,' agi open homepage laptop jpg '),
	(155,'field',17,1,' mmm 2 '),
	(155,'field',19,1,''),
	(155,'slug',0,1,''),
	(156,'extension',0,1,' jpg '),
	(156,'kind',0,1,' image '),
	(156,'slug',0,1,''),
	(156,'title',0,1,' agi open homepage laptop '),
	(157,'filename',0,1,' wired logo jpg '),
	(157,'extension',0,1,' jpg '),
	(157,'kind',0,1,' image '),
	(157,'slug',0,1,''),
	(157,'title',0,1,' wired logo '),
	(158,'filename',0,1,' delfina foundation logo df jpg '),
	(158,'extension',0,1,' jpg '),
	(158,'kind',0,1,' image '),
	(158,'slug',0,1,''),
	(158,'title',0,1,' delfina foundation logo df '),
	(159,'filename',0,1,' edmund de waal homepage laptop jpg '),
	(159,'extension',0,1,' jpg '),
	(159,'kind',0,1,' image '),
	(159,'slug',0,1,''),
	(159,'title',0,1,' edmund de waal homepage laptop '),
	(160,'filename',0,1,' matthew hilton laptop jpg '),
	(160,'extension',0,1,' jpg '),
	(160,'kind',0,1,' image '),
	(160,'slug',0,1,''),
	(160,'title',0,1,' matthew hilton laptop '),
	(161,'filename',0,1,' okko_logo jpg '),
	(161,'extension',0,1,' jpg '),
	(161,'kind',0,1,' image '),
	(161,'slug',0,1,''),
	(161,'title',0,1,' okko logo '),
	(162,'slug',0,1,' unlocked '),
	(162,'title',0,1,' unlocked '),
	(163,'filename',0,1,' agi screencast mp4 '),
	(163,'extension',0,1,' mp4 '),
	(163,'kind',0,1,' video '),
	(163,'slug',0,1,''),
	(163,'title',0,1,' agi screencast '),
	(164,'field',17,1,' agi screencast '),
	(164,'field',19,1,' 1 '),
	(164,'slug',0,1,''),
	(165,'field',17,1,' agi screencast '),
	(165,'field',19,1,''),
	(165,'slug',0,1,''),
	(169,'filename',0,1,' google zoo loop mp4 '),
	(168,'field',19,1,''),
	(168,'slug',0,1,''),
	(168,'field',17,1,' agi screencast '),
	(169,'extension',0,1,' mp4 '),
	(169,'kind',0,1,' video '),
	(169,'slug',0,1,''),
	(169,'title',0,1,' google zoo loop '),
	(170,'filename',0,1,' google zoo business cards 2up jpg '),
	(170,'extension',0,1,' jpg '),
	(170,'kind',0,1,' image '),
	(170,'slug',0,1,''),
	(170,'title',0,1,' google zoo business cards 2up '),
	(171,'filename',0,1,' google zoo business cards suite jpg '),
	(171,'extension',0,1,' jpg '),
	(171,'kind',0,1,' image '),
	(171,'slug',0,1,''),
	(171,'title',0,1,' google zoo business cards suite '),
	(172,'filename',0,1,' google zoo comp slip 2up jpg '),
	(172,'extension',0,1,' jpg '),
	(172,'kind',0,1,' image '),
	(172,'slug',0,1,''),
	(172,'title',0,1,' google zoo comp slip 2up '),
	(173,'filename',0,1,' google zoo poster logo jpg '),
	(173,'extension',0,1,' jpg '),
	(173,'kind',0,1,' image '),
	(173,'slug',0,1,''),
	(173,'title',0,1,' google zoo poster logo '),
	(174,'filename',0,1,' google zoo poster think tank jpg '),
	(174,'extension',0,1,' jpg '),
	(174,'kind',0,1,' image '),
	(174,'slug',0,1,''),
	(174,'title',0,1,' google zoo poster think tank '),
	(175,'filename',0,1,' google zoo suite jpg '),
	(175,'extension',0,1,' jpg '),
	(175,'kind',0,1,' image '),
	(175,'slug',0,1,''),
	(175,'title',0,1,' google zoo suite '),
	(176,'field',17,1,' google zoo loop '),
	(176,'field',19,1,''),
	(176,'slug',0,1,''),
	(177,'field',17,1,' google zoo poster logo '),
	(177,'field',19,1,''),
	(177,'slug',0,1,''),
	(178,'field',17,1,' google zoo business cards 2up '),
	(178,'field',19,1,''),
	(178,'slug',0,1,''),
	(179,'field',17,1,' google zoo business cards suite '),
	(179,'field',19,1,''),
	(179,'slug',0,1,''),
	(180,'field',17,1,' google zoo comp slip 2up '),
	(180,'field',19,1,''),
	(180,'slug',0,1,''),
	(181,'field',17,1,' google zoo suite '),
	(181,'field',19,1,''),
	(181,'slug',0,1,''),
	(182,'field',17,1,' google zoo poster think tank '),
	(182,'field',19,1,''),
	(182,'slug',0,1,''),
	(183,'filename',0,1,' google zoo logo loop gif '),
	(183,'extension',0,1,' gif '),
	(183,'kind',0,1,' image '),
	(183,'slug',0,1,''),
	(183,'title',0,1,' google zoo logo loop '),
	(184,'field',17,1,' google zoo logo loop '),
	(184,'field',19,1,''),
	(184,'slug',0,1,''),
	(185,'filename',0,1,' foxtel sound 3 mp4 '),
	(185,'extension',0,1,' mp4 '),
	(185,'kind',0,1,' video '),
	(185,'slug',0,1,''),
	(185,'title',0,1,' foxtel sound 3 '),
	(186,'field',17,1,' foxtel sound 3 '),
	(186,'field',19,1,''),
	(186,'slug',0,1,''),
	(187,'filename',0,1,' foxtel_hbo_circles_aa_dark mp4 '),
	(187,'extension',0,1,' mp4 '),
	(187,'kind',0,1,' video '),
	(187,'slug',0,1,''),
	(187,'title',0,1,' foxtel hbo circles aa dark '),
	(188,'filename',0,1,' foxtel_hbo_tape_aa_light mp4 '),
	(188,'extension',0,1,' mp4 '),
	(188,'kind',0,1,' video '),
	(188,'slug',0,1,''),
	(188,'title',0,1,' foxtel hbo tape aa light '),
	(189,'filename',0,1,' foxtel_main_fox_id_ball_bc mp4 '),
	(189,'extension',0,1,' mp4 '),
	(189,'kind',0,1,' video '),
	(189,'slug',0,1,''),
	(189,'title',0,1,' foxtel main fox id ball bc '),
	(190,'filename',0,1,' foxtel_main_fox_id_paper_ba mp4 '),
	(190,'extension',0,1,' mp4 '),
	(190,'kind',0,1,' video '),
	(190,'slug',0,1,''),
	(190,'title',0,1,' foxtel main fox id paper ba '),
	(191,'filename',0,1,' foxtel_main_fox_id_pipes_ba mp4 '),
	(191,'extension',0,1,' mp4 '),
	(191,'kind',0,1,' video '),
	(191,'slug',0,1,''),
	(191,'title',0,1,' foxtel main fox id pipes ba '),
	(192,'filename',0,1,' foxtel_main_fox_id_portal_ac mp4 '),
	(192,'extension',0,1,' mp4 '),
	(192,'kind',0,1,' video '),
	(192,'slug',0,1,''),
	(192,'title',0,1,' foxtel main fox id portal ac '),
	(193,'filename',0,1,' matthew hilton colombo jpg '),
	(193,'extension',0,1,' jpg '),
	(193,'kind',0,1,' image '),
	(193,'slug',0,1,''),
	(193,'title',0,1,' matthew hilton colombo '),
	(194,'filename',0,1,' matthew hilton directory jpg '),
	(194,'extension',0,1,' jpg '),
	(194,'kind',0,1,' image '),
	(194,'slug',0,1,''),
	(194,'title',0,1,' matthew hilton directory '),
	(195,'filename',0,1,' matthew hilton hastoe jpg '),
	(195,'extension',0,1,' jpg '),
	(195,'kind',0,1,' image '),
	(195,'slug',0,1,''),
	(195,'title',0,1,' matthew hilton hastoe '),
	(196,'filename',0,1,' matthew hilton maia jpg '),
	(196,'extension',0,1,' jpg '),
	(196,'kind',0,1,' image '),
	(196,'slug',0,1,''),
	(196,'title',0,1,' matthew hilton maia '),
	(197,'filename',0,1,' matthew hilton tapas jpg '),
	(197,'extension',0,1,' jpg '),
	(197,'kind',0,1,' image '),
	(197,'slug',0,1,''),
	(197,'title',0,1,' matthew hilton tapas '),
	(198,'filename',0,1,' matthew hilton thin jpg '),
	(198,'extension',0,1,' jpg '),
	(198,'kind',0,1,' image '),
	(198,'slug',0,1,''),
	(198,'title',0,1,' matthew hilton thin '),
	(199,'field',17,1,' matthew hilton thin '),
	(199,'field',19,1,' 1 '),
	(199,'slug',0,1,''),
	(200,'field',17,1,' matthew hilton tapas '),
	(200,'field',19,1,' 1 '),
	(200,'slug',0,1,''),
	(201,'field',17,1,' matthew hilton directory '),
	(201,'field',19,1,' 1 '),
	(201,'slug',0,1,''),
	(202,'field',17,1,' matthew hilton hastoe '),
	(202,'field',19,1,' 1 '),
	(202,'slug',0,1,''),
	(203,'field',17,1,' matthew hilton maia '),
	(203,'field',19,1,' 1 '),
	(203,'slug',0,1,''),
	(204,'filename',0,1,' delfina foundation ahmet ogut 1 jpg '),
	(204,'extension',0,1,' jpg '),
	(204,'kind',0,1,' image '),
	(204,'slug',0,1,''),
	(204,'title',0,1,' delfina foundation ahmet ogut 1 '),
	(205,'filename',0,1,' delfina foundation ahmet ogut 3 jpg '),
	(205,'extension',0,1,' jpg '),
	(205,'kind',0,1,' image '),
	(205,'slug',0,1,''),
	(205,'title',0,1,' delfina foundation ahmet ogut 3 '),
	(206,'filename',0,1,' delfina foundation ahmet ogut 4 jpg '),
	(206,'extension',0,1,' jpg '),
	(206,'kind',0,1,' image '),
	(206,'slug',0,1,''),
	(206,'title',0,1,' delfina foundation ahmet ogut 4 '),
	(207,'filename',0,1,' delfina foundation cards jpg '),
	(207,'extension',0,1,' jpg '),
	(207,'kind',0,1,' image '),
	(207,'slug',0,1,''),
	(207,'title',0,1,' delfina foundation cards '),
	(208,'filename',0,1,' delfina foundation suite jpg '),
	(208,'extension',0,1,' jpg '),
	(208,'kind',0,1,' image '),
	(208,'slug',0,1,''),
	(208,'title',0,1,' delfina foundation suite '),
	(209,'filename',0,1,' delfina foundation tote jpg '),
	(209,'extension',0,1,' jpg '),
	(209,'kind',0,1,' image '),
	(209,'slug',0,1,''),
	(209,'title',0,1,' delfina foundation tote '),
	(210,'field',17,1,' delfina foundation cards '),
	(210,'field',19,1,''),
	(210,'slug',0,1,''),
	(211,'field',17,1,' delfina foundation suite '),
	(211,'field',19,1,''),
	(211,'slug',0,1,''),
	(212,'field',17,1,' delfina foundation tote '),
	(212,'field',19,1,''),
	(212,'slug',0,1,''),
	(213,'field',17,1,' delfina foundation ahmet ogut 1 '),
	(213,'field',19,1,''),
	(213,'slug',0,1,''),
	(214,'field',17,1,' delfina foundation ahmet ogut 3 '),
	(214,'field',19,1,''),
	(214,'slug',0,1,''),
	(215,'field',17,1,' delfina foundation ahmet ogut 4 '),
	(215,'field',19,1,''),
	(215,'slug',0,1,''),
	(216,'filename',0,1,' okko_symbol jpg '),
	(216,'extension',0,1,' jpg '),
	(216,'kind',0,1,' image '),
	(216,'slug',0,1,''),
	(216,'title',0,1,' okko symbol '),
	(217,'field',17,1,' okko symbol '),
	(217,'field',19,1,''),
	(217,'slug',0,1,''),
	(218,'filename',0,1,' wired magazine cover jpg '),
	(218,'extension',0,1,' jpg '),
	(218,'kind',0,1,' image '),
	(218,'slug',0,1,''),
	(218,'title',0,1,' wired magazine cover '),
	(219,'filename',0,1,' wired magazine animated cover mp4 '),
	(219,'extension',0,1,' mp4 '),
	(219,'kind',0,1,' video '),
	(219,'slug',0,1,''),
	(219,'title',0,1,' wired magazine animated cover '),
	(220,'field',17,1,' wired magazine animated cover '),
	(220,'field',19,1,' 1 '),
	(220,'slug',0,1,''),
	(221,'field',17,1,' wired magazine cover '),
	(221,'field',19,1,''),
	(221,'slug',0,1,''),
	(222,'filename',0,1,' agi open home jpg '),
	(222,'extension',0,1,' jpg '),
	(222,'kind',0,1,' image '),
	(222,'slug',0,1,''),
	(222,'title',0,1,' agi open home '),
	(223,'filename',0,1,' agi open speakers jpg '),
	(223,'extension',0,1,' jpg '),
	(223,'kind',0,1,' image '),
	(223,'slug',0,1,''),
	(223,'title',0,1,' agi open speakers '),
	(224,'filename',0,1,' agi open peter saville jpg '),
	(224,'extension',0,1,' jpg '),
	(224,'kind',0,1,' image '),
	(224,'slug',0,1,''),
	(224,'title',0,1,' agi open peter saville '),
	(225,'filename',0,1,' agi open venue jpg '),
	(225,'extension',0,1,' jpg '),
	(225,'kind',0,1,' image '),
	(225,'slug',0,1,''),
	(225,'title',0,1,' agi open venue '),
	(226,'filename',0,1,' agi open poster jpg '),
	(226,'extension',0,1,' jpg '),
	(226,'kind',0,1,' image '),
	(226,'slug',0,1,''),
	(226,'title',0,1,' agi open poster '),
	(227,'filename',0,1,' agi open circle t jpg '),
	(227,'extension',0,1,' jpg '),
	(227,'kind',0,1,' image '),
	(227,'slug',0,1,''),
	(227,'title',0,1,' agi open circle t '),
	(228,'filename',0,1,' agi open totes jpg '),
	(228,'extension',0,1,' jpg '),
	(228,'kind',0,1,' image '),
	(228,'slug',0,1,''),
	(228,'title',0,1,' agi open totes '),
	(229,'filename',0,1,' agi open triangle t jpg '),
	(229,'extension',0,1,' jpg '),
	(229,'kind',0,1,' image '),
	(229,'slug',0,1,''),
	(229,'title',0,1,' agi open triangle t '),
	(230,'filename',0,1,' agi open speaker 1 mp4 '),
	(230,'extension',0,1,' mp4 '),
	(230,'kind',0,1,' video '),
	(230,'slug',0,1,''),
	(230,'title',0,1,' agi open speaker 1 '),
	(231,'filename',0,1,' agi open speaker 3 mp4 '),
	(231,'extension',0,1,' mp4 '),
	(231,'kind',0,1,' video '),
	(231,'slug',0,1,''),
	(231,'title',0,1,' agi open speaker 3 '),
	(232,'filename',0,1,' agi open sting a2 mp4 '),
	(232,'extension',0,1,' mp4 '),
	(232,'kind',0,1,' video '),
	(232,'slug',0,1,''),
	(232,'title',0,1,' agi open sting a2 '),
	(233,'filename',0,1,' agi open sting a3 mp4 '),
	(233,'extension',0,1,' mp4 '),
	(233,'kind',0,1,' video '),
	(233,'slug',0,1,''),
	(233,'title',0,1,' agi open sting a3 '),
	(234,'field',17,1,' agi open home '),
	(234,'field',19,1,' 1 '),
	(234,'slug',0,1,''),
	(235,'field',17,1,' agi open speakers '),
	(235,'field',19,1,' 1 '),
	(235,'slug',0,1,''),
	(236,'field',17,1,' agi open peter saville '),
	(236,'field',19,1,' 1 '),
	(236,'slug',0,1,''),
	(203,'field',32,1,''),
	(202,'field',32,1,''),
	(201,'field',32,1,''),
	(200,'field',32,1,''),
	(199,'field',32,1,''),
	(240,'field',17,1,' agi open speaker 1 '),
	(240,'field',19,1,''),
	(240,'slug',0,1,''),
	(241,'field',17,1,' agi open speaker 3 '),
	(241,'field',19,1,''),
	(241,'slug',0,1,''),
	(242,'field',17,1,' agi open sting a2 '),
	(242,'field',19,1,''),
	(242,'slug',0,1,''),
	(243,'field',17,1,' agi open sting a3 '),
	(243,'field',19,1,''),
	(243,'slug',0,1,''),
	(244,'filename',0,1,' matter icon loop blue gif '),
	(244,'extension',0,1,' gif '),
	(244,'kind',0,1,' image '),
	(244,'slug',0,1,''),
	(244,'title',0,1,' matter icon loop blue '),
	(245,'filename',0,1,' matter icon suite jpg '),
	(245,'extension',0,1,' jpg '),
	(245,'kind',0,1,' image '),
	(245,'slug',0,1,''),
	(245,'title',0,1,' matter icon suite '),
	(246,'filename',0,1,' matter homepage_long jpg '),
	(246,'extension',0,1,' jpg '),
	(246,'kind',0,1,' image '),
	(246,'slug',0,1,''),
	(246,'title',0,1,' matter homepage long '),
	(247,'filename',0,1,' matter ipad 1 jpg '),
	(247,'extension',0,1,' jpg '),
	(247,'kind',0,1,' image '),
	(247,'slug',0,1,''),
	(247,'title',0,1,' matter ipad 1 '),
	(248,'filename',0,1,' matter ipad 2 jpg '),
	(248,'extension',0,1,' jpg '),
	(248,'kind',0,1,' image '),
	(248,'slug',0,1,''),
	(248,'title',0,1,' matter ipad 2 '),
	(249,'filename',0,1,' matter business cards jpg '),
	(249,'extension',0,1,' jpg '),
	(249,'kind',0,1,' image '),
	(249,'slug',0,1,''),
	(249,'title',0,1,' matter business cards '),
	(250,'filename',0,1,' matter stationery suite jpg '),
	(250,'extension',0,1,' jpg '),
	(250,'kind',0,1,' image '),
	(250,'slug',0,1,''),
	(250,'title',0,1,' matter stationery suite '),
	(251,'field',17,1,' matter business cards '),
	(251,'field',19,1,''),
	(251,'slug',0,1,''),
	(252,'field',17,1,' matter stationery suite '),
	(252,'field',19,1,''),
	(252,'slug',0,1,''),
	(253,'field',17,1,' matter icon loop blue '),
	(253,'field',19,1,''),
	(253,'slug',0,1,''),
	(254,'field',17,1,' matter icon suite '),
	(254,'field',19,1,''),
	(254,'slug',0,1,''),
	(255,'field',17,1,' matter homepage long '),
	(255,'field',19,1,' 1 '),
	(255,'slug',0,1,''),
	(256,'field',17,1,' matter ipad 1 '),
	(256,'field',19,1,' 1 '),
	(256,'slug',0,1,''),
	(257,'field',17,1,' matter ipad 2 '),
	(257,'field',19,1,' 1 '),
	(257,'slug',0,1,''),
	(258,'field',17,1,''),
	(258,'field',19,1,''),
	(258,'slug',0,1,''),
	(259,'filename',0,1,' osko_animation intro mp4 '),
	(259,'extension',0,1,' mp4 '),
	(259,'kind',0,1,' video '),
	(259,'slug',0,1,''),
	(259,'title',0,1,' osko animation intro '),
	(41,'field',32,1,''),
	(67,'field',32,1,''),
	(43,'field',32,1,''),
	(17,'field',32,1,''),
	(40,'field',32,1,''),
	(42,'field',32,1,''),
	(263,'field',19,1,''),
	(260,'field',17,1,' osko animation intro '),
	(260,'field',19,1,''),
	(260,'field',32,1,' 1 '),
	(260,'slug',0,1,''),
	(263,'field',32,1,' 1 '),
	(263,'slug',0,1,''),
	(264,'field',17,1,' foxtel main fox id ball bc '),
	(264,'field',19,1,''),
	(264,'field',32,1,' 1 '),
	(264,'slug',0,1,''),
	(220,'field',32,1,' 1 '),
	(221,'field',32,1,''),
	(265,'field',17,1,' foxtel hbo tape aa light '),
	(265,'field',19,1,''),
	(265,'field',32,1,' 1 '),
	(265,'slug',0,1,''),
	(234,'field',32,1,''),
	(267,'field',17,1,' foxtel main fox id paper ba '),
	(267,'field',19,1,''),
	(267,'field',32,1,' 1 '),
	(267,'slug',0,1,''),
	(235,'field',32,1,''),
	(236,'field',32,1,''),
	(268,'field',17,1,' agi open totes '),
	(268,'field',19,1,''),
	(268,'field',32,1,''),
	(268,'slug',0,1,''),
	(240,'field',32,1,''),
	(241,'field',32,1,''),
	(242,'field',32,1,''),
	(243,'field',32,1,''),
	(176,'field',32,1,''),
	(178,'field',32,1,''),
	(179,'field',32,1,''),
	(180,'field',32,1,''),
	(181,'field',32,1,''),
	(182,'field',32,1,''),
	(177,'field',32,1,''),
	(184,'field',32,1,''),
	(139,'field',32,1,''),
	(140,'field',32,1,''),
	(141,'field',32,1,''),
	(142,'field',32,1,''),
	(143,'field',32,1,''),
	(144,'field',32,1,''),
	(145,'field',32,1,''),
	(146,'field',32,1,''),
	(147,'field',32,1,''),
	(152,'field',32,1,''),
	(153,'field',32,1,''),
	(155,'field',32,1,''),
	(168,'field',32,1,''),
	(27,'field',32,1,''),
	(28,'field',32,1,''),
	(29,'field',32,1,''),
	(30,'field',32,1,''),
	(31,'field',32,1,''),
	(32,'field',32,1,'');

/*!40000 ALTER TABLE `searchindex` ENABLE KEYS */;
UNLOCK TABLES;


# Dump of table sections
# ------------------------------------------------------------

DROP TABLE IF EXISTS `sections`;

CREATE TABLE `sections` (
  `id` int(11) NOT NULL AUTO_INCREMENT,
  `structureId` int(11) DEFAULT NULL,
  `name` varchar(255) NOT NULL,
  `handle` varchar(255) NOT NULL,
  `type` enum('single','channel','structure') NOT NULL DEFAULT 'channel',
  `enableVersioning` tinyint(1) NOT NULL DEFAULT '0',
  `propagateEntries` tinyint(1) NOT NULL DEFAULT '1',
  `dateCreated` datetime NOT NULL,
  `dateUpdated` datetime NOT NULL,
  `uid` char(36) NOT NULL DEFAULT '0',
  PRIMARY KEY (`id`),
  UNIQUE KEY `sections_handle_unq_idx` (`handle`),
  UNIQUE KEY `sections_name_unq_idx` (`name`),
  KEY `sections_structureId_idx` (`structureId`),
  CONSTRAINT `sections_structureId_fk` FOREIGN KEY (`structureId`) REFERENCES `structures` (`id`) ON DELETE SET NULL
) ENGINE=InnoDB DEFAULT CHARSET=utf8;

LOCK TABLES `sections` WRITE;
/*!40000 ALTER TABLE `sections` DISABLE KEYS */;

INSERT INTO `sections` (`id`, `structureId`, `name`, `handle`, `type`, `enableVersioning`, `propagateEntries`, `dateCreated`, `dateUpdated`, `uid`)
VALUES
	(1,NULL,'Information','information','single',1,1,'2018-10-14 05:02:11','2018-10-14 06:25:20','7a17373c-76fb-49cb-be59-ba9e49079691'),
	(2,1,'Project','project','structure',1,1,'2018-10-14 05:03:54','2018-10-14 07:54:33','88208708-8109-404c-8f00-a326b09af041'),
	(3,NULL,'Homepage','homepage','single',1,1,'2018-10-14 06:23:09','2018-10-14 06:25:04','ee360b1e-8a83-4902-88a8-e00ac39af695'),
	(4,NULL,'Unlocked','unlocked','single',1,1,'2018-11-17 06:05:16','2018-11-17 06:05:29','3d2866c0-85b8-4007-b46d-6e70b78e7d33');

/*!40000 ALTER TABLE `sections` ENABLE KEYS */;
UNLOCK TABLES;


# Dump of table sections_sites
# ------------------------------------------------------------

DROP TABLE IF EXISTS `sections_sites`;

CREATE TABLE `sections_sites` (
  `id` int(11) NOT NULL AUTO_INCREMENT,
  `sectionId` int(11) NOT NULL,
  `siteId` int(11) NOT NULL,
  `hasUrls` tinyint(1) NOT NULL DEFAULT '1',
  `uriFormat` text,
  `template` varchar(500) DEFAULT NULL,
  `enabledByDefault` tinyint(1) NOT NULL DEFAULT '1',
  `dateCreated` datetime NOT NULL,
  `dateUpdated` datetime NOT NULL,
  `uid` char(36) NOT NULL DEFAULT '0',
  PRIMARY KEY (`id`),
  UNIQUE KEY `sections_sites_sectionId_siteId_unq_idx` (`sectionId`,`siteId`),
  KEY `sections_sites_siteId_idx` (`siteId`),
  CONSTRAINT `sections_sites_sectionId_fk` FOREIGN KEY (`sectionId`) REFERENCES `sections` (`id`) ON DELETE CASCADE,
  CONSTRAINT `sections_sites_siteId_fk` FOREIGN KEY (`siteId`) REFERENCES `sites` (`id`) ON DELETE CASCADE ON UPDATE CASCADE
) ENGINE=InnoDB DEFAULT CHARSET=utf8;

LOCK TABLES `sections_sites` WRITE;
/*!40000 ALTER TABLE `sections_sites` DISABLE KEYS */;

INSERT INTO `sections_sites` (`id`, `sectionId`, `siteId`, `hasUrls`, `uriFormat`, `template`, `enabledByDefault`, `dateCreated`, `dateUpdated`, `uid`)
VALUES
	(1,1,1,1,'information','information',1,'2018-10-14 05:02:11','2018-10-14 06:25:20','a73cab85-cdbf-4f6c-9a63-49631f0b24ca'),
	(2,2,1,1,'{slug}','project',1,'2018-10-14 05:03:54','2018-10-14 07:54:33','1ee28e36-319f-4276-bbc6-d922c000d529'),
	(3,3,1,1,'__home__','index',1,'2018-10-14 06:23:10','2018-10-14 06:25:04','5175e470-e8bf-4b05-a3b8-6b7e54e3ac96'),
	(4,4,1,1,'unlocked','unlocked',1,'2018-11-17 06:05:16','2018-11-17 06:05:29','522b8ac6-c5f2-4d75-bac7-8fedbf5f9958');

/*!40000 ALTER TABLE `sections_sites` ENABLE KEYS */;
UNLOCK TABLES;


# Dump of table sessions
# ------------------------------------------------------------

DROP TABLE IF EXISTS `sessions`;

CREATE TABLE `sessions` (
  `id` int(11) NOT NULL AUTO_INCREMENT,
  `userId` int(11) NOT NULL,
  `token` char(100) NOT NULL,
  `dateCreated` datetime NOT NULL,
  `dateUpdated` datetime NOT NULL,
  `uid` char(36) NOT NULL DEFAULT '0',
  PRIMARY KEY (`id`),
  KEY `sessions_uid_idx` (`uid`),
  KEY `sessions_token_idx` (`token`),
  KEY `sessions_dateUpdated_idx` (`dateUpdated`),
  KEY `sessions_userId_idx` (`userId`),
  CONSTRAINT `sessions_userId_fk` FOREIGN KEY (`userId`) REFERENCES `users` (`id`) ON DELETE CASCADE
) ENGINE=InnoDB DEFAULT CHARSET=utf8;

LOCK TABLES `sessions` WRITE;
/*!40000 ALTER TABLE `sessions` DISABLE KEYS */;

INSERT INTO `sessions` (`id`, `userId`, `token`, `dateCreated`, `dateUpdated`, `uid`)
VALUES
	(1,1,'folekkHCpf9Dw864WTJc73juxUypN_F382g6ZBFfml1ylXgUxHBOR2VV5kjF-BXWYAmI9GT2K44jT0Xkoni27Hej1Ht28wUIQ3Pu','2018-10-20 04:28:07','2018-10-20 08:08:21','31f4b9ae-160c-47cc-9c6a-57fce08f26ec'),
	(2,1,'yPV71fkXNRoZmHrtOpYgSZ5PAx_8hjv0_AGMkXF5IaqJnNaBUhr9QIFphzJG78clAskqK_rPYTpzbjSsP1U-eklpVFijsK1075rz','2018-10-20 23:39:20','2018-10-20 23:53:35','45829d41-2a1c-4a15-93c3-880c760c6f03'),
	(3,1,'G791dB6lBxVa7T27vLxbEFC5EtjJoaiWYN3wzveBwsyHuydJ5OlfL4no43vTyk4OZ_3PyV56WcSsAtYx2g5XlMtanh2jlmoqF8zT','2018-10-21 03:22:53','2018-10-21 05:43:52','93c8d7f2-b62e-4b73-bd4c-25f109c9687c'),
	(4,1,'7XoZUhH-CNAwnyPAxmspyz-uu1StiSVNTO6aXXrw9v05e5rD97rl9UJBMCcgjxrMmIiQQsK_gnHg_1PyAosiFC6y3o9meJKq8xHU','2018-10-21 09:51:10','2018-10-21 10:24:08','516426f8-896e-4e38-b121-b75719f1b1d0'),
	(5,1,'wgXXE1xxPRmMP3cxDmrog-XpOUiRUy2t2k8QUxVT9Uezn4dkxloNpJYdQfxX6FxVfM_sHExcROi69Na4MFC0dDjAL8SMPVtIkJVE','2018-11-10 04:07:23','2018-11-10 08:21:51','ac338456-ee37-418c-b773-58cf36c557f3'),
	(6,1,'D7eOdXWmcCuTk5sQfM6WLi2_VJYvJLDjaeoYAxQwMOpWwjwX2v6cBJfVkDDd2iivvbC27fVw8ONVigyp44nS52SURtn4SnrgV0Wl','2018-11-10 09:42:08','2018-11-10 09:44:11','31964e4a-abab-4ce4-a6eb-dfb4722b34b1'),
	(7,1,'V5mdKQHK2XL1H-PBE6ozTcnu-_RGfqhN0xKIjMb64rMp4JFg5lXn_hB9-XokcN-tgFMDO-BTOGpH9-JVIg90cTA6d52Os3-OJU_h','2018-11-11 00:05:31','2018-11-11 00:25:42','bff20e53-ec5b-4e76-b55a-25e45e859e87'),
	(8,1,'q_26wFJeaSTYeJtSoDTgswCAHa6GM8zjaNZN5B2XAd67J5CpF0AK9sldvQI5YVjkJ15iNkR8UH7h3bT6ZYYpKGJisKJweRcj7nXc','2018-11-17 06:04:05','2018-11-17 09:35:40','d9212a26-d6d3-4fbc-82ee-4d6474acb7b9'),
	(9,1,'72gsGJi_GezHhj5cNCe1btUGN7iDgAoHVCMMeYb4eBfXhfu2MUZY2iSwRExwt_i1TiUCbtqw4EJut5pkJj9yCn5zmDM3crLBQtsm','2018-11-17 06:04:09','2018-11-17 06:04:09','1f7ce50a-6797-487f-b054-6062838f023b'),
	(11,1,'G-LolvFCVU3QWJ0eOBmQY2s_W0ygCQe1BgrK7roYYv7tMb2zx6v1Fu2hGJFmIHt8sA6OKE9CP3x_Nja3D-JfwGPilFFzflvnoswd','2018-11-18 05:25:43','2018-11-18 06:16:00','0d9d66d5-2526-4082-b263-ebbda718a52d');

/*!40000 ALTER TABLE `sessions` ENABLE KEYS */;
UNLOCK TABLES;


# Dump of table shunnedmessages
# ------------------------------------------------------------

DROP TABLE IF EXISTS `shunnedmessages`;

CREATE TABLE `shunnedmessages` (
  `id` int(11) NOT NULL AUTO_INCREMENT,
  `userId` int(11) NOT NULL,
  `message` varchar(255) NOT NULL,
  `expiryDate` datetime DEFAULT NULL,
  `dateCreated` datetime NOT NULL,
  `dateUpdated` datetime NOT NULL,
  `uid` char(36) NOT NULL DEFAULT '0',
  PRIMARY KEY (`id`),
  UNIQUE KEY `shunnedmessages_userId_message_unq_idx` (`userId`,`message`),
  CONSTRAINT `shunnedmessages_userId_fk` FOREIGN KEY (`userId`) REFERENCES `users` (`id`) ON DELETE CASCADE
) ENGINE=InnoDB DEFAULT CHARSET=utf8;



# Dump of table sitegroups
# ------------------------------------------------------------

DROP TABLE IF EXISTS `sitegroups`;

CREATE TABLE `sitegroups` (
  `id` int(11) NOT NULL AUTO_INCREMENT,
  `name` varchar(255) NOT NULL,
  `dateCreated` datetime NOT NULL,
  `dateUpdated` datetime NOT NULL,
  `uid` char(36) NOT NULL DEFAULT '0',
  PRIMARY KEY (`id`),
  UNIQUE KEY `sitegroups_name_unq_idx` (`name`)
) ENGINE=InnoDB DEFAULT CHARSET=utf8;

LOCK TABLES `sitegroups` WRITE;
/*!40000 ALTER TABLE `sitegroups` DISABLE KEYS */;

INSERT INTO `sitegroups` (`id`, `name`, `dateCreated`, `dateUpdated`, `uid`)
VALUES
	(1,'Form','2018-10-14 04:54:48','2018-10-14 04:54:48','a3870ac4-ee5b-415e-b217-b3350e4a4f4e');

/*!40000 ALTER TABLE `sitegroups` ENABLE KEYS */;
UNLOCK TABLES;


# Dump of table sites
# ------------------------------------------------------------

DROP TABLE IF EXISTS `sites`;

CREATE TABLE `sites` (
  `id` int(11) NOT NULL AUTO_INCREMENT,
  `groupId` int(11) NOT NULL,
  `primary` tinyint(1) NOT NULL,
  `name` varchar(255) NOT NULL,
  `handle` varchar(255) NOT NULL,
  `language` varchar(12) NOT NULL,
  `hasUrls` tinyint(1) NOT NULL DEFAULT '0',
  `baseUrl` varchar(255) DEFAULT NULL,
  `sortOrder` smallint(6) unsigned DEFAULT NULL,
  `dateCreated` datetime NOT NULL,
  `dateUpdated` datetime NOT NULL,
  `uid` char(36) NOT NULL DEFAULT '0',
  PRIMARY KEY (`id`),
  UNIQUE KEY `sites_handle_unq_idx` (`handle`),
  KEY `sites_sortOrder_idx` (`sortOrder`),
  KEY `sites_groupId_fk` (`groupId`),
  CONSTRAINT `sites_groupId_fk` FOREIGN KEY (`groupId`) REFERENCES `sitegroups` (`id`) ON DELETE CASCADE
) ENGINE=InnoDB DEFAULT CHARSET=utf8;

LOCK TABLES `sites` WRITE;
/*!40000 ALTER TABLE `sites` DISABLE KEYS */;

INSERT INTO `sites` (`id`, `groupId`, `primary`, `name`, `handle`, `language`, `hasUrls`, `baseUrl`, `sortOrder`, `dateCreated`, `dateUpdated`, `uid`)
VALUES
	(1,1,1,'Form','default','en-AU',1,'@web/',1,'2018-10-14 04:54:48','2018-10-14 04:54:48','f851cc6a-7e68-4e0a-ac68-2851364f584a');

/*!40000 ALTER TABLE `sites` ENABLE KEYS */;
UNLOCK TABLES;


# Dump of table stc_contactdetails
# ------------------------------------------------------------

DROP TABLE IF EXISTS `stc_contactdetails`;

CREATE TABLE `stc_contactdetails` (
  `id` int(11) NOT NULL AUTO_INCREMENT,
  `elementId` int(11) NOT NULL,
  `siteId` int(11) NOT NULL,
  `dateCreated` datetime NOT NULL,
  `dateUpdated` datetime NOT NULL,
  `uid` char(36) NOT NULL DEFAULT '0',
  `field_email` text,
  `field_phone` text,
  `field_twitter` text,
  `field_insta` text,
  `field_address` text,
  PRIMARY KEY (`id`),
  UNIQUE KEY `stc_contactdetails_elementId_siteId_unq_idx` (`elementId`,`siteId`),
  KEY `stc_contactdetails_siteId_fk` (`siteId`),
  CONSTRAINT `stc_contactdetails_elementId_fk` FOREIGN KEY (`elementId`) REFERENCES `elements` (`id`) ON DELETE CASCADE,
  CONSTRAINT `stc_contactdetails_siteId_fk` FOREIGN KEY (`siteId`) REFERENCES `sites` (`id`) ON DELETE CASCADE ON UPDATE CASCADE
) ENGINE=InnoDB DEFAULT CHARSET=utf8;

LOCK TABLES `stc_contactdetails` WRITE;
/*!40000 ALTER TABLE `stc_contactdetails` DISABLE KEYS */;

INSERT INTO `stc_contactdetails` (`id`, `elementId`, `siteId`, `dateCreated`, `dateUpdated`, `uid`, `field_email`, `field_phone`, `field_twitter`, `field_insta`, `field_address`)
VALUES
	(1,10,1,'2018-10-14 06:22:02','2018-10-21 10:24:06','7b1e164a-b7ae-4c21-8c2a-cb18cf694c7a','dan@byform.co','+61.439.849.717','@function_form','@function_form','353 Napier Street,\nFitzroy, Melbourne\nVIC 3065, Australia');

/*!40000 ALTER TABLE `stc_contactdetails` ENABLE KEYS */;
UNLOCK TABLES;


# Dump of table stc_projectdetails
# ------------------------------------------------------------

DROP TABLE IF EXISTS `stc_projectdetails`;

CREATE TABLE `stc_projectdetails` (
  `id` int(11) NOT NULL AUTO_INCREMENT,
  `elementId` int(11) NOT NULL,
  `siteId` int(11) NOT NULL,
  `dateCreated` datetime NOT NULL,
  `dateUpdated` datetime NOT NULL,
  `uid` char(36) NOT NULL DEFAULT '0',
  `field_projectOwner` varchar(255) DEFAULT NULL,
  `field_projectCollaborators` text,
  `field_designers` text,
  `field_developers` text,
  `field_strategists` text,
  `field_projectType` varchar(255) DEFAULT NULL,
  `field_discipline` varchar(255) DEFAULT NULL,
  `field_projectYear` int(10) DEFAULT NULL,
  PRIMARY KEY (`id`),
  UNIQUE KEY `stc_projectdetails_elementId_siteId_unq_idx` (`elementId`,`siteId`),
  KEY `stc_projectdetails_siteId_fk` (`siteId`),
  CONSTRAINT `stc_projectdetails_elementId_fk` FOREIGN KEY (`elementId`) REFERENCES `elements` (`id`) ON DELETE CASCADE,
  CONSTRAINT `stc_projectdetails_siteId_fk` FOREIGN KEY (`siteId`) REFERENCES `sites` (`id`) ON DELETE CASCADE ON UPDATE CASCADE
) ENGINE=InnoDB DEFAULT CHARSET=utf8;

LOCK TABLES `stc_projectdetails` WRITE;
/*!40000 ALTER TABLE `stc_projectdetails` DISABLE KEYS */;

INSERT INTO `stc_projectdetails` (`id`, `elementId`, `siteId`, `dateCreated`, `dateUpdated`, `uid`, `field_projectOwner`, `field_projectCollaborators`, `field_designers`, `field_developers`, `field_strategists`, `field_projectType`, `field_discipline`, `field_projectYear`)
VALUES
	(1,4,1,'2018-10-14 05:52:43','2018-11-18 06:06:30','b33e50f4-4589-4cd0-b7a2-5466579d59d2','form','[{\"col1\":\"Atelier David Smith\",\"col2\":\"http://atelier.ie\"},{\"col1\":\"Dan Flynn\",\"col2\":\"http://byform.com\"}]','[{\"col1\":\"Dan Flynn\",\"col2\":\"http://byform.co\"},{\"col1\":\"David Smith \",\"col2\":\"http://atelier.ie\"}]','[{\"col1\":\"Archive Studio\",\"col2\":\"http://archive.studio\"}]',NULL,'[\"product\",\"portfolio\"]','[\"digital\"]',2017),
	(2,13,1,'2018-10-14 07:05:46','2018-11-17 07:00:45','bafa606b-0a5e-432b-a584-c8785eb1a638','form','[{\"col1\":\"Form\",\"col2\":\"http://www.byform.co\"}]','[{\"col1\":\"Dan Flynn\",\"col2\":\"http://www.byform.co\"}]','[{\"col1\":\"Dan Flynn\",\"col2\":\"http://www.byform.co\"}]','[{\"col1\":\"Dan Flynn\",\"col2\":\"http://www.byform.co\"}]','[\"identity\",\"portfolio\"]','[\"identity\",\"digital\",\"development\",\"strategy\"]',2019),
	(3,16,1,'2018-10-20 04:32:35','2018-11-18 05:26:03','fd8832cd-4adc-4c9f-a636-108e095678ca','maud','[{\"col1\":\"Maud\",\"col2\":\"http://www.maud.com.au\"}]','[{\"col1\":\"Dan Flynn\",\"col2\":\"http://byform.co\"},{\"col1\":\"Sam Turner\",\"col2\":\"https://studiolathe.com\"}]',NULL,'[{\"col1\":\"Dan Flynn\",\"col2\":\"http://byform.co\"}]','[\"identity\"]','[\"identity\",\"motion\",\"strategy\"]',2018),
	(4,47,1,'2018-10-21 04:05:25','2018-11-17 07:00:30','d37e5c0e-eb3c-4f10-92fa-dcd96c3ce6d5','form','[{\"col1\":\"Form\",\"col2\":\"http://byform.co\"}]','[{\"col1\":\"Dan Flynn\",\"col2\":\"http://byform.co\"}]','[{\"col1\":\"Dan Flynn\",\"col2\":\"http://byform.co\"}]','[{\"col1\":\"Dan Flynn\",\"col2\":\"http://byform.co\"}]','[\"identity\",\"product\"]','[\"identity\",\"digital\",\"development\",\"strategy\"]',2019),
	(5,49,1,'2018-10-21 04:06:35','2018-11-10 06:59:47','25470ce1-3244-4a9f-8315-98f00b66a534','maud','[{\"col1\":\"Maud\",\"col2\":\"http://maud.com.au\"}]','[{\"col1\":\"Dan Flynn\",\"col2\":\"http://byform.co\"},{\"col1\":\"Richard Smalley\",\"col2\":\"http://maud.com.au\"}]',NULL,'[{\"col1\":\"Paul O\'Connor\",\"col2\":\"http://maud.com.au\"}]','[\"identity\"]','[\"identity\",\"digital\",\"strategy\"]',2017),
	(6,51,1,'2018-10-21 04:06:58','2018-11-18 06:05:56','a6a0c69d-f3ad-4900-a76e-e2d133ef6e76','maud','[{\"col1\":\"Maud\",\"col2\":\"http://www.maud.com.au\"}]','[{\"col1\":\"Dan Flynn\",\"col2\":\"http://byform.co\"},{\"col1\":\"Tomas Sabbatucci\",\"col2\":\"http://cargocollective.com/tomassabbatucci\"},{\"col1\":\"Adam Vella\",\"col2\":\"http://adamvella.com.au\"},{\"col1\":\"Tom Fethers\",\"col2\":\"http://www.maud.com.au\"}]',NULL,'[{\"col1\":\"Lisa Aitken\",\"col2\":\"https://www.maud.com.au\"},{\"col1\":\"Paul O\'Connor\",\"col2\":\"https://www.maud.com.au\"}]','[\"identity\",\"product\"]','[\"identity\",\"digital\",\"motion\",\"strategy\"]',2018),
	(7,53,1,'2018-10-21 04:07:29','2018-11-10 07:30:49','ac10e17b-4548-4656-b58a-41e135d085ab','maud','[{\"col1\":\"Maud\",\"col2\":\"http://maud.com.au\"}]','[{\"col1\":\"Dan Flynn\",\"col2\":\"http://byform.co\"},{\"col1\":\"Adam Vella\",\"col2\":\"http://adamvella.com.au\"}]',NULL,'[{\"col1\":\"Lisa Aitken\",\"col2\":\"http://maud.com.au\"},{\"col1\":\"Dan Flynn\",\"col2\":\"http://byform.co\"}]','[\"identity\",\"product\"]','[\"identity\",\"digital\",\"strategy\"]',2016),
	(8,55,1,'2018-10-21 04:12:12','2018-11-10 07:41:57','097e9683-02a5-46ed-8d47-efb0a72c45e0','maud','[{\"col1\":\"Maud\",\"col2\":\"http://maud.com.au\"}]','[{\"col1\":\"Owen Cramp\",\"col2\":\"http://owencramp.com/\"},{\"col1\":\"Dan Flynn\",\"col2\":\"http://byform.co\"},{\"col1\":\"Dom Hofstede\",\"col2\":\"http://hofstede.com.au/\"},{\"col1\":\"Tal Levin\",\"col2\":\"http://tallevin.info/\"},{\"col1\":\"Tomas Sabbatucci\",\"col2\":\"http://cargocollective.com/tomassabbatucci\"},{\"col1\":\"Sam Turner\",\"col2\":\"http://studiolathe.com/\"}]',NULL,'[{\"col1\":\"Georgina Milne\",\"col2\":\"https://au.linkedin.com/in/georginamilne\"},{\"col1\":\"Dan Flynn\",\"col2\":\"http://byform.co\"}]','[\"identity\"]','[\"identity\",\"digital\",\"motion\",\"strategy\"]',2019),
	(9,57,1,'2018-10-21 04:15:26','2018-11-18 06:06:00','28ed8fb5-9d38-4403-8f9e-e234b63c3ef3','maud','[{\"col1\":\"Maud\",\"col2\":\"http://maud.com.au\"}]','[{\"col1\":\"Dan Flynn\",\"col2\":\"http://byform.co\"}]',NULL,NULL,'[\"identity\"]','[\"identity\",\"motion\"]',2016),
	(10,59,1,'2018-10-21 04:15:26','2018-11-17 08:39:16','17c466ba-7a11-40f9-a636-d6a94c6dce25','maud','[{\"col1\":\"Maud\",\"col2\":\"http://maud.com.au\"}]','[{\"col1\":\"Dan Flynn\",\"col2\":\"http://byform.co/\"},{\"col1\":\"Adam Vella\",\"col2\":\"http://adamvella.com.au/\"}]','[{\"col1\":\"Sandbox\",\"col2\":\"http://sandbox.digital/\"}]',NULL,'[\"identity\",\"product\"]','[\"identity\",\"digital\",\"strategy\"]',2015),
	(11,70,1,'2018-11-10 04:13:16','2018-11-18 06:06:08','4f283db6-6b72-457a-8434-42a2c861baa3','maud','[{\"col1\":\"Maud\",\"col2\":\"http://maud.com.au\"}]','[{\"col1\":\"Dan Flynn\",\"col2\":\"http://byform.co\"},{\"col1\":\"Adam Vella\",\"col2\":\"http://adamvella.com.au\"}]','[{\"col1\":\"Sandbox\",\"col2\":\"http://sandboxdigital.com.au/\"}]',NULL,'[\"identity\",\"product\"]','[\"identity\",\"digital\",\"motion\",\"strategy\"]',2014),
	(12,72,1,'2018-11-10 04:17:18','2018-11-18 06:06:13','005e6bbd-095e-469c-8f97-8dd30564bc87','maud','[{\"col1\":\"Maud\",\"col2\":\"http://maud.com.au\"}]','[{\"col1\":\"Dan Flynn\",\"col2\":\"http://byform.co\"}]',NULL,NULL,'[\"identity\"]','[\"identity\"]',2014),
	(13,74,1,'2018-11-10 04:33:32','2018-11-18 06:02:49','27a47e3e-5ccc-4028-9465-9dc7c1f71ae5','spin','[{\"col1\":\"Spin\",\"col2\":\"http://spin.co.uk\"}]','[{\"col1\":\"Dan Flynn\",\"col2\":\"http://byform.co\"},{\"col1\":\"Claudia Klat\",\"col2\":\"http://spin.co.uk\"},{\"col1\":\"Callin Mackintosh\",\"col2\":\"http://www.callinmackintosh.com/\"}]','[{\"col1\":\"Archive Studio\",\"col2\":\"http://archive.studio\"}]',NULL,'[\"identity\"]','[\"identity\",\"digital\",\"motion\"]',2013),
	(14,76,1,'2018-11-10 05:01:27','2018-11-18 05:58:06','4c3125a1-8469-40d0-9b9d-f1d0e639b607','spin','[{\"col1\":\"Spin\",\"col2\":\"http://spin.co.uk\"}]','[{\"col1\":\"Dan Flynn\",\"col2\":\"http://byform.co\"}]',NULL,NULL,'[\"identity\"]','[\"identity\",\"digital\",\"motion\"]',2013),
	(15,78,1,'2018-11-10 05:02:51','2018-11-17 08:12:42','6c557f64-77a7-48a4-a5f1-82b2a84729d0','spin','[{\"col1\":\"Spin\",\"col2\":\"http://spin.co.uk\"}]','[{\"col1\":\"Dan Flynn\",\"col2\":\"http://byform.co\"}]',NULL,NULL,'[\"identity\"]','[\"identity\",\"digital\"]',2011),
	(16,80,1,'2018-11-10 05:03:41','2018-11-10 07:32:52','09f2a785-f222-43d1-b554-4f0854f82ea5','spin','[{\"col1\":\"Spin\",\"col2\":\"http://spin.co.uk\"}]','[{\"col1\":\"Dan Flynn\",\"col2\":\"http://byform.co\"}]','[{\"col1\":\"Archive\",\"col2\":\"http://archive.studio\"}]',NULL,'[\"identity\",\"portfolio\"]','[\"identity\",\"digital\"]',2011),
	(17,82,1,'2018-11-10 05:04:48','2018-11-17 08:22:16','0e3a6ed6-a981-44b5-b1df-6a4b3887b576','spin','[{\"col1\":\"Spin\",\"col2\":\"http://spin.co.uk\"}]','[{\"col1\":\"Dan Flynn\",\"col2\":\"http://byform.co\"}]',NULL,NULL,'[\"identity\"]','[\"identity\",\"strategy\"]',2012),
	(18,84,1,'2018-11-10 05:08:00','2018-11-18 06:03:21','da766083-f548-4a57-b08f-0cf87a0ad589','spin','[{\"col1\":\"Spin\",\"col2\":\"http://spin.co.uk\"}]','[{\"col1\":\"Dan Flynn\",\"col2\":\"http://byform.co\"},{\"col1\":\"Patrick Eley\",\"col2\":\"https://www.linkedin.com/in/patrick-eley-b7303a32/\"}]','[{\"col1\":\"Archive\",\"col2\":\"http://archive.studio\"}]',NULL,'[\"portfolio\"]','[\"identity\"]',2011);

/*!40000 ALTER TABLE `stc_projectdetails` ENABLE KEYS */;
UNLOCK TABLES;


# Dump of table stc_projectimages
# ------------------------------------------------------------

DROP TABLE IF EXISTS `stc_projectimages`;

CREATE TABLE `stc_projectimages` (
  `id` int(11) NOT NULL AUTO_INCREMENT,
  `elementId` int(11) NOT NULL,
  `siteId` int(11) NOT NULL,
  `dateCreated` datetime NOT NULL,
  `dateUpdated` datetime NOT NULL,
  `uid` char(36) NOT NULL DEFAULT '0',
  `field_digital` tinyint(1) DEFAULT NULL,
  `field_video` tinyint(1) DEFAULT NULL,
  PRIMARY KEY (`id`),
  UNIQUE KEY `stc_projectimages_elementId_siteId_unq_idx` (`elementId`,`siteId`),
  KEY `stc_projectimages_siteId_fk` (`siteId`),
  CONSTRAINT `stc_projectimages_elementId_fk` FOREIGN KEY (`elementId`) REFERENCES `elements` (`id`) ON DELETE CASCADE,
  CONSTRAINT `stc_projectimages_siteId_fk` FOREIGN KEY (`siteId`) REFERENCES `sites` (`id`) ON DELETE CASCADE ON UPDATE CASCADE
) ENGINE=InnoDB DEFAULT CHARSET=utf8;

LOCK TABLES `stc_projectimages` WRITE;
/*!40000 ALTER TABLE `stc_projectimages` DISABLE KEYS */;

INSERT INTO `stc_projectimages` (`id`, `elementId`, `siteId`, `dateCreated`, `dateUpdated`, `uid`, `field_digital`, `field_video`)
VALUES
	(5,17,1,'2018-10-20 04:32:35','2018-11-18 05:26:03','f3763d6f-cd9a-4b3c-8f74-75395f97f438',0,0),
	(6,27,1,'2018-10-20 23:42:21','2018-11-18 06:06:30','a07329c9-ae58-477c-8d16-f3f40d6c92e8',1,0),
	(7,28,1,'2018-10-20 23:42:21','2018-11-18 06:06:30','bdcd615c-94fb-42f6-b61d-66daaeffc531',1,0),
	(8,29,1,'2018-10-20 23:42:21','2018-11-18 06:06:30','4efb1606-76be-4b97-9dfc-7dd088e7275a',1,0),
	(9,30,1,'2018-10-20 23:42:21','2018-11-18 06:06:31','3e0fc231-02f2-42e4-bb5a-62e8f2cf9403',1,0),
	(10,31,1,'2018-10-20 23:42:21','2018-11-18 06:06:31','cc53188a-e04b-47d2-81e8-3b155b58ffe9',1,0),
	(11,32,1,'2018-10-20 23:42:21','2018-11-18 06:06:31','bd114344-f850-4dbe-a39f-70e43be80466',1,0),
	(12,40,1,'2018-10-21 03:27:16','2018-11-18 05:26:03','d61db943-6a44-4802-93e1-aa628950ec19',0,0),
	(13,41,1,'2018-10-21 03:27:16','2018-11-18 05:26:03','23935670-8c43-4a0a-9018-5d53a6b29a91',0,0),
	(14,42,1,'2018-10-21 03:27:16','2018-11-18 05:26:03','85f6ed47-814a-4431-9f90-0318c4931d5c',0,0),
	(15,43,1,'2018-10-21 03:27:16','2018-11-18 05:26:03','4296ca97-fddf-4814-81d1-d1085a802aa7',0,0),
	(16,67,1,'2018-10-21 10:05:54','2018-11-18 05:26:03','34f76921-c635-49d6-8e55-2ebbad3a863a',0,0),
	(18,102,1,'2018-11-10 06:27:18','2018-11-10 07:30:49','5137c42e-da3a-4d52-9c1e-179bc0e73d39',0,NULL),
	(19,103,1,'2018-11-10 06:27:18','2018-11-10 07:30:49','55282176-26d0-43c2-9da2-8521077690be',0,NULL),
	(20,104,1,'2018-11-10 06:27:18','2018-11-10 07:30:49','d9981ee7-c7f6-41ba-9978-748c7237a017',0,NULL),
	(21,105,1,'2018-11-10 06:27:18','2018-11-10 07:30:49','9b0b7e12-a9d9-4a8b-96b2-619bee097c74',0,NULL),
	(22,106,1,'2018-11-10 06:27:18','2018-11-10 07:30:49','c7151bdb-d151-4727-b305-6f46780350d0',0,NULL),
	(23,107,1,'2018-11-10 06:27:18','2018-11-10 07:30:49','4dfd3016-fecf-43c7-9a12-13597d481e58',0,NULL),
	(24,108,1,'2018-11-10 06:27:18','2018-11-10 07:30:49','3c05e0a3-a8c9-4832-a50a-d8747953d8dd',0,NULL),
	(25,109,1,'2018-11-10 06:27:18','2018-11-10 07:30:49','8e1f59ab-9a17-45b3-b4ec-a5a46b773ba3',0,NULL),
	(26,110,1,'2018-11-10 06:27:18','2018-11-10 07:30:49','f997674c-4fd6-4105-a1aa-d984eaaec13c',1,NULL),
	(27,111,1,'2018-11-10 06:27:18','2018-11-10 07:30:49','af67511d-cc29-4797-88c8-b1ebddcdeb2d',1,NULL),
	(28,112,1,'2018-11-10 06:27:18','2018-11-10 07:30:49','3fe88b6c-0d96-4792-9452-ef6dee4bcc69',0,NULL),
	(29,121,1,'2018-11-10 06:58:35','2018-11-17 07:00:30','a21cfd17-2451-46ad-b79c-00f0273720ea',0,NULL),
	(31,139,1,'2018-11-10 07:06:30','2018-11-18 06:06:08','ce5ab26e-41bc-43fb-9f62-ceea96dff185',0,0),
	(32,140,1,'2018-11-10 07:06:30','2018-11-18 06:06:08','e556299d-d45e-40e4-aa88-6a442a8330f8',0,0),
	(33,141,1,'2018-11-10 07:06:30','2018-11-18 06:06:08','f3b26399-b240-45cc-9662-3c4528764661',1,0),
	(34,142,1,'2018-11-10 07:06:30','2018-11-18 06:06:08','d746c0c7-1652-40fd-b26e-09a29621bd70',1,0),
	(35,143,1,'2018-11-10 07:06:30','2018-11-18 06:06:08','50f68520-4f68-4113-81b7-c1aac9310a39',0,0),
	(36,144,1,'2018-11-10 07:06:30','2018-11-18 06:06:08','3ae5fe3d-a436-4cf0-a566-07b56a890293',0,0),
	(37,145,1,'2018-11-10 07:06:30','2018-11-18 06:06:08','238ad974-e672-46a3-a5fe-9081275e4967',0,0),
	(38,146,1,'2018-11-10 07:06:30','2018-11-18 06:06:08','b94af299-dcd2-4b48-9263-d98f383d76a3',0,0),
	(39,147,1,'2018-11-10 07:06:30','2018-11-18 06:06:08','4d54876a-33cf-4bca-9e01-a8813f39f412',0,0),
	(40,152,1,'2018-11-10 07:08:55','2018-11-18 06:06:13','295a2108-819b-4559-8781-5e68685ec895',0,0),
	(41,153,1,'2018-11-10 07:08:55','2018-11-18 06:06:13','9d6a5a02-7655-4a37-a4a1-c90e086a15d3',0,0),
	(43,155,1,'2018-11-10 07:09:31','2018-11-18 06:06:13','563335fa-f50a-4bac-9141-68e63bf0267b',0,0),
	(44,164,1,'2018-11-17 06:30:41','2018-11-17 07:00:30','47124547-42b6-4f9d-8546-62b9876ec9b9',1,NULL),
	(45,165,1,'2018-11-17 06:41:40','2018-11-17 07:00:30','02fa3333-ceee-43f0-9a39-bfa14eae7e27',0,NULL),
	(46,168,1,'2018-11-17 07:08:39','2018-11-18 06:06:30','05ce7b98-06d6-49e9-b019-2490161e2958',0,0),
	(47,176,1,'2018-11-17 07:14:51','2018-11-18 06:06:01','bc053596-c5ed-4b48-affc-af1178df4a9a',0,0),
	(48,177,1,'2018-11-17 07:14:51','2018-11-18 06:06:01','d8f1162f-9eba-476c-9dd8-40e45538a2a1',0,0),
	(49,178,1,'2018-11-17 07:14:51','2018-11-18 06:06:01','91500316-85c4-4ec4-8117-19f5df508aff',0,0),
	(50,179,1,'2018-11-17 07:14:51','2018-11-18 06:06:01','ce7ce07a-c18b-4b38-8836-a3c1936ae593',0,0),
	(51,180,1,'2018-11-17 07:14:51','2018-11-18 06:06:01','40ca699c-da91-4a64-8fd4-547dc1558b55',0,0),
	(52,181,1,'2018-11-17 07:14:51','2018-11-18 06:06:01','7157b2d3-b25b-46f5-bd4e-39ab6de20c05',0,0),
	(53,182,1,'2018-11-17 07:14:51','2018-11-18 06:06:01','692a0cb9-a98a-468f-8eb8-cd0b2c0255c6',0,0),
	(54,184,1,'2018-11-17 07:16:37','2018-11-18 06:06:01','0da56d98-2a29-4d4b-9a7a-19b8fa3e7bef',0,0),
	(55,186,1,'2018-11-17 07:23:51','2018-11-18 06:05:56','df83c296-203f-44d5-999d-b00d05afd1a4',0,0),
	(56,199,1,'2018-11-17 08:09:24','2018-11-18 06:03:21','63efd9c0-c22a-457e-8190-f1f6b2ada5f4',1,0),
	(57,200,1,'2018-11-17 08:09:24','2018-11-18 06:03:21','06c69c19-194d-4f43-8ac4-bd52da96369a',1,0),
	(58,201,1,'2018-11-17 08:09:24','2018-11-18 06:03:21','cb0df2a1-7e65-471c-8ebd-6a912b453d5a',1,0),
	(59,202,1,'2018-11-17 08:09:24','2018-11-18 06:03:21','51253db6-c55d-4e01-83ce-29d621d93d46',1,0),
	(60,203,1,'2018-11-17 08:09:24','2018-11-18 06:03:21','d8f22f06-1d38-412a-a314-982284cc19bd',1,0),
	(61,210,1,'2018-11-17 08:12:42','2018-11-17 08:12:42','9f19a38f-e272-45d9-b7fb-fd9f353d0e35',0,NULL),
	(62,211,1,'2018-11-17 08:12:42','2018-11-17 08:12:42','50cb5c91-6bf3-4b51-90e0-55beae72279f',0,NULL),
	(63,212,1,'2018-11-17 08:12:42','2018-11-17 08:12:42','0d3cd93d-e397-46f2-9231-a64a988e4eef',0,NULL),
	(64,213,1,'2018-11-17 08:12:42','2018-11-17 08:12:42','ebb82af6-7894-49b7-848f-1e1ae7d80f26',0,NULL),
	(65,214,1,'2018-11-17 08:12:42','2018-11-17 08:12:42','409d8ecc-2499-4d4a-8d2d-46a58af6bfff',0,NULL),
	(66,215,1,'2018-11-17 08:12:42','2018-11-17 08:12:42','d537c29b-55a5-4b7a-9adf-b787654ff82e',0,NULL),
	(67,217,1,'2018-11-17 08:21:30','2018-11-17 08:22:16','eb08634e-5efd-4d95-a70e-82e6c0ac1c1f',0,NULL),
	(68,220,1,'2018-11-17 08:26:57','2018-11-18 05:58:06','551a8a2c-4889-4c0e-80e3-4787696a36cb',1,1),
	(69,221,1,'2018-11-17 08:26:57','2018-11-18 05:58:06','92817663-7cfe-4bd9-a329-f8164c6dd51d',0,0),
	(70,234,1,'2018-11-17 08:34:30','2018-11-18 06:02:49','b40ff62d-4a17-4d28-a1ef-982b394168e5',1,0),
	(71,235,1,'2018-11-17 08:34:30','2018-11-18 06:02:49','16b69560-d669-4b49-8dee-f6d032e14bf9',1,0),
	(72,236,1,'2018-11-17 08:34:30','2018-11-18 06:02:50','023d3dd1-1fa9-47f2-91b6-ee6007805a37',1,0),
	(76,240,1,'2018-11-17 08:34:30','2018-11-18 06:02:50','2cba8411-a815-41bf-92ed-0be185fbba4b',0,0),
	(77,241,1,'2018-11-17 08:34:30','2018-11-18 06:02:50','6e214e22-0bce-4294-b694-a17a242bca9e',0,0),
	(78,242,1,'2018-11-17 08:34:30','2018-11-18 06:02:50','43a7444a-45d7-4fff-994a-aec9b6b92822',0,0),
	(79,243,1,'2018-11-17 08:34:30','2018-11-18 06:02:50','b23887cb-267e-4df0-af5b-3c55245e9457',0,0),
	(80,251,1,'2018-11-17 08:39:17','2018-11-17 08:39:17','b8129885-f668-45e8-a663-74d06616b7cd',0,NULL),
	(81,252,1,'2018-11-17 08:39:17','2018-11-17 08:39:17','d2dbbbd3-2a2c-4d05-9b72-8f9c9d385fad',0,NULL),
	(82,253,1,'2018-11-17 08:39:17','2018-11-17 08:39:17','4c56c5bb-f62d-4f08-8a29-1e21dc839cce',0,NULL),
	(83,254,1,'2018-11-17 08:39:17','2018-11-17 08:39:17','2c18f85f-dbff-4863-a644-2c36621a6426',0,NULL),
	(84,255,1,'2018-11-17 08:39:17','2018-11-17 08:39:17','f7a41084-ea2f-4680-b126-3669e9dded23',1,NULL),
	(85,256,1,'2018-11-17 08:39:17','2018-11-17 08:39:17','a5904eba-5aa4-4820-b000-0984616d0252',1,NULL),
	(86,257,1,'2018-11-17 08:39:17','2018-11-17 08:39:17','a3023b32-3143-45cb-ae1b-6d243da16cf8',1,NULL),
	(87,258,1,'2018-11-17 08:39:17','2018-11-17 08:39:17','dedd351f-6f63-4cb4-ab77-f1c4f8c9fbce',0,NULL),
	(88,260,1,'2018-11-18 03:11:42','2018-11-18 05:26:03','a633d002-ae69-49e2-a031-3edfc9f076b1',0,1),
	(89,263,1,'2018-11-18 05:51:21','2018-11-18 06:05:56','521342f9-e774-4285-8c1e-1fe2b15a810c',0,1),
	(90,264,1,'2018-11-18 05:51:21','2018-11-18 06:05:56','7f69967a-b592-44c5-8ae5-09eab3af3d02',0,1),
	(91,265,1,'2018-11-18 06:00:29','2018-11-18 06:05:56','69050142-30ca-46e6-9d3d-563a347f4841',0,1),
	(93,267,1,'2018-11-18 06:01:23','2018-11-18 06:05:56','13c1109e-4795-4258-ae0e-41971fefb8f3',0,1),
	(94,268,1,'2018-11-18 06:02:50','2018-11-18 06:02:50','1c7ed361-76b5-434b-9043-e032b9379c9c',0,0);

/*!40000 ALTER TABLE `stc_projectimages` ENABLE KEYS */;
UNLOCK TABLES;


# Dump of table structureelements
# ------------------------------------------------------------

DROP TABLE IF EXISTS `structureelements`;

CREATE TABLE `structureelements` (
  `id` int(11) NOT NULL AUTO_INCREMENT,
  `structureId` int(11) NOT NULL,
  `elementId` int(11) DEFAULT NULL,
  `root` int(11) unsigned DEFAULT NULL,
  `lft` int(11) unsigned NOT NULL,
  `rgt` int(11) unsigned NOT NULL,
  `level` smallint(6) unsigned NOT NULL,
  `dateCreated` datetime NOT NULL,
  `dateUpdated` datetime NOT NULL,
  `uid` char(36) NOT NULL DEFAULT '0',
  PRIMARY KEY (`id`),
  UNIQUE KEY `structureelements_structureId_elementId_unq_idx` (`structureId`,`elementId`),
  KEY `structureelements_root_idx` (`root`),
  KEY `structureelements_lft_idx` (`lft`),
  KEY `structureelements_rgt_idx` (`rgt`),
  KEY `structureelements_level_idx` (`level`),
  KEY `structureelements_elementId_idx` (`elementId`),
  CONSTRAINT `structureelements_elementId_fk` FOREIGN KEY (`elementId`) REFERENCES `elements` (`id`) ON DELETE CASCADE,
  CONSTRAINT `structureelements_structureId_fk` FOREIGN KEY (`structureId`) REFERENCES `structures` (`id`) ON DELETE CASCADE
) ENGINE=InnoDB DEFAULT CHARSET=utf8;

LOCK TABLES `structureelements` WRITE;
/*!40000 ALTER TABLE `structureelements` DISABLE KEYS */;

INSERT INTO `structureelements` (`id`, `structureId`, `elementId`, `root`, `lft`, `rgt`, `level`, `dateCreated`, `dateUpdated`, `uid`)
VALUES
	(1,1,NULL,1,1,38,0,'2018-10-14 07:54:33','2018-11-10 05:08:00','b0bf3444-1ca5-4b4b-9d16-20d473df58a7'),
	(2,1,3,1,12,13,1,'2018-10-14 07:54:33','2018-10-21 04:12:30','ba7bce1f-ff8b-4349-a940-561fc2e4856c'),
	(3,1,12,1,6,7,1,'2018-10-14 07:54:33','2018-10-21 04:12:30','b1f2ca50-63c1-49b1-9186-31551eb8b029'),
	(4,1,15,1,8,9,1,'2018-10-20 04:32:35','2018-10-21 04:12:30','e3cf99de-ba16-4359-938c-d3de93273005'),
	(5,1,46,1,2,3,1,'2018-10-21 04:05:25','2018-10-21 04:12:27','3c1ae421-0bac-4311-8e03-180e8b82293d'),
	(6,1,48,1,14,15,1,'2018-10-21 04:06:34','2018-10-21 04:12:30','0829e93f-2e40-45cc-a9f6-c3439409606b'),
	(7,1,50,1,10,11,1,'2018-10-21 04:06:58','2018-10-21 04:12:30','5c0178da-77d8-4f1a-a5bb-8783df684b76'),
	(8,1,52,1,16,17,1,'2018-10-21 04:07:29','2018-10-21 04:12:30','62f0948a-6d81-497d-a5c3-6e6e9b2d694e'),
	(9,1,54,1,4,5,1,'2018-10-21 04:12:12','2018-10-21 04:12:30','00a32296-8562-49ae-bebe-1c508b72648f'),
	(10,1,56,1,18,19,1,'2018-10-21 04:15:26','2018-10-21 04:15:26','78d30283-7288-4dd8-9625-2bdee3156ca9'),
	(11,1,58,1,20,21,1,'2018-10-21 04:15:26','2018-10-21 04:15:26','be8552fb-acdf-45b9-913c-c72242405f75'),
	(12,1,69,1,22,23,1,'2018-11-10 04:13:16','2018-11-10 04:13:16','bf904db0-97bf-48a6-972d-e917f32623c3'),
	(13,1,71,1,24,25,1,'2018-11-10 04:17:18','2018-11-10 04:17:18','34e58909-b5da-4e48-8744-a7a8cad1e2e9'),
	(14,1,73,1,26,27,1,'2018-11-10 04:33:32','2018-11-10 04:33:32','b70db81e-d628-4205-88f9-cf1d1c8def15'),
	(15,1,75,1,28,29,1,'2018-11-10 05:01:27','2018-11-10 05:05:02','aff62330-3e2f-468e-8e76-7e2226bbba41'),
	(16,1,77,1,32,33,1,'2018-11-10 05:02:51','2018-11-10 05:05:02','1ef4befb-d8b8-4867-92c1-3cd3b2430360'),
	(17,1,79,1,34,35,1,'2018-11-10 05:03:41','2018-11-10 05:05:02','a105e892-25ef-44f9-a0cc-d36d2a3a3c79'),
	(18,1,81,1,30,31,1,'2018-11-10 05:04:48','2018-11-10 05:05:02','ef70d2a9-13ea-476a-aa8f-4007977dd1d6'),
	(19,1,83,1,36,37,1,'2018-11-10 05:08:00','2018-11-10 05:08:00','c0c08096-6240-463f-adfa-099d6624abb8');

/*!40000 ALTER TABLE `structureelements` ENABLE KEYS */;
UNLOCK TABLES;


# Dump of table structures
# ------------------------------------------------------------

DROP TABLE IF EXISTS `structures`;

CREATE TABLE `structures` (
  `id` int(11) NOT NULL AUTO_INCREMENT,
  `maxLevels` smallint(6) unsigned DEFAULT NULL,
  `dateCreated` datetime NOT NULL,
  `dateUpdated` datetime NOT NULL,
  `uid` char(36) NOT NULL DEFAULT '0',
  PRIMARY KEY (`id`)
) ENGINE=InnoDB DEFAULT CHARSET=utf8;

LOCK TABLES `structures` WRITE;
/*!40000 ALTER TABLE `structures` DISABLE KEYS */;

INSERT INTO `structures` (`id`, `maxLevels`, `dateCreated`, `dateUpdated`, `uid`)
VALUES
	(1,1,'2018-10-14 07:54:33','2018-10-14 07:54:33','d131a806-cb68-4728-abe3-ec7a81e7f01d');

/*!40000 ALTER TABLE `structures` ENABLE KEYS */;
UNLOCK TABLES;


# Dump of table supertableblocks
# ------------------------------------------------------------

DROP TABLE IF EXISTS `supertableblocks`;

CREATE TABLE `supertableblocks` (
  `id` int(11) NOT NULL,
  `ownerId` int(11) NOT NULL,
  `ownerSiteId` int(11) DEFAULT NULL,
  `fieldId` int(11) NOT NULL,
  `typeId` int(11) NOT NULL,
  `sortOrder` smallint(6) unsigned DEFAULT NULL,
  `dateCreated` datetime NOT NULL,
  `dateUpdated` datetime NOT NULL,
  `uid` char(36) NOT NULL DEFAULT '0',
  PRIMARY KEY (`id`),
  KEY `supertableblocks_ownerId_idx` (`ownerId`),
  KEY `supertableblocks_fieldId_idx` (`fieldId`),
  KEY `supertableblocks_typeId_idx` (`typeId`),
  KEY `supertableblocks_ownerSiteId_idx` (`ownerSiteId`),
  CONSTRAINT `supertableblocks_fieldId_fk` FOREIGN KEY (`fieldId`) REFERENCES `fields` (`id`) ON DELETE CASCADE,
  CONSTRAINT `supertableblocks_id_fk` FOREIGN KEY (`id`) REFERENCES `elements` (`id`) ON DELETE CASCADE,
  CONSTRAINT `supertableblocks_ownerId_fk` FOREIGN KEY (`ownerId`) REFERENCES `elements` (`id`) ON DELETE CASCADE,
  CONSTRAINT `supertableblocks_ownerSiteId_fk` FOREIGN KEY (`ownerSiteId`) REFERENCES `sites` (`id`) ON DELETE CASCADE ON UPDATE CASCADE,
  CONSTRAINT `supertableblocks_typeId_fk` FOREIGN KEY (`typeId`) REFERENCES `supertableblocktypes` (`id`) ON DELETE CASCADE
) ENGINE=InnoDB DEFAULT CHARSET=utf8;

LOCK TABLES `supertableblocks` WRITE;
/*!40000 ALTER TABLE `supertableblocks` DISABLE KEYS */;

INSERT INTO `supertableblocks` (`id`, `ownerId`, `ownerSiteId`, `fieldId`, `typeId`, `sortOrder`, `dateCreated`, `dateUpdated`, `uid`)
VALUES
	(4,3,NULL,2,1,1,'2018-10-14 05:52:43','2018-11-18 06:06:30','c5152ca7-996f-4674-90d5-65b709345ba3'),
	(10,2,NULL,25,3,1,'2018-10-14 06:22:02','2018-10-21 10:24:06','393404c1-39b4-4868-ab7c-38ee6bd0a969'),
	(13,12,NULL,2,1,1,'2018-10-14 07:05:46','2018-11-17 07:00:45','c675fde4-c9e1-4bad-b2a2-e912f4cf8af6'),
	(16,15,NULL,2,1,1,'2018-10-20 04:32:35','2018-11-18 05:26:03','64fd3ad6-5c15-4571-af52-7f1d5dd2c466'),
	(17,15,NULL,15,2,5,'2018-10-20 04:32:35','2018-11-18 05:26:03','abf1cd80-ed54-4d1d-995e-475b4f330da6'),
	(27,3,NULL,15,2,2,'2018-10-20 23:42:21','2018-11-18 06:06:30','1e98d006-b3b1-40af-be85-c5334b0ec6f9'),
	(28,3,NULL,15,2,3,'2018-10-20 23:42:21','2018-11-18 06:06:30','7c5450f4-73a1-4d74-8ebb-4911aceaa4a3'),
	(29,3,NULL,15,2,4,'2018-10-20 23:42:21','2018-11-18 06:06:30','2d196657-8cfe-4139-8def-3b9d932f8a2f'),
	(30,3,NULL,15,2,5,'2018-10-20 23:42:21','2018-11-18 06:06:31','61d95499-f9c4-4640-bc80-4631bfdebf32'),
	(31,3,NULL,15,2,6,'2018-10-20 23:42:21','2018-11-18 06:06:31','3165abb3-afbe-4841-a52c-69c345581468'),
	(32,3,NULL,15,2,7,'2018-10-20 23:42:21','2018-11-18 06:06:31','ed49547a-841a-4ae5-9bea-affa4836967e'),
	(40,15,NULL,15,2,6,'2018-10-21 03:27:16','2018-11-18 05:26:03','85d454b9-f919-4b2d-9fe3-ff6924537fd8'),
	(41,15,NULL,15,2,2,'2018-10-21 03:27:16','2018-11-18 05:26:03','7825219f-8a85-4d99-9931-e92c2f24238a'),
	(42,15,NULL,15,2,7,'2018-10-21 03:27:16','2018-11-18 05:26:03','5169b404-3d88-4a5d-ad6f-2fde04072e3d'),
	(43,15,NULL,15,2,4,'2018-10-21 03:27:16','2018-11-18 05:26:03','0888fbb8-76ab-46d1-bacd-573cb5d2ac36'),
	(47,46,NULL,2,1,1,'2018-10-21 04:05:25','2018-11-17 07:00:30','cd0e3696-0191-47b9-aa65-699d8341d5a3'),
	(49,48,NULL,2,1,1,'2018-10-21 04:06:35','2018-11-10 06:59:47','b65717ec-1b23-4eff-942e-2fc8848d264e'),
	(51,50,NULL,2,1,1,'2018-10-21 04:06:58','2018-11-18 06:05:56','4a543e46-c5d5-424e-8a1a-4ea187facad9'),
	(53,52,NULL,2,1,1,'2018-10-21 04:07:29','2018-11-10 07:30:49','15fd1501-f2eb-4d53-9c4b-f6c5f5e47251'),
	(55,54,NULL,2,1,1,'2018-10-21 04:12:12','2018-11-10 07:41:57','103cbdcf-1408-4871-a795-7d32676ee801'),
	(57,56,NULL,2,1,1,'2018-10-21 04:15:26','2018-11-18 06:06:01','7fd02b6d-31ae-42c3-9c77-a6e00bb36660'),
	(59,58,NULL,2,1,1,'2018-10-21 04:15:26','2018-11-17 08:39:16','c85c81d9-2e2c-4de2-bf3c-a5d7adcb3b1d'),
	(67,15,NULL,15,2,3,'2018-10-21 10:05:54','2018-11-18 05:26:03','ff1802a8-2a56-40a0-8850-0c87b6088bf6'),
	(70,69,NULL,2,1,1,'2018-11-10 04:13:16','2018-11-18 06:06:08','513c65e4-80b6-4609-adff-be3da45b7c3b'),
	(72,71,NULL,2,1,1,'2018-11-10 04:17:18','2018-11-18 06:06:13','78086f66-899a-4091-a8ac-83fb4e03fba1'),
	(74,73,NULL,2,1,1,'2018-11-10 04:33:32','2018-11-18 06:02:49','1ad7c548-7e77-4b1f-a8d5-60463ee8465e'),
	(76,75,NULL,2,1,1,'2018-11-10 05:01:27','2018-11-18 05:58:06','82f3d854-6475-4b34-9457-5030dc31c45d'),
	(78,77,NULL,2,1,1,'2018-11-10 05:02:51','2018-11-17 08:12:42','6ed56988-bf35-4808-ace3-5aa13693abb0'),
	(80,79,NULL,2,1,1,'2018-11-10 05:03:41','2018-11-10 07:32:52','2b0a8f65-f60b-4164-8dbd-21d32334cc9a'),
	(82,81,NULL,2,1,1,'2018-11-10 05:04:48','2018-11-17 08:22:16','50337444-5788-4013-b085-021eed7e4519'),
	(84,83,NULL,2,1,1,'2018-11-10 05:08:00','2018-11-18 06:03:21','df08c740-62ae-4e16-b6f8-59c6cbb181cd'),
	(102,52,NULL,15,2,1,'2018-11-10 06:27:18','2018-11-10 07:30:49','c4609e6a-6d61-4fcc-94c4-0ec9ebb5b279'),
	(103,52,NULL,15,2,2,'2018-11-10 06:27:18','2018-11-10 07:30:49','12125d63-5bd6-4649-893f-b8bb2e1d5662'),
	(104,52,NULL,15,2,3,'2018-11-10 06:27:18','2018-11-10 07:30:49','9261c1bc-a0c6-47e8-8f91-e1d4ee7776fb'),
	(105,52,NULL,15,2,4,'2018-11-10 06:27:18','2018-11-10 07:30:49','6b75419d-5a92-4fe9-bcc6-e9479aef9ef1'),
	(106,52,NULL,15,2,5,'2018-11-10 06:27:18','2018-11-10 07:30:49','ce2d4c04-e3bf-462a-b5a5-3bab5e06aa2e'),
	(107,52,NULL,15,2,6,'2018-11-10 06:27:18','2018-11-10 07:30:49','ac123959-97a9-48f1-87dc-8e9e36232895'),
	(108,52,NULL,15,2,7,'2018-11-10 06:27:18','2018-11-10 07:30:49','a0137518-a503-4034-a6fe-5241201b0e1f'),
	(109,52,NULL,15,2,8,'2018-11-10 06:27:18','2018-11-10 07:30:49','1e16e73c-a69f-4fa5-8d04-1276b9999a36'),
	(110,52,NULL,15,2,9,'2018-11-10 06:27:18','2018-11-10 07:30:49','f929b4ff-2774-4c4b-932c-26b1ca596738'),
	(111,52,NULL,15,2,10,'2018-11-10 06:27:18','2018-11-10 07:30:49','432edc1c-af45-4d0d-be9a-e4ca3022071f'),
	(112,52,NULL,15,2,11,'2018-11-10 06:27:18','2018-11-10 07:30:49','94cf7690-d996-4cd2-aa2f-982100771051'),
	(121,46,NULL,15,2,1,'2018-11-10 06:58:35','2018-11-17 07:00:30','ed311322-bbc4-4679-b3b9-3a60cc398b69'),
	(139,69,NULL,15,2,1,'2018-11-10 07:06:30','2018-11-18 06:06:08','c67fb815-31a8-40af-92b5-599ba6ec1c6f'),
	(140,69,NULL,15,2,2,'2018-11-10 07:06:30','2018-11-18 06:06:08','7426a808-423a-43d1-a971-723c73202aa2'),
	(141,69,NULL,15,2,3,'2018-11-10 07:06:30','2018-11-18 06:06:08','3e12c7d3-58cc-4329-8812-65951db80cc2'),
	(142,69,NULL,15,2,4,'2018-11-10 07:06:30','2018-11-18 06:06:08','16fb0ee5-d93f-46f5-baea-33c7212d1a19'),
	(143,69,NULL,15,2,5,'2018-11-10 07:06:30','2018-11-18 06:06:08','61e04966-8951-4fa2-b2c3-a7abbd84bb63'),
	(144,69,NULL,15,2,6,'2018-11-10 07:06:30','2018-11-18 06:06:08','f6be9755-0b41-44f3-8665-fa01266e5bed'),
	(145,69,NULL,15,2,7,'2018-11-10 07:06:30','2018-11-18 06:06:08','07539d4b-9610-48d7-afca-8ac804375000'),
	(146,69,NULL,15,2,8,'2018-11-10 07:06:30','2018-11-18 06:06:08','a2c8a097-c6e0-4faa-b5ce-381ca503acde'),
	(147,69,NULL,15,2,9,'2018-11-10 07:06:30','2018-11-18 06:06:08','6b445222-dd9a-4129-b501-b83fecdd6e9f'),
	(152,71,NULL,15,2,1,'2018-11-10 07:08:55','2018-11-18 06:06:13','49895f78-2fbf-44c5-ba86-8f909973ff6b'),
	(153,71,NULL,15,2,2,'2018-11-10 07:08:55','2018-11-18 06:06:13','0704bfff-1798-4d65-9e5e-ba811b356a06'),
	(155,71,NULL,15,2,3,'2018-11-10 07:09:31','2018-11-18 06:06:13','5ed16d9b-fb1e-4165-8be5-7dbb46d8b245'),
	(164,46,NULL,15,2,2,'2018-11-17 06:30:41','2018-11-17 07:00:30','b1512228-1ee9-47bf-a1b5-f6cbbf5567e0'),
	(165,46,NULL,15,2,3,'2018-11-17 06:41:40','2018-11-17 07:00:30','c8d98b6c-1ba3-4247-bc30-fed7a4111027'),
	(168,3,NULL,15,2,1,'2018-11-17 07:08:39','2018-11-18 06:06:30','c88e4f16-7998-4939-994e-bbbd70e1103a'),
	(176,56,NULL,15,2,1,'2018-11-17 07:14:51','2018-11-18 06:06:01','8cd1aed3-36fa-46f4-b521-b1fc3ead7eff'),
	(177,56,NULL,15,2,7,'2018-11-17 07:14:51','2018-11-18 06:06:01','0a2e4999-4641-494d-9534-3e7fd50cd495'),
	(178,56,NULL,15,2,2,'2018-11-17 07:14:51','2018-11-18 06:06:01','923c0167-f849-46f4-bcc4-34bb9a73c7bc'),
	(179,56,NULL,15,2,3,'2018-11-17 07:14:51','2018-11-18 06:06:01','0468ccac-ab4a-4f4e-a133-ba0a659e34f3'),
	(180,56,NULL,15,2,4,'2018-11-17 07:14:51','2018-11-18 06:06:01','6e05c352-c69c-44d8-a9df-50e136a2ebd9'),
	(181,56,NULL,15,2,5,'2018-11-17 07:14:51','2018-11-18 06:06:01','f8336fcd-e4cb-49eb-b319-f60fdb6528a3'),
	(182,56,NULL,15,2,6,'2018-11-17 07:14:52','2018-11-18 06:06:01','d923c6f4-30c0-45f9-a234-3dd42d015866'),
	(184,56,NULL,15,2,8,'2018-11-17 07:16:37','2018-11-18 06:06:01','2efa62a5-06e9-495a-a4e9-ead4ac39335c'),
	(186,50,NULL,15,2,1,'2018-11-17 07:23:51','2018-11-18 06:05:56','811bc69e-99d9-424a-8b68-afade859c383'),
	(199,83,NULL,15,2,1,'2018-11-17 08:09:24','2018-11-18 06:03:21','d9af09c1-6541-4f90-92cd-e6141fea3984'),
	(200,83,NULL,15,2,2,'2018-11-17 08:09:24','2018-11-18 06:03:21','80784b14-0024-4f97-b69b-01ee61552c02'),
	(201,83,NULL,15,2,3,'2018-11-17 08:09:24','2018-11-18 06:03:21','c101f495-7fe0-471a-bca3-0ba222e8d8e3'),
	(202,83,NULL,15,2,4,'2018-11-17 08:09:24','2018-11-18 06:03:21','3f499159-3827-43d2-bc1c-0f24408b561e'),
	(203,83,NULL,15,2,5,'2018-11-17 08:09:24','2018-11-18 06:03:21','c753e9ab-189b-4dc3-becf-239b2760ef7b'),
	(210,77,NULL,15,2,1,'2018-11-17 08:12:42','2018-11-17 08:12:42','a025a3fd-b74e-4723-aa7b-98b71d7fc70a'),
	(211,77,NULL,15,2,2,'2018-11-17 08:12:42','2018-11-17 08:12:42','71248c44-42bb-493e-a216-2819c4ac3318'),
	(212,77,NULL,15,2,3,'2018-11-17 08:12:42','2018-11-17 08:12:42','e03d375b-d696-4191-87d5-b514ee8525fd'),
	(213,77,NULL,15,2,4,'2018-11-17 08:12:42','2018-11-17 08:12:42','084e689c-dca0-408d-98fd-39537ba0f430'),
	(214,77,NULL,15,2,5,'2018-11-17 08:12:42','2018-11-17 08:12:42','d1322883-d930-46d0-82d0-232d03a24b26'),
	(215,77,NULL,15,2,6,'2018-11-17 08:12:42','2018-11-17 08:12:42','ed77d441-f96f-4a8c-8074-c37ea69a7ad6'),
	(217,81,NULL,15,2,1,'2018-11-17 08:21:30','2018-11-17 08:22:16','5f8e2527-528a-4c7b-91e7-a7f234f9c4f8'),
	(220,75,NULL,15,2,1,'2018-11-17 08:26:57','2018-11-18 05:58:06','c4b0b64b-6c3b-4375-8445-c5b34f04aae0'),
	(221,75,NULL,15,2,2,'2018-11-17 08:26:57','2018-11-18 05:58:06','70a82ae9-54b3-43f4-a68b-a65698bdf0a3'),
	(234,73,NULL,15,2,1,'2018-11-17 08:34:30','2018-11-18 06:02:49','d05a473a-9099-4e5d-8848-63015034e220'),
	(235,73,NULL,15,2,2,'2018-11-17 08:34:30','2018-11-18 06:02:50','c93c1551-b0fd-4e7c-a14d-e1f8f34565b6'),
	(236,73,NULL,15,2,3,'2018-11-17 08:34:30','2018-11-18 06:02:50','6959cbf8-ba9d-481d-9095-79002fa29a2e'),
	(240,73,NULL,15,2,5,'2018-11-17 08:34:30','2018-11-18 06:02:50','c1648262-e097-4dc2-922b-548150ef6f9e'),
	(241,73,NULL,15,2,6,'2018-11-17 08:34:30','2018-11-18 06:02:50','5aecdb6a-d103-47aa-9bd9-dd8988d1d9a7'),
	(242,73,NULL,15,2,7,'2018-11-17 08:34:30','2018-11-18 06:02:50','bdd3a55b-c85a-453f-ad08-66904eb4157a'),
	(243,73,NULL,15,2,8,'2018-11-17 08:34:30','2018-11-18 06:02:50','73f761c5-1ef3-47b1-8817-8fe1e42023d7'),
	(251,58,NULL,15,2,1,'2018-11-17 08:39:17','2018-11-17 08:39:17','51bcc8e4-0b21-449e-bd6c-4fcd6b755725'),
	(252,58,NULL,15,2,2,'2018-11-17 08:39:17','2018-11-17 08:39:17','5c925a5b-c289-4dd5-85de-1367d67ef01b'),
	(253,58,NULL,15,2,3,'2018-11-17 08:39:17','2018-11-17 08:39:17','3f6e17bf-4135-469b-b5e9-f857bcb07bfa'),
	(254,58,NULL,15,2,4,'2018-11-17 08:39:17','2018-11-17 08:39:17','d34b590e-8e2b-4071-9961-061f393c7b27'),
	(255,58,NULL,15,2,5,'2018-11-17 08:39:17','2018-11-17 08:39:17','24a5c880-2335-4e32-aedb-6887ec3d5ee1'),
	(256,58,NULL,15,2,6,'2018-11-17 08:39:17','2018-11-17 08:39:17','f91bb2d1-df48-45a8-81ed-1617cf7cc988'),
	(257,58,NULL,15,2,7,'2018-11-17 08:39:17','2018-11-17 08:39:17','1c1ef43a-a8d8-47a3-bf2c-6ae1d918c1f8'),
	(258,58,NULL,15,2,8,'2018-11-17 08:39:17','2018-11-17 08:39:17','a57f090b-e75a-4409-9f6d-7ca33d8f88ce'),
	(260,15,NULL,15,2,1,'2018-11-18 03:11:42','2018-11-18 05:26:03','8e604dd7-fadd-416a-bee1-fe05062aeee5'),
	(263,50,NULL,15,2,2,'2018-11-18 05:51:21','2018-11-18 06:05:56','ed7f612a-6a7b-4764-962e-9deaf8aaf440'),
	(264,50,NULL,15,2,4,'2018-11-18 05:51:21','2018-11-18 06:05:56','02471def-9962-4b29-9666-1b0982346cf3'),
	(265,50,NULL,15,2,5,'2018-11-18 06:00:29','2018-11-18 06:05:56','2494129f-5255-4ec3-b82d-1fc31da5e78c'),
	(267,50,NULL,15,2,3,'2018-11-18 06:01:23','2018-11-18 06:05:56','a574c51d-882a-4b98-94db-62cd7fb64991'),
	(268,73,NULL,15,2,4,'2018-11-18 06:02:50','2018-11-18 06:02:50','48dc9ce2-1d4b-4854-a5d9-9e273919b4a1');

/*!40000 ALTER TABLE `supertableblocks` ENABLE KEYS */;
UNLOCK TABLES;


# Dump of table supertableblocktypes
# ------------------------------------------------------------

DROP TABLE IF EXISTS `supertableblocktypes`;

CREATE TABLE `supertableblocktypes` (
  `id` int(11) NOT NULL AUTO_INCREMENT,
  `fieldId` int(11) NOT NULL,
  `fieldLayoutId` int(11) DEFAULT NULL,
  `dateCreated` datetime NOT NULL,
  `dateUpdated` datetime NOT NULL,
  `uid` char(36) NOT NULL DEFAULT '0',
  PRIMARY KEY (`id`),
  KEY `supertableblocktypes_fieldId_idx` (`fieldId`),
  KEY `supertableblocktypes_fieldLayoutId_idx` (`fieldLayoutId`),
  CONSTRAINT `supertableblocktypes_fieldId_fk` FOREIGN KEY (`fieldId`) REFERENCES `fields` (`id`) ON DELETE CASCADE,
  CONSTRAINT `supertableblocktypes_fieldLayoutId_fk` FOREIGN KEY (`fieldLayoutId`) REFERENCES `fieldlayouts` (`id`) ON DELETE SET NULL
) ENGINE=InnoDB DEFAULT CHARSET=utf8;

LOCK TABLES `supertableblocktypes` WRITE;
/*!40000 ALTER TABLE `supertableblocktypes` DISABLE KEYS */;

INSERT INTO `supertableblocktypes` (`id`, `fieldId`, `fieldLayoutId`, `dateCreated`, `dateUpdated`, `uid`)
VALUES
	(1,2,4,'2018-10-14 05:28:23','2018-10-20 05:49:06','0e39d7a4-5e4b-4f2e-8eb8-0c95e1aff077'),
	(2,15,5,'2018-10-14 05:55:06','2018-11-18 00:34:45','33bc5adf-2874-4611-8d57-7d0df0dc808c'),
	(3,25,6,'2018-10-14 06:21:26','2018-10-14 06:21:43','5eebde1d-266a-4491-b48c-d5a7fe69a269');

/*!40000 ALTER TABLE `supertableblocktypes` ENABLE KEYS */;
UNLOCK TABLES;


# Dump of table systemmessages
# ------------------------------------------------------------

DROP TABLE IF EXISTS `systemmessages`;

CREATE TABLE `systemmessages` (
  `id` int(11) NOT NULL AUTO_INCREMENT,
  `language` varchar(255) NOT NULL,
  `key` varchar(255) NOT NULL,
  `subject` text NOT NULL,
  `body` text NOT NULL,
  `dateCreated` datetime NOT NULL,
  `dateUpdated` datetime NOT NULL,
  `uid` char(36) NOT NULL DEFAULT '0',
  PRIMARY KEY (`id`),
  UNIQUE KEY `systemmessages_key_language_unq_idx` (`key`,`language`),
  KEY `systemmessages_language_idx` (`language`)
) ENGINE=InnoDB DEFAULT CHARSET=utf8;



# Dump of table systemsettings
# ------------------------------------------------------------

DROP TABLE IF EXISTS `systemsettings`;

CREATE TABLE `systemsettings` (
  `id` int(11) NOT NULL AUTO_INCREMENT,
  `category` varchar(15) NOT NULL,
  `settings` text,
  `dateCreated` datetime NOT NULL,
  `dateUpdated` datetime NOT NULL,
  `uid` char(36) NOT NULL DEFAULT '0',
  PRIMARY KEY (`id`),
  UNIQUE KEY `systemsettings_category_unq_idx` (`category`)
) ENGINE=InnoDB DEFAULT CHARSET=utf8;

LOCK TABLES `systemsettings` WRITE;
/*!40000 ALTER TABLE `systemsettings` DISABLE KEYS */;

INSERT INTO `systemsettings` (`id`, `category`, `settings`, `dateCreated`, `dateUpdated`, `uid`)
VALUES
	(1,'email','{\"fromEmail\":\"dan.design.flynn@gmail.com\",\"fromName\":\"Form\",\"transportType\":\"craft\\\\mail\\\\transportadapters\\\\Sendmail\"}','2018-10-14 04:54:50','2018-10-14 04:54:50','89fae54e-9faa-4040-a856-1f1318de6d45');

/*!40000 ALTER TABLE `systemsettings` ENABLE KEYS */;
UNLOCK TABLES;


# Dump of table taggroups
# ------------------------------------------------------------

DROP TABLE IF EXISTS `taggroups`;

CREATE TABLE `taggroups` (
  `id` int(11) NOT NULL AUTO_INCREMENT,
  `name` varchar(255) NOT NULL,
  `handle` varchar(255) NOT NULL,
  `fieldLayoutId` int(11) DEFAULT NULL,
  `dateCreated` datetime NOT NULL,
  `dateUpdated` datetime NOT NULL,
  `uid` char(36) NOT NULL DEFAULT '0',
  PRIMARY KEY (`id`),
  UNIQUE KEY `taggroups_name_unq_idx` (`name`),
  UNIQUE KEY `taggroups_handle_unq_idx` (`handle`),
  KEY `taggroups_fieldLayoutId_fk` (`fieldLayoutId`),
  CONSTRAINT `taggroups_fieldLayoutId_fk` FOREIGN KEY (`fieldLayoutId`) REFERENCES `fieldlayouts` (`id`) ON DELETE SET NULL
) ENGINE=InnoDB DEFAULT CHARSET=utf8;



# Dump of table tags
# ------------------------------------------------------------

DROP TABLE IF EXISTS `tags`;

CREATE TABLE `tags` (
  `id` int(11) NOT NULL,
  `groupId` int(11) NOT NULL,
  `dateCreated` datetime NOT NULL,
  `dateUpdated` datetime NOT NULL,
  `uid` char(36) NOT NULL DEFAULT '0',
  PRIMARY KEY (`id`),
  KEY `tags_groupId_idx` (`groupId`),
  CONSTRAINT `tags_groupId_fk` FOREIGN KEY (`groupId`) REFERENCES `taggroups` (`id`) ON DELETE CASCADE,
  CONSTRAINT `tags_id_fk` FOREIGN KEY (`id`) REFERENCES `elements` (`id`) ON DELETE CASCADE
) ENGINE=InnoDB DEFAULT CHARSET=utf8;



# Dump of table templatecacheelements
# ------------------------------------------------------------

DROP TABLE IF EXISTS `templatecacheelements`;

CREATE TABLE `templatecacheelements` (
  `cacheId` int(11) NOT NULL,
  `elementId` int(11) NOT NULL,
  KEY `templatecacheelements_cacheId_idx` (`cacheId`),
  KEY `templatecacheelements_elementId_idx` (`elementId`),
  CONSTRAINT `templatecacheelements_cacheId_fk` FOREIGN KEY (`cacheId`) REFERENCES `templatecaches` (`id`) ON DELETE CASCADE,
  CONSTRAINT `templatecacheelements_elementId_fk` FOREIGN KEY (`elementId`) REFERENCES `elements` (`id`) ON DELETE CASCADE
) ENGINE=InnoDB DEFAULT CHARSET=utf8;



# Dump of table templatecachequeries
# ------------------------------------------------------------

DROP TABLE IF EXISTS `templatecachequeries`;

CREATE TABLE `templatecachequeries` (
  `id` int(11) NOT NULL AUTO_INCREMENT,
  `cacheId` int(11) NOT NULL,
  `type` varchar(255) NOT NULL,
  `query` longtext NOT NULL,
  PRIMARY KEY (`id`),
  KEY `templatecachequeries_cacheId_idx` (`cacheId`),
  KEY `templatecachequeries_type_idx` (`type`),
  CONSTRAINT `templatecachequeries_cacheId_fk` FOREIGN KEY (`cacheId`) REFERENCES `templatecaches` (`id`) ON DELETE CASCADE
) ENGINE=InnoDB DEFAULT CHARSET=utf8;



# Dump of table templatecaches
# ------------------------------------------------------------

DROP TABLE IF EXISTS `templatecaches`;

CREATE TABLE `templatecaches` (
  `id` int(11) NOT NULL AUTO_INCREMENT,
  `siteId` int(11) NOT NULL,
  `cacheKey` varchar(255) NOT NULL,
  `path` varchar(255) DEFAULT NULL,
  `expiryDate` datetime NOT NULL,
  `body` mediumtext NOT NULL,
  PRIMARY KEY (`id`),
  KEY `templatecaches_cacheKey_siteId_expiryDate_path_idx` (`cacheKey`,`siteId`,`expiryDate`,`path`),
  KEY `templatecaches_cacheKey_siteId_expiryDate_idx` (`cacheKey`,`siteId`,`expiryDate`),
  KEY `templatecaches_siteId_idx` (`siteId`),
  CONSTRAINT `templatecaches_siteId_fk` FOREIGN KEY (`siteId`) REFERENCES `sites` (`id`) ON DELETE CASCADE ON UPDATE CASCADE
) ENGINE=InnoDB DEFAULT CHARSET=utf8;



# Dump of table tokens
# ------------------------------------------------------------

DROP TABLE IF EXISTS `tokens`;

CREATE TABLE `tokens` (
  `id` int(11) NOT NULL AUTO_INCREMENT,
  `token` char(32) NOT NULL,
  `route` text,
  `usageLimit` tinyint(3) unsigned DEFAULT NULL,
  `usageCount` tinyint(3) unsigned DEFAULT NULL,
  `expiryDate` datetime NOT NULL,
  `dateCreated` datetime NOT NULL,
  `dateUpdated` datetime NOT NULL,
  `uid` char(36) NOT NULL DEFAULT '0',
  PRIMARY KEY (`id`),
  UNIQUE KEY `tokens_token_unq_idx` (`token`),
  KEY `tokens_expiryDate_idx` (`expiryDate`)
) ENGINE=InnoDB DEFAULT CHARSET=utf8;



# Dump of table usergroups
# ------------------------------------------------------------

DROP TABLE IF EXISTS `usergroups`;

CREATE TABLE `usergroups` (
  `id` int(11) NOT NULL AUTO_INCREMENT,
  `name` varchar(255) NOT NULL,
  `handle` varchar(255) NOT NULL,
  `dateCreated` datetime NOT NULL,
  `dateUpdated` datetime NOT NULL,
  `uid` char(36) NOT NULL DEFAULT '0',
  PRIMARY KEY (`id`),
  UNIQUE KEY `usergroups_handle_unq_idx` (`handle`),
  UNIQUE KEY `usergroups_name_unq_idx` (`name`)
) ENGINE=InnoDB DEFAULT CHARSET=utf8;



# Dump of table usergroups_users
# ------------------------------------------------------------

DROP TABLE IF EXISTS `usergroups_users`;

CREATE TABLE `usergroups_users` (
  `id` int(11) NOT NULL AUTO_INCREMENT,
  `groupId` int(11) NOT NULL,
  `userId` int(11) NOT NULL,
  `dateCreated` datetime NOT NULL,
  `dateUpdated` datetime NOT NULL,
  `uid` char(36) NOT NULL DEFAULT '0',
  PRIMARY KEY (`id`),
  UNIQUE KEY `usergroups_users_groupId_userId_unq_idx` (`groupId`,`userId`),
  KEY `usergroups_users_userId_idx` (`userId`),
  CONSTRAINT `usergroups_users_groupId_fk` FOREIGN KEY (`groupId`) REFERENCES `usergroups` (`id`) ON DELETE CASCADE,
  CONSTRAINT `usergroups_users_userId_fk` FOREIGN KEY (`userId`) REFERENCES `users` (`id`) ON DELETE CASCADE
) ENGINE=InnoDB DEFAULT CHARSET=utf8;



# Dump of table userpermissions
# ------------------------------------------------------------

DROP TABLE IF EXISTS `userpermissions`;

CREATE TABLE `userpermissions` (
  `id` int(11) NOT NULL AUTO_INCREMENT,
  `name` varchar(255) NOT NULL,
  `dateCreated` datetime NOT NULL,
  `dateUpdated` datetime NOT NULL,
  `uid` char(36) NOT NULL DEFAULT '0',
  PRIMARY KEY (`id`),
  UNIQUE KEY `userpermissions_name_unq_idx` (`name`)
) ENGINE=InnoDB DEFAULT CHARSET=utf8;



# Dump of table userpermissions_usergroups
# ------------------------------------------------------------

DROP TABLE IF EXISTS `userpermissions_usergroups`;

CREATE TABLE `userpermissions_usergroups` (
  `id` int(11) NOT NULL AUTO_INCREMENT,
  `permissionId` int(11) NOT NULL,
  `groupId` int(11) NOT NULL,
  `dateCreated` datetime NOT NULL,
  `dateUpdated` datetime NOT NULL,
  `uid` char(36) NOT NULL DEFAULT '0',
  PRIMARY KEY (`id`),
  UNIQUE KEY `userpermissions_usergroups_permissionId_groupId_unq_idx` (`permissionId`,`groupId`),
  KEY `userpermissions_usergroups_groupId_idx` (`groupId`),
  CONSTRAINT `userpermissions_usergroups_groupId_fk` FOREIGN KEY (`groupId`) REFERENCES `usergroups` (`id`) ON DELETE CASCADE,
  CONSTRAINT `userpermissions_usergroups_permissionId_fk` FOREIGN KEY (`permissionId`) REFERENCES `userpermissions` (`id`) ON DELETE CASCADE
) ENGINE=InnoDB DEFAULT CHARSET=utf8;



# Dump of table userpermissions_users
# ------------------------------------------------------------

DROP TABLE IF EXISTS `userpermissions_users`;

CREATE TABLE `userpermissions_users` (
  `id` int(11) NOT NULL AUTO_INCREMENT,
  `permissionId` int(11) NOT NULL,
  `userId` int(11) NOT NULL,
  `dateCreated` datetime NOT NULL,
  `dateUpdated` datetime NOT NULL,
  `uid` char(36) NOT NULL DEFAULT '0',
  PRIMARY KEY (`id`),
  UNIQUE KEY `userpermissions_users_permissionId_userId_unq_idx` (`permissionId`,`userId`),
  KEY `userpermissions_users_userId_idx` (`userId`),
  CONSTRAINT `userpermissions_users_permissionId_fk` FOREIGN KEY (`permissionId`) REFERENCES `userpermissions` (`id`) ON DELETE CASCADE,
  CONSTRAINT `userpermissions_users_userId_fk` FOREIGN KEY (`userId`) REFERENCES `users` (`id`) ON DELETE CASCADE
) ENGINE=InnoDB DEFAULT CHARSET=utf8;



# Dump of table userpreferences
# ------------------------------------------------------------

DROP TABLE IF EXISTS `userpreferences`;

CREATE TABLE `userpreferences` (
  `userId` int(11) NOT NULL AUTO_INCREMENT,
  `preferences` text,
  PRIMARY KEY (`userId`),
  CONSTRAINT `userpreferences_userId_fk` FOREIGN KEY (`userId`) REFERENCES `users` (`id`) ON DELETE CASCADE
) ENGINE=InnoDB DEFAULT CHARSET=utf8;

LOCK TABLES `userpreferences` WRITE;
/*!40000 ALTER TABLE `userpreferences` DISABLE KEYS */;

INSERT INTO `userpreferences` (`userId`, `preferences`)
VALUES
	(1,'{\"language\":\"en-AU\"}');

/*!40000 ALTER TABLE `userpreferences` ENABLE KEYS */;
UNLOCK TABLES;


# Dump of table users
# ------------------------------------------------------------

DROP TABLE IF EXISTS `users`;

CREATE TABLE `users` (
  `id` int(11) NOT NULL,
  `username` varchar(100) NOT NULL,
  `photoId` int(11) DEFAULT NULL,
  `firstName` varchar(100) DEFAULT NULL,
  `lastName` varchar(100) DEFAULT NULL,
  `email` varchar(255) NOT NULL,
  `password` varchar(255) DEFAULT NULL,
  `admin` tinyint(1) NOT NULL DEFAULT '0',
  `locked` tinyint(1) NOT NULL DEFAULT '0',
  `suspended` tinyint(1) NOT NULL DEFAULT '0',
  `pending` tinyint(1) NOT NULL DEFAULT '0',
  `lastLoginDate` datetime DEFAULT NULL,
  `lastLoginAttemptIp` varchar(45) DEFAULT NULL,
  `invalidLoginWindowStart` datetime DEFAULT NULL,
  `invalidLoginCount` tinyint(3) unsigned DEFAULT NULL,
  `lastInvalidLoginDate` datetime DEFAULT NULL,
  `lockoutDate` datetime DEFAULT NULL,
  `hasDashboard` tinyint(1) NOT NULL DEFAULT '0',
  `verificationCode` varchar(255) DEFAULT NULL,
  `verificationCodeIssuedDate` datetime DEFAULT NULL,
  `unverifiedEmail` varchar(255) DEFAULT NULL,
  `passwordResetRequired` tinyint(1) NOT NULL DEFAULT '0',
  `lastPasswordChangeDate` datetime DEFAULT NULL,
  `dateCreated` datetime NOT NULL,
  `dateUpdated` datetime NOT NULL,
  `uid` char(36) NOT NULL DEFAULT '0',
  PRIMARY KEY (`id`),
  KEY `users_uid_idx` (`uid`),
  KEY `users_verificationCode_idx` (`verificationCode`),
  KEY `users_email_idx` (`email`),
  KEY `users_username_idx` (`username`),
  KEY `users_photoId_fk` (`photoId`),
  CONSTRAINT `users_id_fk` FOREIGN KEY (`id`) REFERENCES `elements` (`id`) ON DELETE CASCADE,
  CONSTRAINT `users_photoId_fk` FOREIGN KEY (`photoId`) REFERENCES `assets` (`id`) ON DELETE SET NULL
) ENGINE=InnoDB DEFAULT CHARSET=utf8;

LOCK TABLES `users` WRITE;
/*!40000 ALTER TABLE `users` DISABLE KEYS */;

INSERT INTO `users` (`id`, `username`, `photoId`, `firstName`, `lastName`, `email`, `password`, `admin`, `locked`, `suspended`, `pending`, `lastLoginDate`, `lastLoginAttemptIp`, `invalidLoginWindowStart`, `invalidLoginCount`, `lastInvalidLoginDate`, `lockoutDate`, `hasDashboard`, `verificationCode`, `verificationCodeIssuedDate`, `unverifiedEmail`, `passwordResetRequired`, `lastPasswordChangeDate`, `dateCreated`, `dateUpdated`, `uid`)
VALUES
	(1,'danflynn',NULL,NULL,NULL,'dan.design.flynn@gmail.com','$2y$13$s43etg0Fte/8hn7HHKEUwuHQXFDOJWlnFLlQIF6Uo8aZ0UdGk7MB6',1,0,0,0,'2018-11-18 05:25:43','127.0.0.1',NULL,NULL,NULL,NULL,1,NULL,NULL,NULL,0,'2018-10-14 04:54:50','2018-10-14 04:54:50','2018-11-18 05:25:43','790d3b9b-6956-41fd-8bd3-e065ab9c2f8f');

/*!40000 ALTER TABLE `users` ENABLE KEYS */;
UNLOCK TABLES;


# Dump of table volumefolders
# ------------------------------------------------------------

DROP TABLE IF EXISTS `volumefolders`;

CREATE TABLE `volumefolders` (
  `id` int(11) NOT NULL AUTO_INCREMENT,
  `parentId` int(11) DEFAULT NULL,
  `volumeId` int(11) DEFAULT NULL,
  `name` varchar(255) NOT NULL,
  `path` varchar(255) DEFAULT NULL,
  `dateCreated` datetime NOT NULL,
  `dateUpdated` datetime NOT NULL,
  `uid` char(36) NOT NULL DEFAULT '0',
  PRIMARY KEY (`id`),
  UNIQUE KEY `volumefolders_name_parentId_volumeId_unq_idx` (`name`,`parentId`,`volumeId`),
  KEY `volumefolders_parentId_idx` (`parentId`),
  KEY `volumefolders_volumeId_idx` (`volumeId`),
  CONSTRAINT `volumefolders_parentId_fk` FOREIGN KEY (`parentId`) REFERENCES `volumefolders` (`id`) ON DELETE CASCADE,
  CONSTRAINT `volumefolders_volumeId_fk` FOREIGN KEY (`volumeId`) REFERENCES `volumes` (`id`) ON DELETE CASCADE
) ENGINE=InnoDB DEFAULT CHARSET=utf8;

LOCK TABLES `volumefolders` WRITE;
/*!40000 ALTER TABLE `volumefolders` DISABLE KEYS */;

INSERT INTO `volumefolders` (`id`, `parentId`, `volumeId`, `name`, `path`, `dateCreated`, `dateUpdated`, `uid`)
VALUES
	(1,NULL,1,'Images','','2018-10-14 05:09:02','2018-10-14 05:09:12','c5ebf7db-5f28-485b-b67c-6dd5f819bfad'),
	(2,NULL,NULL,'Temporary source',NULL,'2018-10-14 05:55:53','2018-10-14 05:55:53','c9e9d57f-ecd7-4db4-a9ef-0e8bd5ba4fe8'),
	(3,2,NULL,'user_1','user_1/','2018-10-14 05:55:53','2018-10-14 05:55:53','d5666869-5a26-4bc7-a03b-ca698031d360'),
	(4,NULL,2,'Videos','','2018-11-17 06:28:59','2018-11-17 06:28:59','a4f7c5fc-500c-44c0-93b8-ff119bf072f8');

/*!40000 ALTER TABLE `volumefolders` ENABLE KEYS */;
UNLOCK TABLES;


# Dump of table volumes
# ------------------------------------------------------------

DROP TABLE IF EXISTS `volumes`;

CREATE TABLE `volumes` (
  `id` int(11) NOT NULL AUTO_INCREMENT,
  `fieldLayoutId` int(11) DEFAULT NULL,
  `name` varchar(255) NOT NULL,
  `handle` varchar(255) NOT NULL,
  `type` varchar(255) NOT NULL,
  `hasUrls` tinyint(1) NOT NULL DEFAULT '1',
  `url` varchar(255) DEFAULT NULL,
  `settings` text,
  `sortOrder` smallint(6) unsigned DEFAULT NULL,
  `dateCreated` datetime NOT NULL,
  `dateUpdated` datetime NOT NULL,
  `uid` char(36) NOT NULL DEFAULT '0',
  PRIMARY KEY (`id`),
  UNIQUE KEY `volumes_name_unq_idx` (`name`),
  UNIQUE KEY `volumes_handle_unq_idx` (`handle`),
  KEY `volumes_fieldLayoutId_idx` (`fieldLayoutId`),
  CONSTRAINT `volumes_fieldLayoutId_fk` FOREIGN KEY (`fieldLayoutId`) REFERENCES `fieldlayouts` (`id`) ON DELETE SET NULL
) ENGINE=InnoDB DEFAULT CHARSET=utf8;

LOCK TABLES `volumes` WRITE;
/*!40000 ALTER TABLE `volumes` DISABLE KEYS */;

INSERT INTO `volumes` (`id`, `fieldLayoutId`, `name`, `handle`, `type`, `hasUrls`, `url`, `settings`, `sortOrder`, `dateCreated`, `dateUpdated`, `uid`)
VALUES
	(1,3,'Images','images','craft\\volumes\\Local',1,'@web/assets/images/','{\"path\":\"../web/assets/images/\"}',1,'2018-10-14 05:09:02','2018-10-14 05:09:12','bafa1c94-7fe8-4b3f-bb01-67065966e2ab'),
	(2,9,'Videos','videos','craft\\volumes\\Local',1,'@web/assets/videos/','{\"path\":\"../web/assets/videos/\"}',2,'2018-11-17 06:28:59','2018-11-17 06:28:59','dc8f955f-96e5-4163-9a91-5b67ef5c4395');

/*!40000 ALTER TABLE `volumes` ENABLE KEYS */;
UNLOCK TABLES;


# Dump of table widgets
# ------------------------------------------------------------

DROP TABLE IF EXISTS `widgets`;

CREATE TABLE `widgets` (
  `id` int(11) NOT NULL AUTO_INCREMENT,
  `userId` int(11) NOT NULL,
  `type` varchar(255) NOT NULL,
  `sortOrder` smallint(6) unsigned DEFAULT NULL,
  `colspan` tinyint(1) NOT NULL DEFAULT '0',
  `settings` text,
  `enabled` tinyint(1) NOT NULL DEFAULT '1',
  `dateCreated` datetime NOT NULL,
  `dateUpdated` datetime NOT NULL,
  `uid` char(36) NOT NULL DEFAULT '0',
  PRIMARY KEY (`id`),
  KEY `widgets_userId_idx` (`userId`),
  CONSTRAINT `widgets_userId_fk` FOREIGN KEY (`userId`) REFERENCES `users` (`id`) ON DELETE CASCADE
) ENGINE=InnoDB DEFAULT CHARSET=utf8;

LOCK TABLES `widgets` WRITE;
/*!40000 ALTER TABLE `widgets` DISABLE KEYS */;

INSERT INTO `widgets` (`id`, `userId`, `type`, `sortOrder`, `colspan`, `settings`, `enabled`, `dateCreated`, `dateUpdated`, `uid`)
VALUES
	(1,1,'craft\\widgets\\RecentEntries',1,0,'{\"section\":\"*\",\"siteId\":\"1\",\"limit\":10}',1,'2018-10-14 04:54:51','2018-10-14 04:54:51','dbf6e40c-2ef0-4ab3-a85f-bf1408b78782'),
	(2,1,'craft\\widgets\\CraftSupport',2,0,'[]',1,'2018-10-14 04:54:51','2018-10-14 04:54:51','9645bdaf-c6c6-465a-9d2d-82bbc42d9754'),
	(3,1,'craft\\widgets\\Updates',3,0,'[]',1,'2018-10-14 04:54:51','2018-10-14 04:54:51','4e7627fb-7d0b-46fb-ab17-f10fd2b2630b'),
	(4,1,'craft\\widgets\\Feed',4,0,'{\"url\":\"https://craftcms.com/news.rss\",\"title\":\"Craft News\",\"limit\":5}',1,'2018-10-14 04:54:51','2018-10-14 04:54:51','03ac3058-5cf4-4e7f-a8b6-44acbbe979b2');

/*!40000 ALTER TABLE `widgets` ENABLE KEYS */;
UNLOCK TABLES;



/*!40111 SET SQL_NOTES=@OLD_SQL_NOTES */;
/*!40101 SET SQL_MODE=@OLD_SQL_MODE */;
/*!40014 SET FOREIGN_KEY_CHECKS=@OLD_FOREIGN_KEY_CHECKS */;
/*!40101 SET CHARACTER_SET_CLIENT=@OLD_CHARACTER_SET_CLIENT */;
/*!40101 SET CHARACTER_SET_RESULTS=@OLD_CHARACTER_SET_RESULTS */;
/*!40101 SET COLLATION_CONNECTION=@OLD_COLLATION_CONNECTION */;
